patient_id,condition,electrode,file_path,contact_name
EL038,concat,aI_R10,\\nasac-m2.unige.ch\m-HumanNeuronLab\ANALYSIS\FLM\Analysis_LoraFanda\01_FBM_Analysis\outputs\04_ersp_LM_RAWONLY\EL038\LM\ERSP_matrix\audio\EL038_audio_WM_ERSP_aI_R10_TN.npy,AIR10
EL042,concat,aI_R10,\\nasac-m2.unige.ch\m-HumanNeuronLab\ANALYSIS\FLM\Analysis_LoraFanda\01_FBM_Analysis\outputs\04_ersp_LM_RAWONLY\EL042\LM\ERSP_matrix\audio\EL042_audio_WM_ERSP_aI_R10_TN.npy,AIR10
EL042,concat,aI_R9,\\nasac-m2.unige.ch\m-HumanNeuronLab\ANALYSIS\FLM\Analysis_LoraFanda\01_FBM_Analysis\outputs\04_ersp_LM_RAWONLY\EL042\LM\ERSP_matrix\audio\EL042_audio_WM_ERSP_aI_R9_TN.npy,AIR9
EL043,concat,pIns1,\\nasac-m2.unige.ch\m-HumanNeuronLab\ANALYSIS\FLM\Analysis_LoraFanda\01_FBM_Analysis\outputs\04_ersp_LM_RAWONLY\EL043\LM\ERSP_matrix\audio\EL043_audio_WM_ERSP_pIns1_TN.npy,PINS1
EL043,concat,pIns7,\\nasac-m2.unige.ch\m-HumanNeuronLab\ANALYSIS\FLM\Analysis_LoraFanda\01_FBM_Analysis\outputs\04_ersp_LM_RAWONLY\EL043\LM\ERSP_matrix\audio\EL043_audio_WM_ERSP_pIns7_TN.npy,PINS7
EL045,concat,PlaT_L4,\\nasac-m2.unige.ch\m-HumanNeuronLab\ANALYSIS\FLM\Analysis_LoraFanda\01_FBM_Analysis\outputs\04_ersp_LM_RAWONLY\EL045\LM\ERSP_matrix\audio\EL045_audio_WM_ERSP_PlaT_L4_TN.npy,PLATL4
EL046,concat,aH_L1,\\nasac-m2.unige.ch\m-HumanNeuronLab\ANALYSIS\FLM\Analysis_LoraFanda\01_FBM_Analysis\outputs\04_ersp_LM_RAWONLY\EL046\LM\ERSP_matrix\audio\EL046_audio_WM_ERSP_aH_L1_TN.npy,AHL1
EL046,concat,aH_L10,\\nasac-m2.unige.ch\m-HumanNeuronLab\ANALYSIS\FLM\Analysis_LoraFanda\01_FBM_Analysis\outputs\04_ersp_LM_RAWONLY\EL046\LM\ERSP_matrix\audio\EL046_audio_WM_ERSP_aH_L10_TN.npy,AHL10
EL046,concat,aH_L11,\\nasac-m2.unige.ch\m-HumanNeuronLab\ANALYSIS\FLM\Analysis_LoraFanda\01_FBM_Analysis\outputs\04_ersp_LM_RAWONLY\EL046\LM\ERSP_matrix\audio\EL046_audio_WM_ERSP_aH_L11_TN.npy,AHL11
EL046,concat,aH_L12,\\nasac-m2.unige.ch\m-HumanNeuronLab\ANALYSIS\FLM\Analysis_LoraFanda\01_FBM_Analysis\outputs\04_ersp_LM_RAWONLY\EL046\LM\ERSP_matrix\audio\EL046_audio_WM_ERSP_aH_L12_TN.npy,AHL12
EL046,concat,aH_L2,\\nasac-m2.unige.ch\m-HumanNeuronLab\ANALYSIS\FLM\Analysis_LoraFanda\01_FBM_Analysis\outputs\04_ersp_LM_RAWONLY\EL046\LM\ERSP_matrix\audio\EL046_audio_WM_ERSP_aH_L2_TN.npy,AHL2
EL046,concat,aH_L3,\\nasac-m2.unige.ch\m-HumanNeuronLab\ANALYSIS\FLM\Analysis_LoraFanda\01_FBM_Analysis\outputs\04_ersp_LM_RAWONLY\EL046\LM\ERSP_matrix\audio\EL046_audio_WM_ERSP_aH_L3_TN.npy,AHL3
EL046,concat,aH_L4,\\nasac-m2.unige.ch\m-HumanNeuronLab\ANALYSIS\FLM\Analysis_LoraFanda\01_FBM_Analysis\outputs\04_ersp_LM_RAWONLY\EL046\LM\ERSP_matrix\audio\EL046_audio_WM_ERSP_aH_L4_TN.npy,AHL4
EL046,concat,aH_L5,\\nasac-m2.unige.ch\m-HumanNeuronLab\ANALYSIS\FLM\Analysis_LoraFanda\01_FBM_Analysis\outputs\04_ersp_LM_RAWONLY\EL046\LM\ERSP_matrix\audio\EL046_audio_WM_ERSP_aH_L5_TN.npy,AHL5
EL046,concat,aH_L9,\\nasac-m2.unige.ch\m-HumanNeuronLab\ANALYSIS\FLM\Analysis_LoraFanda\01_FBM_Analysis\outputs\04_ersp_LM_RAWONLY\EL046\LM\ERSP_matrix\audio\EL046_audio_WM_ERSP_aH_L9_TN.npy,AHL9
EL046,concat,aH_R1,\\nasac-m2.unige.ch\m-HumanNeuronLab\ANALYSIS\FLM\Analysis_LoraFanda\01_FBM_Analysis\outputs\04_ersp_LM_RAWONLY\EL046\LM\ERSP_matrix\audio\EL046_audio_WM_ERSP_aH_R1_TN.npy,AHR1
EL046,concat,aH_R10,\\nasac-m2.unige.ch\m-HumanNeuronLab\ANALYSIS\FLM\Analysis_LoraFanda\01_FBM_Analysis\outputs\04_ersp_LM_RAWONLY\EL046\LM\ERSP_matrix\audio\EL046_audio_WM_ERSP_aH_R10_TN.npy,AHR10
EL046,concat,aH_R11,\\nasac-m2.unige.ch\m-HumanNeuronLab\ANALYSIS\FLM\Analysis_LoraFanda\01_FBM_Analysis\outputs\04_ersp_LM_RAWONLY\EL046\LM\ERSP_matrix\audio\EL046_audio_WM_ERSP_aH_R11_TN.npy,AHR11
EL046,concat,aH_R12,\\nasac-m2.unige.ch\m-HumanNeuronLab\ANALYSIS\FLM\Analysis_LoraFanda\01_FBM_Analysis\outputs\04_ersp_LM_RAWONLY\EL046\LM\ERSP_matrix\audio\EL046_audio_WM_ERSP_aH_R12_TN.npy,AHR12
EL046,concat,aH_R2,\\nasac-m2.unige.ch\m-HumanNeuronLab\ANALYSIS\FLM\Analysis_LoraFanda\01_FBM_Analysis\outputs\04_ersp_LM_RAWONLY\EL046\LM\ERSP_matrix\audio\EL046_audio_WM_ERSP_aH_R2_TN.npy,AHR2
EL046,concat,aH_R3,\\nasac-m2.unige.ch\m-HumanNeuronLab\ANALYSIS\FLM\Analysis_LoraFanda\01_FBM_Analysis\outputs\04_ersp_LM_RAWONLY\EL046\LM\ERSP_matrix\audio\EL046_audio_WM_ERSP_aH_R3_TN.npy,AHR3
EL046,concat,aH_R4,\\nasac-m2.unige.ch\m-HumanNeuronLab\ANALYSIS\FLM\Analysis_LoraFanda\01_FBM_Analysis\outputs\04_ersp_LM_RAWONLY\EL046\LM\ERSP_matrix\audio\EL046_audio_WM_ERSP_aH_R4_TN.npy,AHR4
EL046,concat,aH_R5,\\nasac-m2.unige.ch\m-HumanNeuronLab\ANALYSIS\FLM\Analysis_LoraFanda\01_FBM_Analysis\outputs\04_ersp_LM_RAWONLY\EL046\LM\ERSP_matrix\audio\EL046_audio_WM_ERSP_aH_R5_TN.npy,AHR5
EL046,concat,aH_R6,\\nasac-m2.unige.ch\m-HumanNeuronLab\ANALYSIS\FLM\Analysis_LoraFanda\01_FBM_Analysis\outputs\04_ersp_LM_RAWONLY\EL046\LM\ERSP_matrix\audio\EL046_audio_WM_ERSP_aH_R6_TN.npy,AHR6
EL046,concat,aH_R9,\\nasac-m2.unige.ch\m-HumanNeuronLab\ANALYSIS\FLM\Analysis_LoraFanda\01_FBM_Analysis\outputs\04_ersp_LM_RAWONLY\EL046\LM\ERSP_matrix\audio\EL046_audio_WM_ERSP_aH_R9_TN.npy,AHR9
EL046,concat,aI_L1,\\nasac-m2.unige.ch\m-HumanNeuronLab\ANALYSIS\FLM\Analysis_LoraFanda\01_FBM_Analysis\outputs\04_ersp_LM_RAWONLY\EL046\LM\ERSP_matrix\audio\EL046_audio_WM_ERSP_aI_L1_TN.npy,AIL1
EL046,concat,aI_L10,\\nasac-m2.unige.ch\m-HumanNeuronLab\ANALYSIS\FLM\Analysis_LoraFanda\01_FBM_Analysis\outputs\04_ersp_LM_RAWONLY\EL046\LM\ERSP_matrix\audio\EL046_audio_WM_ERSP_aI_L10_TN.npy,AIL10
EL046,concat,aI_L11,\\nasac-m2.unige.ch\m-HumanNeuronLab\ANALYSIS\FLM\Analysis_LoraFanda\01_FBM_Analysis\outputs\04_ersp_LM_RAWONLY\EL046\LM\ERSP_matrix\audio\EL046_audio_WM_ERSP_aI_L11_TN.npy,AIL11
EL046,concat,aI_L15,\\nasac-m2.unige.ch\m-HumanNeuronLab\ANALYSIS\FLM\Analysis_LoraFanda\01_FBM_Analysis\outputs\04_ersp_LM_RAWONLY\EL046\LM\ERSP_matrix\audio\EL046_audio_WM_ERSP_aI_L15_TN.npy,AIL15
EL046,concat,aI_L16,\\nasac-m2.unige.ch\m-HumanNeuronLab\ANALYSIS\FLM\Analysis_LoraFanda\01_FBM_Analysis\outputs\04_ersp_LM_RAWONLY\EL046\LM\ERSP_matrix\audio\EL046_audio_WM_ERSP_aI_L16_TN.npy,AIL16
EL046,concat,aI_L17,\\nasac-m2.unige.ch\m-HumanNeuronLab\ANALYSIS\FLM\Analysis_LoraFanda\01_FBM_Analysis\outputs\04_ersp_LM_RAWONLY\EL046\LM\ERSP_matrix\audio\EL046_audio_WM_ERSP_aI_L17_TN.npy,AIL17
EL046,concat,aI_L18,\\nasac-m2.unige.ch\m-HumanNeuronLab\ANALYSIS\FLM\Analysis_LoraFanda\01_FBM_Analysis\outputs\04_ersp_LM_RAWONLY\EL046\LM\ERSP_matrix\audio\EL046_audio_WM_ERSP_aI_L18_TN.npy,AIL18
EL046,concat,aI_L2,\\nasac-m2.unige.ch\m-HumanNeuronLab\ANALYSIS\FLM\Analysis_LoraFanda\01_FBM_Analysis\outputs\04_ersp_LM_RAWONLY\EL046\LM\ERSP_matrix\audio\EL046_audio_WM_ERSP_aI_L2_TN.npy,AIL2
EL046,concat,aI_L3,\\nasac-m2.unige.ch\m-HumanNeuronLab\ANALYSIS\FLM\Analysis_LoraFanda\01_FBM_Analysis\outputs\04_ersp_LM_RAWONLY\EL046\LM\ERSP_matrix\audio\EL046_audio_WM_ERSP_aI_L3_TN.npy,AIL3
EL046,concat,aI_L4,\\nasac-m2.unige.ch\m-HumanNeuronLab\ANALYSIS\FLM\Analysis_LoraFanda\01_FBM_Analysis\outputs\04_ersp_LM_RAWONLY\EL046\LM\ERSP_matrix\audio\EL046_audio_WM_ERSP_aI_L4_TN.npy,AIL4
EL046,concat,aI_L5,\\nasac-m2.unige.ch\m-HumanNeuronLab\ANALYSIS\FLM\Analysis_LoraFanda\01_FBM_Analysis\outputs\04_ersp_LM_RAWONLY\EL046\LM\ERSP_matrix\audio\EL046_audio_WM_ERSP_aI_L5_TN.npy,AIL5
EL046,concat,aI_L7,\\nasac-m2.unige.ch\m-HumanNeuronLab\ANALYSIS\FLM\Analysis_LoraFanda\01_FBM_Analysis\outputs\04_ersp_LM_RAWONLY\EL046\LM\ERSP_matrix\audio\EL046_audio_WM_ERSP_aI_L7_TN.npy,AIL7
EL046,concat,A_L1,\\nasac-m2.unige.ch\m-HumanNeuronLab\ANALYSIS\FLM\Analysis_LoraFanda\01_FBM_Analysis\outputs\04_ersp_LM_RAWONLY\EL046\LM\ERSP_matrix\audio\EL046_audio_WM_ERSP_A_L1_TN.npy,AL1
EL046,concat,A_L10,\\nasac-m2.unige.ch\m-HumanNeuronLab\ANALYSIS\FLM\Analysis_LoraFanda\01_FBM_Analysis\outputs\04_ersp_LM_RAWONLY\EL046\LM\ERSP_matrix\audio\EL046_audio_WM_ERSP_A_L10_TN.npy,AL10
EL046,concat,A_L11,\\nasac-m2.unige.ch\m-HumanNeuronLab\ANALYSIS\FLM\Analysis_LoraFanda\01_FBM_Analysis\outputs\04_ersp_LM_RAWONLY\EL046\LM\ERSP_matrix\audio\EL046_audio_WM_ERSP_A_L11_TN.npy,AL11
EL046,concat,A_L12,\\nasac-m2.unige.ch\m-HumanNeuronLab\ANALYSIS\FLM\Analysis_LoraFanda\01_FBM_Analysis\outputs\04_ersp_LM_RAWONLY\EL046\LM\ERSP_matrix\audio\EL046_audio_WM_ERSP_A_L12_TN.npy,AL12
EL046,concat,A_L2,\\nasac-m2.unige.ch\m-HumanNeuronLab\ANALYSIS\FLM\Analysis_LoraFanda\01_FBM_Analysis\outputs\04_ersp_LM_RAWONLY\EL046\LM\ERSP_matrix\audio\EL046_audio_WM_ERSP_A_L2_TN.npy,AL2
EL046,concat,A_L3,\\nasac-m2.unige.ch\m-HumanNeuronLab\ANALYSIS\FLM\Analysis_LoraFanda\01_FBM_Analysis\outputs\04_ersp_LM_RAWONLY\EL046\LM\ERSP_matrix\audio\EL046_audio_WM_ERSP_A_L3_TN.npy,AL3
EL046,concat,A_L4,\\nasac-m2.unige.ch\m-HumanNeuronLab\ANALYSIS\FLM\Analysis_LoraFanda\01_FBM_Analysis\outputs\04_ersp_LM_RAWONLY\EL046\LM\ERSP_matrix\audio\EL046_audio_WM_ERSP_A_L4_TN.npy,AL4
EL046,concat,A_L8,\\nasac-m2.unige.ch\m-HumanNeuronLab\ANALYSIS\FLM\Analysis_LoraFanda\01_FBM_Analysis\outputs\04_ersp_LM_RAWONLY\EL046\LM\ERSP_matrix\audio\EL046_audio_WM_ERSP_A_L8_TN.npy,AL8
EL046,concat,A_L9,\\nasac-m2.unige.ch\m-HumanNeuronLab\ANALYSIS\FLM\Analysis_LoraFanda\01_FBM_Analysis\outputs\04_ersp_LM_RAWONLY\EL046\LM\ERSP_matrix\audio\EL046_audio_WM_ERSP_A_L9_TN.npy,AL9
EL046,concat,FOp_L1,\\nasac-m2.unige.ch\m-HumanNeuronLab\ANALYSIS\FLM\Analysis_LoraFanda\01_FBM_Analysis\outputs\04_ersp_LM_RAWONLY\EL046\LM\ERSP_matrix\audio\EL046_audio_WM_ERSP_FOp_L1_TN.npy,FOPL1
EL046,concat,FOp_L6,\\nasac-m2.unige.ch\m-HumanNeuronLab\ANALYSIS\FLM\Analysis_LoraFanda\01_FBM_Analysis\outputs\04_ersp_LM_RAWONLY\EL046\LM\ERSP_matrix\audio\EL046_audio_WM_ERSP_FOp_L6_TN.npy,FOPL6
EL046,concat,FOp_L7,\\nasac-m2.unige.ch\m-HumanNeuronLab\ANALYSIS\FLM\Analysis_LoraFanda\01_FBM_Analysis\outputs\04_ersp_LM_RAWONLY\EL046\LM\ERSP_matrix\audio\EL046_audio_WM_ERSP_FOp_L7_TN.npy,FOPL7
EL046,concat,Fp_L1,\\nasac-m2.unige.ch\m-HumanNeuronLab\ANALYSIS\FLM\Analysis_LoraFanda\01_FBM_Analysis\outputs\04_ersp_LM_RAWONLY\EL046\LM\ERSP_matrix\audio\EL046_audio_WM_ERSP_Fp_L1_TN.npy,FPL1
EL046,concat,Fp_L10,\\nasac-m2.unige.ch\m-HumanNeuronLab\ANALYSIS\FLM\Analysis_LoraFanda\01_FBM_Analysis\outputs\04_ersp_LM_RAWONLY\EL046\LM\ERSP_matrix\audio\EL046_audio_WM_ERSP_Fp_L10_TN.npy,FPL10
EL046,concat,Fp_L11,\\nasac-m2.unige.ch\m-HumanNeuronLab\ANALYSIS\FLM\Analysis_LoraFanda\01_FBM_Analysis\outputs\04_ersp_LM_RAWONLY\EL046\LM\ERSP_matrix\audio\EL046_audio_WM_ERSP_Fp_L11_TN.npy,FPL11
EL046,concat,Fp_L12,\\nasac-m2.unige.ch\m-HumanNeuronLab\ANALYSIS\FLM\Analysis_LoraFanda\01_FBM_Analysis\outputs\04_ersp_LM_RAWONLY\EL046\LM\ERSP_matrix\audio\EL046_audio_WM_ERSP_Fp_L12_TN.npy,FPL12
EL046,concat,Fp_L2,\\nasac-m2.unige.ch\m-HumanNeuronLab\ANALYSIS\FLM\Analysis_LoraFanda\01_FBM_Analysis\outputs\04_ersp_LM_RAWONLY\EL046\LM\ERSP_matrix\audio\EL046_audio_WM_ERSP_Fp_L2_TN.npy,FPL2
EL046,concat,Fp_L3,\\nasac-m2.unige.ch\m-HumanNeuronLab\ANALYSIS\FLM\Analysis_LoraFanda\01_FBM_Analysis\outputs\04_ersp_LM_RAWONLY\EL046\LM\ERSP_matrix\audio\EL046_audio_WM_ERSP_Fp_L3_TN.npy,FPL3
EL046,concat,Fp_L-5,\\nasac-m2.unige.ch\m-HumanNeuronLab\ANALYSIS\FLM\Analysis_LoraFanda\01_FBM_Analysis\outputs\04_ersp_LM_RAWONLY\EL046\LM\ERSP_matrix\audio\EL046_audio_WM_ERSP_Fp_L-5_TN.npy,FPL5
EL046,concat,Fp_L-6,\\nasac-m2.unige.ch\m-HumanNeuronLab\ANALYSIS\FLM\Analysis_LoraFanda\01_FBM_Analysis\outputs\04_ersp_LM_RAWONLY\EL046\LM\ERSP_matrix\audio\EL046_audio_WM_ERSP_Fp_L-6_TN.npy,FPL6
EL046,concat,Fp_L-7,\\nasac-m2.unige.ch\m-HumanNeuronLab\ANALYSIS\FLM\Analysis_LoraFanda\01_FBM_Analysis\outputs\04_ersp_LM_RAWONLY\EL046\LM\ERSP_matrix\audio\EL046_audio_WM_ERSP_Fp_L-7_TN.npy,FPL7
EL046,concat,Fp_L-8,\\nasac-m2.unige.ch\m-HumanNeuronLab\ANALYSIS\FLM\Analysis_LoraFanda\01_FBM_Analysis\outputs\04_ersp_LM_RAWONLY\EL046\LM\ERSP_matrix\audio\EL046_audio_WM_ERSP_Fp_L-8_TN.npy,FPL8
EL046,concat,OF_L1,\\nasac-m2.unige.ch\m-HumanNeuronLab\ANALYSIS\FLM\Analysis_LoraFanda\01_FBM_Analysis\outputs\04_ersp_LM_RAWONLY\EL046\LM\ERSP_matrix\audio\EL046_audio_WM_ERSP_OF_L1_TN.npy,OFL1
EL046,concat,OF_L10,\\nasac-m2.unige.ch\m-HumanNeuronLab\ANALYSIS\FLM\Analysis_LoraFanda\01_FBM_Analysis\outputs\04_ersp_LM_RAWONLY\EL046\LM\ERSP_matrix\audio\EL046_audio_WM_ERSP_OF_L10_TN.npy,OFL10
EL046,concat,OF_L11,\\nasac-m2.unige.ch\m-HumanNeuronLab\ANALYSIS\FLM\Analysis_LoraFanda\01_FBM_Analysis\outputs\04_ersp_LM_RAWONLY\EL046\LM\ERSP_matrix\audio\EL046_audio_WM_ERSP_OF_L11_TN.npy,OFL11
EL046,concat,OF_L12,\\nasac-m2.unige.ch\m-HumanNeuronLab\ANALYSIS\FLM\Analysis_LoraFanda\01_FBM_Analysis\outputs\04_ersp_LM_RAWONLY\EL046\LM\ERSP_matrix\audio\EL046_audio_WM_ERSP_OF_L12_TN.npy,OFL12
EL046,concat,OF_L13,\\nasac-m2.unige.ch\m-HumanNeuronLab\ANALYSIS\FLM\Analysis_LoraFanda\01_FBM_Analysis\outputs\04_ersp_LM_RAWONLY\EL046\LM\ERSP_matrix\audio\EL046_audio_WM_ERSP_OF_L13_TN.npy,OFL13
EL046,concat,OF_L14,\\nasac-m2.unige.ch\m-HumanNeuronLab\ANALYSIS\FLM\Analysis_LoraFanda\01_FBM_Analysis\outputs\04_ersp_LM_RAWONLY\EL046\LM\ERSP_matrix\audio\EL046_audio_WM_ERSP_OF_L14_TN.npy,OFL14
EL046,concat,OF_L2,\\nasac-m2.unige.ch\m-HumanNeuronLab\ANALYSIS\FLM\Analysis_LoraFanda\01_FBM_Analysis\outputs\04_ersp_LM_RAWONLY\EL046\LM\ERSP_matrix\audio\EL046_audio_WM_ERSP_OF_L2_TN.npy,OFL2
EL046,concat,OF_L3,\\nasac-m2.unige.ch\m-HumanNeuronLab\ANALYSIS\FLM\Analysis_LoraFanda\01_FBM_Analysis\outputs\04_ersp_LM_RAWONLY\EL046\LM\ERSP_matrix\audio\EL046_audio_WM_ERSP_OF_L3_TN.npy,OFL3
EL046,concat,OF_L4,\\nasac-m2.unige.ch\m-HumanNeuronLab\ANALYSIS\FLM\Analysis_LoraFanda\01_FBM_Analysis\outputs\04_ersp_LM_RAWONLY\EL046\LM\ERSP_matrix\audio\EL046_audio_WM_ERSP_OF_L4_TN.npy,OFL4
EL046,concat,OF_L5,\\nasac-m2.unige.ch\m-HumanNeuronLab\ANALYSIS\FLM\Analysis_LoraFanda\01_FBM_Analysis\outputs\04_ersp_LM_RAWONLY\EL046\LM\ERSP_matrix\audio\EL046_audio_WM_ERSP_OF_L5_TN.npy,OFL5
EL046,concat,OF_L6,\\nasac-m2.unige.ch\m-HumanNeuronLab\ANALYSIS\FLM\Analysis_LoraFanda\01_FBM_Analysis\outputs\04_ersp_LM_RAWONLY\EL046\LM\ERSP_matrix\audio\EL046_audio_WM_ERSP_OF_L6_TN.npy,OFL6
EL046,concat,OF_L7,\\nasac-m2.unige.ch\m-HumanNeuronLab\ANALYSIS\FLM\Analysis_LoraFanda\01_FBM_Analysis\outputs\04_ersp_LM_RAWONLY\EL046\LM\ERSP_matrix\audio\EL046_audio_WM_ERSP_OF_L7_TN.npy,OFL7
EL046,concat,OF_L8,\\nasac-m2.unige.ch\m-HumanNeuronLab\ANALYSIS\FLM\Analysis_LoraFanda\01_FBM_Analysis\outputs\04_ersp_LM_RAWONLY\EL046\LM\ERSP_matrix\audio\EL046_audio_WM_ERSP_OF_L8_TN.npy,OFL8
EL046,concat,OF_L9,\\nasac-m2.unige.ch\m-HumanNeuronLab\ANALYSIS\FLM\Analysis_LoraFanda\01_FBM_Analysis\outputs\04_ersp_LM_RAWONLY\EL046\LM\ERSP_matrix\audio\EL046_audio_WM_ERSP_OF_L9_TN.npy,OFL9
EL046,concat,pH_L1,\\nasac-m2.unige.ch\m-HumanNeuronLab\ANALYSIS\FLM\Analysis_LoraFanda\01_FBM_Analysis\outputs\04_ersp_LM_RAWONLY\EL046\LM\ERSP_matrix\audio\EL046_audio_WM_ERSP_pH_L1_TN.npy,PHL1
EL046,concat,pH_L12,\\nasac-m2.unige.ch\m-HumanNeuronLab\ANALYSIS\FLM\Analysis_LoraFanda\01_FBM_Analysis\outputs\04_ersp_LM_RAWONLY\EL046\LM\ERSP_matrix\audio\EL046_audio_WM_ERSP_pH_L12_TN.npy,PHL12
EL046,concat,pH_L13,\\nasac-m2.unige.ch\m-HumanNeuronLab\ANALYSIS\FLM\Analysis_LoraFanda\01_FBM_Analysis\outputs\04_ersp_LM_RAWONLY\EL046\LM\ERSP_matrix\audio\EL046_audio_WM_ERSP_pH_L13_TN.npy,PHL13
EL046,concat,pH_L14,\\nasac-m2.unige.ch\m-HumanNeuronLab\ANALYSIS\FLM\Analysis_LoraFanda\01_FBM_Analysis\outputs\04_ersp_LM_RAWONLY\EL046\LM\ERSP_matrix\audio\EL046_audio_WM_ERSP_pH_L14_TN.npy,PHL14
EL046,concat,pH_L15,\\nasac-m2.unige.ch\m-HumanNeuronLab\ANALYSIS\FLM\Analysis_LoraFanda\01_FBM_Analysis\outputs\04_ersp_LM_RAWONLY\EL046\LM\ERSP_matrix\audio\EL046_audio_WM_ERSP_pH_L15_TN.npy,PHL15
EL046,concat,pH_L2,\\nasac-m2.unige.ch\m-HumanNeuronLab\ANALYSIS\FLM\Analysis_LoraFanda\01_FBM_Analysis\outputs\04_ersp_LM_RAWONLY\EL046\LM\ERSP_matrix\audio\EL046_audio_WM_ERSP_pH_L2_TN.npy,PHL2
EL046,concat,pH_L3,\\nasac-m2.unige.ch\m-HumanNeuronLab\ANALYSIS\FLM\Analysis_LoraFanda\01_FBM_Analysis\outputs\04_ersp_LM_RAWONLY\EL046\LM\ERSP_matrix\audio\EL046_audio_WM_ERSP_pH_L3_TN.npy,PHL3
EL046,concat,pH_L4,\\nasac-m2.unige.ch\m-HumanNeuronLab\ANALYSIS\FLM\Analysis_LoraFanda\01_FBM_Analysis\outputs\04_ersp_LM_RAWONLY\EL046\LM\ERSP_matrix\audio\EL046_audio_WM_ERSP_pH_L4_TN.npy,PHL4
EL046,concat,pH_L5,\\nasac-m2.unige.ch\m-HumanNeuronLab\ANALYSIS\FLM\Analysis_LoraFanda\01_FBM_Analysis\outputs\04_ersp_LM_RAWONLY\EL046\LM\ERSP_matrix\audio\EL046_audio_WM_ERSP_pH_L5_TN.npy,PHL5
EL046,concat,pH_L6,\\nasac-m2.unige.ch\m-HumanNeuronLab\ANALYSIS\FLM\Analysis_LoraFanda\01_FBM_Analysis\outputs\04_ersp_LM_RAWONLY\EL046\LM\ERSP_matrix\audio\EL046_audio_WM_ERSP_pH_L6_TN.npy,PHL6
EL046,concat,pI_L18,\\nasac-m2.unige.ch\m-HumanNeuronLab\ANALYSIS\FLM\Analysis_LoraFanda\01_FBM_Analysis\outputs\04_ersp_LM_RAWONLY\EL046\LM\ERSP_matrix\audio\EL046_audio_WM_ERSP_pI_L18_TN.npy,PIL18
EL046,concat,pI_L2,\\nasac-m2.unige.ch\m-HumanNeuronLab\ANALYSIS\FLM\Analysis_LoraFanda\01_FBM_Analysis\outputs\04_ersp_LM_RAWONLY\EL046\LM\ERSP_matrix\audio\EL046_audio_WM_ERSP_pI_L2_TN.npy,PIL2
EL046,concat,pI_L3,\\nasac-m2.unige.ch\m-HumanNeuronLab\ANALYSIS\FLM\Analysis_LoraFanda\01_FBM_Analysis\outputs\04_ersp_LM_RAWONLY\EL046\LM\ERSP_matrix\audio\EL046_audio_WM_ERSP_pI_L3_TN.npy,PIL3
PAT_6953,concat,AD1,\\nasac-m2.unige.ch\m-HumanNeuronLab\ANALYSIS\FLM\Analysis_LoraFanda\01_FBM_Analysis\outputs\04_ersp_LM_RAWONLY\PAT_6953\LM\ERSP_matrix\audio\PAT_6953_audio_WM_ERSP_AD1_TN.npy,AD1
PAT_6953,concat,AD10,\\nasac-m2.unige.ch\m-HumanNeuronLab\ANALYSIS\FLM\Analysis_LoraFanda\01_FBM_Analysis\outputs\04_ersp_LM_RAWONLY\PAT_6953\LM\ERSP_matrix\audio\PAT_6953_audio_WM_ERSP_AD10_TN.npy,AD10
PAT_6953,concat,AD11,\\nasac-m2.unige.ch\m-HumanNeuronLab\ANALYSIS\FLM\Analysis_LoraFanda\01_FBM_Analysis\outputs\04_ersp_LM_RAWONLY\PAT_6953\LM\ERSP_matrix\audio\PAT_6953_audio_WM_ERSP_AD11_TN.npy,AD11
PAT_6953,concat,AD12,\\nasac-m2.unige.ch\m-HumanNeuronLab\ANALYSIS\FLM\Analysis_LoraFanda\01_FBM_Analysis\outputs\04_ersp_LM_RAWONLY\PAT_6953\LM\ERSP_matrix\audio\PAT_6953_audio_WM_ERSP_AD12_TN.npy,AD12
PAT_6953,concat,AD2,\\nasac-m2.unige.ch\m-HumanNeuronLab\ANALYSIS\FLM\Analysis_LoraFanda\01_FBM_Analysis\outputs\04_ersp_LM_RAWONLY\PAT_6953\LM\ERSP_matrix\audio\PAT_6953_audio_WM_ERSP_AD2_TN.npy,AD2
PAT_6953,concat,AD3,\\nasac-m2.unige.ch\m-HumanNeuronLab\ANALYSIS\FLM\Analysis_LoraFanda\01_FBM_Analysis\outputs\04_ersp_LM_RAWONLY\PAT_6953\LM\ERSP_matrix\audio\PAT_6953_audio_WM_ERSP_AD3_TN.npy,AD3
PAT_6953,concat,AD4,\\nasac-m2.unige.ch\m-HumanNeuronLab\ANALYSIS\FLM\Analysis_LoraFanda\01_FBM_Analysis\outputs\04_ersp_LM_RAWONLY\PAT_6953\LM\ERSP_matrix\audio\PAT_6953_audio_WM_ERSP_AD4_TN.npy,AD4
PAT_6953,concat,AD5,\\nasac-m2.unige.ch\m-HumanNeuronLab\ANALYSIS\FLM\Analysis_LoraFanda\01_FBM_Analysis\outputs\04_ersp_LM_RAWONLY\PAT_6953\LM\ERSP_matrix\audio\PAT_6953_audio_WM_ERSP_AD5_TN.npy,AD5
PAT_6953,concat,AD6,\\nasac-m2.unige.ch\m-HumanNeuronLab\ANALYSIS\FLM\Analysis_LoraFanda\01_FBM_Analysis\outputs\04_ersp_LM_RAWONLY\PAT_6953\LM\ERSP_matrix\audio\PAT_6953_audio_WM_ERSP_AD6_TN.npy,AD6
PAT_6953,concat,AD9,\\nasac-m2.unige.ch\m-HumanNeuronLab\ANALYSIS\FLM\Analysis_LoraFanda\01_FBM_Analysis\outputs\04_ersp_LM_RAWONLY\PAT_6953\LM\ERSP_matrix\audio\PAT_6953_audio_WM_ERSP_AD9_TN.npy,AD9
PAT_6953,concat,FOD10,\\nasac-m2.unige.ch\m-HumanNeuronLab\ANALYSIS\FLM\Analysis_LoraFanda\01_FBM_Analysis\outputs\04_ersp_LM_RAWONLY\PAT_6953\LM\ERSP_matrix\audio\PAT_6953_audio_WM_ERSP_FOD10_TN.npy,FOD10
PAT_6953,concat,FOD12,\\nasac-m2.unige.ch\m-HumanNeuronLab\ANALYSIS\FLM\Analysis_LoraFanda\01_FBM_Analysis\outputs\04_ersp_LM_RAWONLY\PAT_6953\LM\ERSP_matrix\audio\PAT_6953_audio_WM_ERSP_FOD12_TN.npy,FOD12
PAT_6953,concat,FOD2,\\nasac-m2.unige.ch\m-HumanNeuronLab\ANALYSIS\FLM\Analysis_LoraFanda\01_FBM_Analysis\outputs\04_ersp_LM_RAWONLY\PAT_6953\LM\ERSP_matrix\audio\PAT_6953_audio_WM_ERSP_FOD2_TN.npy,FOD2
PAT_6953,concat,FOD3,\\nasac-m2.unige.ch\m-HumanNeuronLab\ANALYSIS\FLM\Analysis_LoraFanda\01_FBM_Analysis\outputs\04_ersp_LM_RAWONLY\PAT_6953\LM\ERSP_matrix\audio\PAT_6953_audio_WM_ERSP_FOD3_TN.npy,FOD3
PAT_6953,concat,FOD4,\\nasac-m2.unige.ch\m-HumanNeuronLab\ANALYSIS\FLM\Analysis_LoraFanda\01_FBM_Analysis\outputs\04_ersp_LM_RAWONLY\PAT_6953\LM\ERSP_matrix\audio\PAT_6953_audio_WM_ERSP_FOD4_TN.npy,FOD4
PAT_6953,concat,FOD5,\\nasac-m2.unige.ch\m-HumanNeuronLab\ANALYSIS\FLM\Analysis_LoraFanda\01_FBM_Analysis\outputs\04_ersp_LM_RAWONLY\PAT_6953\LM\ERSP_matrix\audio\PAT_6953_audio_WM_ERSP_FOD5_TN.npy,FOD5
PAT_6953,concat,FOD6,\\nasac-m2.unige.ch\m-HumanNeuronLab\ANALYSIS\FLM\Analysis_LoraFanda\01_FBM_Analysis\outputs\04_ersp_LM_RAWONLY\PAT_6953\LM\ERSP_matrix\audio\PAT_6953_audio_WM_ERSP_FOD6_TN.npy,FOD6
PAT_6953,concat,FOD7,\\nasac-m2.unige.ch\m-HumanNeuronLab\ANALYSIS\FLM\Analysis_LoraFanda\01_FBM_Analysis\outputs\04_ersp_LM_RAWONLY\PAT_6953\LM\ERSP_matrix\audio\PAT_6953_audio_WM_ERSP_FOD7_TN.npy,FOD7
PAT_6953,concat,FOD8,\\nasac-m2.unige.ch\m-HumanNeuronLab\ANALYSIS\FLM\Analysis_LoraFanda\01_FBM_Analysis\outputs\04_ersp_LM_RAWONLY\PAT_6953\LM\ERSP_matrix\audio\PAT_6953_audio_WM_ERSP_FOD8_TN.npy,FOD8
PAT_6953,concat,FOD9,\\nasac-m2.unige.ch\m-HumanNeuronLab\ANALYSIS\FLM\Analysis_LoraFanda\01_FBM_Analysis\outputs\04_ersp_LM_RAWONLY\PAT_6953\LM\ERSP_matrix\audio\PAT_6953_audio_WM_ERSP_FOD9_TN.npy,FOD9
PAT_6953,concat,GHD1,\\nasac-m2.unige.ch\m-HumanNeuronLab\ANALYSIS\FLM\Analysis_LoraFanda\01_FBM_Analysis\outputs\04_ersp_LM_RAWONLY\PAT_6953\LM\ERSP_matrix\audio\PAT_6953_audio_WM_ERSP_GHD1_TN.npy,GHD1
PAT_6953,concat,GHD2,\\nasac-m2.unige.ch\m-HumanNeuronLab\ANALYSIS\FLM\Analysis_LoraFanda\01_FBM_Analysis\outputs\04_ersp_LM_RAWONLY\PAT_6953\LM\ERSP_matrix\audio\PAT_6953_audio_WM_ERSP_GHD2_TN.npy,GHD2
PAT_6953,concat,GHD3,\\nasac-m2.unige.ch\m-HumanNeuronLab\ANALYSIS\FLM\Analysis_LoraFanda\01_FBM_Analysis\outputs\04_ersp_LM_RAWONLY\PAT_6953\LM\ERSP_matrix\audio\PAT_6953_audio_WM_ERSP_GHD3_TN.npy,GHD3
PAT_6953,concat,GHD4,\\nasac-m2.unige.ch\m-HumanNeuronLab\ANALYSIS\FLM\Analysis_LoraFanda\01_FBM_Analysis\outputs\04_ersp_LM_RAWONLY\PAT_6953\LM\ERSP_matrix\audio\PAT_6953_audio_WM_ERSP_GHD4_TN.npy,GHD4
PAT_6953,concat,GHD5,\\nasac-m2.unige.ch\m-HumanNeuronLab\ANALYSIS\FLM\Analysis_LoraFanda\01_FBM_Analysis\outputs\04_ersp_LM_RAWONLY\PAT_6953\LM\ERSP_matrix\audio\PAT_6953_audio_WM_ERSP_GHD5_TN.npy,GHD5
PAT_6953,concat,GHD6,\\nasac-m2.unige.ch\m-HumanNeuronLab\ANALYSIS\FLM\Analysis_LoraFanda\01_FBM_Analysis\outputs\04_ersp_LM_RAWONLY\PAT_6953\LM\ERSP_matrix\audio\PAT_6953_audio_WM_ERSP_GHD6_TN.npy,GHD6
PAT_6953,concat,GHD7,\\nasac-m2.unige.ch\m-HumanNeuronLab\ANALYSIS\FLM\Analysis_LoraFanda\01_FBM_Analysis\outputs\04_ersp_LM_RAWONLY\PAT_6953\LM\ERSP_matrix\audio\PAT_6953_audio_WM_ERSP_GHD7_TN.npy,GHD7
PAT_6953,concat,GHD8,\\nasac-m2.unige.ch\m-HumanNeuronLab\ANALYSIS\FLM\Analysis_LoraFanda\01_FBM_Analysis\outputs\04_ersp_LM_RAWONLY\PAT_6953\LM\ERSP_matrix\audio\PAT_6953_audio_WM_ERSP_GHD8_TN.npy,GHD8
PAT_6953,concat,HAD1,\\nasac-m2.unige.ch\m-HumanNeuronLab\ANALYSIS\FLM\Analysis_LoraFanda\01_FBM_Analysis\outputs\04_ersp_LM_RAWONLY\PAT_6953\LM\ERSP_matrix\audio\PAT_6953_audio_WM_ERSP_HAD1_TN.npy,HAD1
PAT_6953,concat,HAD10,\\nasac-m2.unige.ch\m-HumanNeuronLab\ANALYSIS\FLM\Analysis_LoraFanda\01_FBM_Analysis\outputs\04_ersp_LM_RAWONLY\PAT_6953\LM\ERSP_matrix\audio\PAT_6953_audio_WM_ERSP_HAD10_TN.npy,HAD10
PAT_6953,concat,HAD2,\\nasac-m2.unige.ch\m-HumanNeuronLab\ANALYSIS\FLM\Analysis_LoraFanda\01_FBM_Analysis\outputs\04_ersp_LM_RAWONLY\PAT_6953\LM\ERSP_matrix\audio\PAT_6953_audio_WM_ERSP_HAD2_TN.npy,HAD2
PAT_6953,concat,HAD3,\\nasac-m2.unige.ch\m-HumanNeuronLab\ANALYSIS\FLM\Analysis_LoraFanda\01_FBM_Analysis\outputs\04_ersp_LM_RAWONLY\PAT_6953\LM\ERSP_matrix\audio\PAT_6953_audio_WM_ERSP_HAD3_TN.npy,HAD3
PAT_6953,concat,HAD4,\\nasac-m2.unige.ch\m-HumanNeuronLab\ANALYSIS\FLM\Analysis_LoraFanda\01_FBM_Analysis\outputs\04_ersp_LM_RAWONLY\PAT_6953\LM\ERSP_matrix\audio\PAT_6953_audio_WM_ERSP_HAD4_TN.npy,HAD4
PAT_6953,concat,HAD5,\\nasac-m2.unige.ch\m-HumanNeuronLab\ANALYSIS\FLM\Analysis_LoraFanda\01_FBM_Analysis\outputs\04_ersp_LM_RAWONLY\PAT_6953\LM\ERSP_matrix\audio\PAT_6953_audio_WM_ERSP_HAD5_TN.npy,HAD5
PAT_6953,concat,HAD7,\\nasac-m2.unige.ch\m-HumanNeuronLab\ANALYSIS\FLM\Analysis_LoraFanda\01_FBM_Analysis\outputs\04_ersp_LM_RAWONLY\PAT_6953\LM\ERSP_matrix\audio\PAT_6953_audio_WM_ERSP_HAD7_TN.npy,HAD7
PAT_6953,concat,HAD8,\\nasac-m2.unige.ch\m-HumanNeuronLab\ANALYSIS\FLM\Analysis_LoraFanda\01_FBM_Analysis\outputs\04_ersp_LM_RAWONLY\PAT_6953\LM\ERSP_matrix\audio\PAT_6953_audio_WM_ERSP_HAD8_TN.npy,HAD8
PAT_6953,concat,HAD9,\\nasac-m2.unige.ch\m-HumanNeuronLab\ANALYSIS\FLM\Analysis_LoraFanda\01_FBM_Analysis\outputs\04_ersp_LM_RAWONLY\PAT_6953\LM\ERSP_matrix\audio\PAT_6953_audio_WM_ERSP_HAD9_TN.npy,HAD9
PAT_6953,concat,HAG1,\\nasac-m2.unige.ch\m-HumanNeuronLab\ANALYSIS\FLM\Analysis_LoraFanda\01_FBM_Analysis\outputs\04_ersp_LM_RAWONLY\PAT_6953\LM\ERSP_matrix\audio\PAT_6953_audio_WM_ERSP_HAG1_TN.npy,HAG1
PAT_6953,concat,HAG10,\\nasac-m2.unige.ch\m-HumanNeuronLab\ANALYSIS\FLM\Analysis_LoraFanda\01_FBM_Analysis\outputs\04_ersp_LM_RAWONLY\PAT_6953\LM\ERSP_matrix\audio\PAT_6953_audio_WM_ERSP_HAG10_TN.npy,HAG10
PAT_6953,concat,HAG2,\\nasac-m2.unige.ch\m-HumanNeuronLab\ANALYSIS\FLM\Analysis_LoraFanda\01_FBM_Analysis\outputs\04_ersp_LM_RAWONLY\PAT_6953\LM\ERSP_matrix\audio\PAT_6953_audio_WM_ERSP_HAG2_TN.npy,HAG2
PAT_6953,concat,HAG3,\\nasac-m2.unige.ch\m-HumanNeuronLab\ANALYSIS\FLM\Analysis_LoraFanda\01_FBM_Analysis\outputs\04_ersp_LM_RAWONLY\PAT_6953\LM\ERSP_matrix\audio\PAT_6953_audio_WM_ERSP_HAG3_TN.npy,HAG3
PAT_6953,concat,HAG4,\\nasac-m2.unige.ch\m-HumanNeuronLab\ANALYSIS\FLM\Analysis_LoraFanda\01_FBM_Analysis\outputs\04_ersp_LM_RAWONLY\PAT_6953\LM\ERSP_matrix\audio\PAT_6953_audio_WM_ERSP_HAG4_TN.npy,HAG4
PAT_6953,concat,HAG5,\\nasac-m2.unige.ch\m-HumanNeuronLab\ANALYSIS\FLM\Analysis_LoraFanda\01_FBM_Analysis\outputs\04_ersp_LM_RAWONLY\PAT_6953\LM\ERSP_matrix\audio\PAT_6953_audio_WM_ERSP_HAG5_TN.npy,HAG5
PAT_6953,concat,HAG6,\\nasac-m2.unige.ch\m-HumanNeuronLab\ANALYSIS\FLM\Analysis_LoraFanda\01_FBM_Analysis\outputs\04_ersp_LM_RAWONLY\PAT_6953\LM\ERSP_matrix\audio\PAT_6953_audio_WM_ERSP_HAG6_TN.npy,HAG6
PAT_6953,concat,HAG7,\\nasac-m2.unige.ch\m-HumanNeuronLab\ANALYSIS\FLM\Analysis_LoraFanda\01_FBM_Analysis\outputs\04_ersp_LM_RAWONLY\PAT_6953\LM\ERSP_matrix\audio\PAT_6953_audio_WM_ERSP_HAG7_TN.npy,HAG7
PAT_6953,concat,HAG8,\\nasac-m2.unige.ch\m-HumanNeuronLab\ANALYSIS\FLM\Analysis_LoraFanda\01_FBM_Analysis\outputs\04_ersp_LM_RAWONLY\PAT_6953\LM\ERSP_matrix\audio\PAT_6953_audio_WM_ERSP_HAG8_TN.npy,HAG8
PAT_6953,concat,HAG9,\\nasac-m2.unige.ch\m-HumanNeuronLab\ANALYSIS\FLM\Analysis_LoraFanda\01_FBM_Analysis\outputs\04_ersp_LM_RAWONLY\PAT_6953\LM\ERSP_matrix\audio\PAT_6953_audio_WM_ERSP_HAG9_TN.npy,HAG9
PAT_6953,concat,HPD1,\\nasac-m2.unige.ch\m-HumanNeuronLab\ANALYSIS\FLM\Analysis_LoraFanda\01_FBM_Analysis\outputs\04_ersp_LM_RAWONLY\PAT_6953\LM\ERSP_matrix\audio\PAT_6953_audio_WM_ERSP_HPD1_TN.npy,HPD1
PAT_6953,concat,HPD10,\\nasac-m2.unige.ch\m-HumanNeuronLab\ANALYSIS\FLM\Analysis_LoraFanda\01_FBM_Analysis\outputs\04_ersp_LM_RAWONLY\PAT_6953\LM\ERSP_matrix\audio\PAT_6953_audio_WM_ERSP_HPD10_TN.npy,HPD10
PAT_6953,concat,HPD2,\\nasac-m2.unige.ch\m-HumanNeuronLab\ANALYSIS\FLM\Analysis_LoraFanda\01_FBM_Analysis\outputs\04_ersp_LM_RAWONLY\PAT_6953\LM\ERSP_matrix\audio\PAT_6953_audio_WM_ERSP_HPD2_TN.npy,HPD2
PAT_6953,concat,HPD3,\\nasac-m2.unige.ch\m-HumanNeuronLab\ANALYSIS\FLM\Analysis_LoraFanda\01_FBM_Analysis\outputs\04_ersp_LM_RAWONLY\PAT_6953\LM\ERSP_matrix\audio\PAT_6953_audio_WM_ERSP_HPD3_TN.npy,HPD3
PAT_6953,concat,HPD6,\\nasac-m2.unige.ch\m-HumanNeuronLab\ANALYSIS\FLM\Analysis_LoraFanda\01_FBM_Analysis\outputs\04_ersp_LM_RAWONLY\PAT_6953\LM\ERSP_matrix\audio\PAT_6953_audio_WM_ERSP_HPD6_TN.npy,HPD6
PAT_6953,concat,HPD7,\\nasac-m2.unige.ch\m-HumanNeuronLab\ANALYSIS\FLM\Analysis_LoraFanda\01_FBM_Analysis\outputs\04_ersp_LM_RAWONLY\PAT_6953\LM\ERSP_matrix\audio\PAT_6953_audio_WM_ERSP_HPD7_TN.npy,HPD7
PAT_6953,concat,HPD8,\\nasac-m2.unige.ch\m-HumanNeuronLab\ANALYSIS\FLM\Analysis_LoraFanda\01_FBM_Analysis\outputs\04_ersp_LM_RAWONLY\PAT_6953\LM\ERSP_matrix\audio\PAT_6953_audio_WM_ERSP_HPD8_TN.npy,HPD8
PAT_6953,concat,HPD9,\\nasac-m2.unige.ch\m-HumanNeuronLab\ANALYSIS\FLM\Analysis_LoraFanda\01_FBM_Analysis\outputs\04_ersp_LM_RAWONLY\PAT_6953\LM\ERSP_matrix\audio\PAT_6953_audio_WM_ERSP_HPD9_TN.npy,HPD9
PAT_6953,concat,IAD1,\\nasac-m2.unige.ch\m-HumanNeuronLab\ANALYSIS\FLM\Analysis_LoraFanda\01_FBM_Analysis\outputs\04_ersp_LM_RAWONLY\PAT_6953\LM\ERSP_matrix\audio\PAT_6953_audio_WM_ERSP_IAD1_TN.npy,IAD1
PAT_6953,concat,IAD11,\\nasac-m2.unige.ch\m-HumanNeuronLab\ANALYSIS\FLM\Analysis_LoraFanda\01_FBM_Analysis\outputs\04_ersp_LM_RAWONLY\PAT_6953\LM\ERSP_matrix\audio\PAT_6953_audio_WM_ERSP_IAD11_TN.npy,IAD11
PAT_6953,concat,IAD13,\\nasac-m2.unige.ch\m-HumanNeuronLab\ANALYSIS\FLM\Analysis_LoraFanda\01_FBM_Analysis\outputs\04_ersp_LM_RAWONLY\PAT_6953\LM\ERSP_matrix\audio\PAT_6953_audio_WM_ERSP_IAD13_TN.npy,IAD13
PAT_6953,concat,IAD14,\\nasac-m2.unige.ch\m-HumanNeuronLab\ANALYSIS\FLM\Analysis_LoraFanda\01_FBM_Analysis\outputs\04_ersp_LM_RAWONLY\PAT_6953\LM\ERSP_matrix\audio\PAT_6953_audio_WM_ERSP_IAD14_TN.npy,IAD14
PAT_6953,concat,IAD15,\\nasac-m2.unige.ch\m-HumanNeuronLab\ANALYSIS\FLM\Analysis_LoraFanda\01_FBM_Analysis\outputs\04_ersp_LM_RAWONLY\PAT_6953\LM\ERSP_matrix\audio\PAT_6953_audio_WM_ERSP_IAD15_TN.npy,IAD15
PAT_6953,concat,IAD2,\\nasac-m2.unige.ch\m-HumanNeuronLab\ANALYSIS\FLM\Analysis_LoraFanda\01_FBM_Analysis\outputs\04_ersp_LM_RAWONLY\PAT_6953\LM\ERSP_matrix\audio\PAT_6953_audio_WM_ERSP_IAD2_TN.npy,IAD2
PAT_6953,concat,IAD3,\\nasac-m2.unige.ch\m-HumanNeuronLab\ANALYSIS\FLM\Analysis_LoraFanda\01_FBM_Analysis\outputs\04_ersp_LM_RAWONLY\PAT_6953\LM\ERSP_matrix\audio\PAT_6953_audio_WM_ERSP_IAD3_TN.npy,IAD3
PAT_6953,concat,IAD4,\\nasac-m2.unige.ch\m-HumanNeuronLab\ANALYSIS\FLM\Analysis_LoraFanda\01_FBM_Analysis\outputs\04_ersp_LM_RAWONLY\PAT_6953\LM\ERSP_matrix\audio\PAT_6953_audio_WM_ERSP_IAD4_TN.npy,IAD4
PAT_6953,concat,IAD5,\\nasac-m2.unige.ch\m-HumanNeuronLab\ANALYSIS\FLM\Analysis_LoraFanda\01_FBM_Analysis\outputs\04_ersp_LM_RAWONLY\PAT_6953\LM\ERSP_matrix\audio\PAT_6953_audio_WM_ERSP_IAD5_TN.npy,IAD5
PAT_6953,concat,IAD6,\\nasac-m2.unige.ch\m-HumanNeuronLab\ANALYSIS\FLM\Analysis_LoraFanda\01_FBM_Analysis\outputs\04_ersp_LM_RAWONLY\PAT_6953\LM\ERSP_matrix\audio\PAT_6953_audio_WM_ERSP_IAD6_TN.npy,IAD6
PAT_6953,concat,IAD7,\\nasac-m2.unige.ch\m-HumanNeuronLab\ANALYSIS\FLM\Analysis_LoraFanda\01_FBM_Analysis\outputs\04_ersp_LM_RAWONLY\PAT_6953\LM\ERSP_matrix\audio\PAT_6953_audio_WM_ERSP_IAD7_TN.npy,IAD7
PAT_6953,concat,IAD8,\\nasac-m2.unige.ch\m-HumanNeuronLab\ANALYSIS\FLM\Analysis_LoraFanda\01_FBM_Analysis\outputs\04_ersp_LM_RAWONLY\PAT_6953\LM\ERSP_matrix\audio\PAT_6953_audio_WM_ERSP_IAD8_TN.npy,IAD8
PAT_6953,concat,IMD1,\\nasac-m2.unige.ch\m-HumanNeuronLab\ANALYSIS\FLM\Analysis_LoraFanda\01_FBM_Analysis\outputs\04_ersp_LM_RAWONLY\PAT_6953\LM\ERSP_matrix\audio\PAT_6953_audio_WM_ERSP_IMD1_TN.npy,IMD1
PAT_6953,concat,IMD10,\\nasac-m2.unige.ch\m-HumanNeuronLab\ANALYSIS\FLM\Analysis_LoraFanda\01_FBM_Analysis\outputs\04_ersp_LM_RAWONLY\PAT_6953\LM\ERSP_matrix\audio\PAT_6953_audio_WM_ERSP_IMD10_TN.npy,IMD10
PAT_6953,concat,IMD11,\\nasac-m2.unige.ch\m-HumanNeuronLab\ANALYSIS\FLM\Analysis_LoraFanda\01_FBM_Analysis\outputs\04_ersp_LM_RAWONLY\PAT_6953\LM\ERSP_matrix\audio\PAT_6953_audio_WM_ERSP_IMD11_TN.npy,IMD11
PAT_6953,concat,IMD12,\\nasac-m2.unige.ch\m-HumanNeuronLab\ANALYSIS\FLM\Analysis_LoraFanda\01_FBM_Analysis\outputs\04_ersp_LM_RAWONLY\PAT_6953\LM\ERSP_matrix\audio\PAT_6953_audio_WM_ERSP_IMD12_TN.npy,IMD12
PAT_6953,concat,IMD13,\\nasac-m2.unige.ch\m-HumanNeuronLab\ANALYSIS\FLM\Analysis_LoraFanda\01_FBM_Analysis\outputs\04_ersp_LM_RAWONLY\PAT_6953\LM\ERSP_matrix\audio\PAT_6953_audio_WM_ERSP_IMD13_TN.npy,IMD13
PAT_6953,concat,IMD14,\\nasac-m2.unige.ch\m-HumanNeuronLab\ANALYSIS\FLM\Analysis_LoraFanda\01_FBM_Analysis\outputs\04_ersp_LM_RAWONLY\PAT_6953\LM\ERSP_matrix\audio\PAT_6953_audio_WM_ERSP_IMD14_TN.npy,IMD14
PAT_6953,concat,IMD15,\\nasac-m2.unige.ch\m-HumanNeuronLab\ANALYSIS\FLM\Analysis_LoraFanda\01_FBM_Analysis\outputs\04_ersp_LM_RAWONLY\PAT_6953\LM\ERSP_matrix\audio\PAT_6953_audio_WM_ERSP_IMD15_TN.npy,IMD15
PAT_6953,concat,IMD6,\\nasac-m2.unige.ch\m-HumanNeuronLab\ANALYSIS\FLM\Analysis_LoraFanda\01_FBM_Analysis\outputs\04_ersp_LM_RAWONLY\PAT_6953\LM\ERSP_matrix\audio\PAT_6953_audio_WM_ERSP_IMD6_TN.npy,IMD6
PAT_6953,concat,IMD7,\\nasac-m2.unige.ch\m-HumanNeuronLab\ANALYSIS\FLM\Analysis_LoraFanda\01_FBM_Analysis\outputs\04_ersp_LM_RAWONLY\PAT_6953\LM\ERSP_matrix\audio\PAT_6953_audio_WM_ERSP_IMD7_TN.npy,IMD7
PAT_6953,concat,IMD8,\\nasac-m2.unige.ch\m-HumanNeuronLab\ANALYSIS\FLM\Analysis_LoraFanda\01_FBM_Analysis\outputs\04_ersp_LM_RAWONLY\PAT_6953\LM\ERSP_matrix\audio\PAT_6953_audio_WM_ERSP_IMD8_TN.npy,IMD8
PAT_6953,concat,IMD9,\\nasac-m2.unige.ch\m-HumanNeuronLab\ANALYSIS\FLM\Analysis_LoraFanda\01_FBM_Analysis\outputs\04_ersp_LM_RAWONLY\PAT_6953\LM\ERSP_matrix\audio\PAT_6953_audio_WM_ERSP_IMD9_TN.npy,IMD9
PAT_6953,concat,IPD10,\\nasac-m2.unige.ch\m-HumanNeuronLab\ANALYSIS\FLM\Analysis_LoraFanda\01_FBM_Analysis\outputs\04_ersp_LM_RAWONLY\PAT_6953\LM\ERSP_matrix\audio\PAT_6953_audio_WM_ERSP_IPD10_TN.npy,IPD10
PAT_6953,concat,IPD11,\\nasac-m2.unige.ch\m-HumanNeuronLab\ANALYSIS\FLM\Analysis_LoraFanda\01_FBM_Analysis\outputs\04_ersp_LM_RAWONLY\PAT_6953\LM\ERSP_matrix\audio\PAT_6953_audio_WM_ERSP_IPD11_TN.npy,IPD11
PAT_6953,concat,IPD12,\\nasac-m2.unige.ch\m-HumanNeuronLab\ANALYSIS\FLM\Analysis_LoraFanda\01_FBM_Analysis\outputs\04_ersp_LM_RAWONLY\PAT_6953\LM\ERSP_matrix\audio\PAT_6953_audio_WM_ERSP_IPD12_TN.npy,IPD12
PAT_6953,concat,IPD13,\\nasac-m2.unige.ch\m-HumanNeuronLab\ANALYSIS\FLM\Analysis_LoraFanda\01_FBM_Analysis\outputs\04_ersp_LM_RAWONLY\PAT_6953\LM\ERSP_matrix\audio\PAT_6953_audio_WM_ERSP_IPD13_TN.npy,IPD13
PAT_6953,concat,IPD14,\\nasac-m2.unige.ch\m-HumanNeuronLab\ANALYSIS\FLM\Analysis_LoraFanda\01_FBM_Analysis\outputs\04_ersp_LM_RAWONLY\PAT_6953\LM\ERSP_matrix\audio\PAT_6953_audio_WM_ERSP_IPD14_TN.npy,IPD14
PAT_6953,concat,IPD15,\\nasac-m2.unige.ch\m-HumanNeuronLab\ANALYSIS\FLM\Analysis_LoraFanda\01_FBM_Analysis\outputs\04_ersp_LM_RAWONLY\PAT_6953\LM\ERSP_matrix\audio\PAT_6953_audio_WM_ERSP_IPD15_TN.npy,IPD15
PAT_6953,concat,IPD16,\\nasac-m2.unige.ch\m-HumanNeuronLab\ANALYSIS\FLM\Analysis_LoraFanda\01_FBM_Analysis\outputs\04_ersp_LM_RAWONLY\PAT_6953\LM\ERSP_matrix\audio\PAT_6953_audio_WM_ERSP_IPD16_TN.npy,IPD16
PAT_6953,concat,IPD3,\\nasac-m2.unige.ch\m-HumanNeuronLab\ANALYSIS\FLM\Analysis_LoraFanda\01_FBM_Analysis\outputs\04_ersp_LM_RAWONLY\PAT_6953\LM\ERSP_matrix\audio\PAT_6953_audio_WM_ERSP_IPD3_TN.npy,IPD3
PAT_6953,concat,IPD4,\\nasac-m2.unige.ch\m-HumanNeuronLab\ANALYSIS\FLM\Analysis_LoraFanda\01_FBM_Analysis\outputs\04_ersp_LM_RAWONLY\PAT_6953\LM\ERSP_matrix\audio\PAT_6953_audio_WM_ERSP_IPD4_TN.npy,IPD4
PAT_6953,concat,IPD5,\\nasac-m2.unige.ch\m-HumanNeuronLab\ANALYSIS\FLM\Analysis_LoraFanda\01_FBM_Analysis\outputs\04_ersp_LM_RAWONLY\PAT_6953\LM\ERSP_matrix\audio\PAT_6953_audio_WM_ERSP_IPD5_TN.npy,IPD5
PAT_6953,concat,IPD7,\\nasac-m2.unige.ch\m-HumanNeuronLab\ANALYSIS\FLM\Analysis_LoraFanda\01_FBM_Analysis\outputs\04_ersp_LM_RAWONLY\PAT_6953\LM\ERSP_matrix\audio\PAT_6953_audio_WM_ERSP_IPD7_TN.npy,IPD7
PAT_6953,concat,OID1,\\nasac-m2.unige.ch\m-HumanNeuronLab\ANALYSIS\FLM\Analysis_LoraFanda\01_FBM_Analysis\outputs\04_ersp_LM_RAWONLY\PAT_6953\LM\ERSP_matrix\audio\PAT_6953_audio_WM_ERSP_OID1_TN.npy,OID1
PAT_6953,concat,OID10,\\nasac-m2.unige.ch\m-HumanNeuronLab\ANALYSIS\FLM\Analysis_LoraFanda\01_FBM_Analysis\outputs\04_ersp_LM_RAWONLY\PAT_6953\LM\ERSP_matrix\audio\PAT_6953_audio_WM_ERSP_OID10_TN.npy,OID10
PAT_6953,concat,OID2,\\nasac-m2.unige.ch\m-HumanNeuronLab\ANALYSIS\FLM\Analysis_LoraFanda\01_FBM_Analysis\outputs\04_ersp_LM_RAWONLY\PAT_6953\LM\ERSP_matrix\audio\PAT_6953_audio_WM_ERSP_OID2_TN.npy,OID2
PAT_6953,concat,OID3,\\nasac-m2.unige.ch\m-HumanNeuronLab\ANALYSIS\FLM\Analysis_LoraFanda\01_FBM_Analysis\outputs\04_ersp_LM_RAWONLY\PAT_6953\LM\ERSP_matrix\audio\PAT_6953_audio_WM_ERSP_OID3_TN.npy,OID3
PAT_6953,concat,OID4,\\nasac-m2.unige.ch\m-HumanNeuronLab\ANALYSIS\FLM\Analysis_LoraFanda\01_FBM_Analysis\outputs\04_ersp_LM_RAWONLY\PAT_6953\LM\ERSP_matrix\audio\PAT_6953_audio_WM_ERSP_OID4_TN.npy,OID4
PAT_6953,concat,OID5,\\nasac-m2.unige.ch\m-HumanNeuronLab\ANALYSIS\FLM\Analysis_LoraFanda\01_FBM_Analysis\outputs\04_ersp_LM_RAWONLY\PAT_6953\LM\ERSP_matrix\audio\PAT_6953_audio_WM_ERSP_OID5_TN.npy,OID5
PAT_6953,concat,OID6,\\nasac-m2.unige.ch\m-HumanNeuronLab\ANALYSIS\FLM\Analysis_LoraFanda\01_FBM_Analysis\outputs\04_ersp_LM_RAWONLY\PAT_6953\LM\ERSP_matrix\audio\PAT_6953_audio_WM_ERSP_OID6_TN.npy,OID6
PAT_6953,concat,OID7,\\nasac-m2.unige.ch\m-HumanNeuronLab\ANALYSIS\FLM\Analysis_LoraFanda\01_FBM_Analysis\outputs\04_ersp_LM_RAWONLY\PAT_6953\LM\ERSP_matrix\audio\PAT_6953_audio_WM_ERSP_OID7_TN.npy,OID7
PAT_6953,concat,OID8,\\nasac-m2.unige.ch\m-HumanNeuronLab\ANALYSIS\FLM\Analysis_LoraFanda\01_FBM_Analysis\outputs\04_ersp_LM_RAWONLY\PAT_6953\LM\ERSP_matrix\audio\PAT_6953_audio_WM_ERSP_OID8_TN.npy,OID8
PAT_6953,concat,OID9,\\nasac-m2.unige.ch\m-HumanNeuronLab\ANALYSIS\FLM\Analysis_LoraFanda\01_FBM_Analysis\outputs\04_ersp_LM_RAWONLY\PAT_6953\LM\ERSP_matrix\audio\PAT_6953_audio_WM_ERSP_OID9_TN.npy,OID9
PAT_6953,concat,OSD10,\\nasac-m2.unige.ch\m-HumanNeuronLab\ANALYSIS\FLM\Analysis_LoraFanda\01_FBM_Analysis\outputs\04_ersp_LM_RAWONLY\PAT_6953\LM\ERSP_matrix\audio\PAT_6953_audio_WM_ERSP_OSD10_TN.npy,OSD10
PAT_6953,concat,OSD11,\\nasac-m2.unige.ch\m-HumanNeuronLab\ANALYSIS\FLM\Analysis_LoraFanda\01_FBM_Analysis\outputs\04_ersp_LM_RAWONLY\PAT_6953\LM\ERSP_matrix\audio\PAT_6953_audio_WM_ERSP_OSD11_TN.npy,OSD11
PAT_6953,concat,OSD12,\\nasac-m2.unige.ch\m-HumanNeuronLab\ANALYSIS\FLM\Analysis_LoraFanda\01_FBM_Analysis\outputs\04_ersp_LM_RAWONLY\PAT_6953\LM\ERSP_matrix\audio\PAT_6953_audio_WM_ERSP_OSD12_TN.npy,OSD12
PAT_6953,concat,OSD3,\\nasac-m2.unige.ch\m-HumanNeuronLab\ANALYSIS\FLM\Analysis_LoraFanda\01_FBM_Analysis\outputs\04_ersp_LM_RAWONLY\PAT_6953\LM\ERSP_matrix\audio\PAT_6953_audio_WM_ERSP_OSD3_TN.npy,OSD3
PAT_6953,concat,OSD5,\\nasac-m2.unige.ch\m-HumanNeuronLab\ANALYSIS\FLM\Analysis_LoraFanda\01_FBM_Analysis\outputs\04_ersp_LM_RAWONLY\PAT_6953\LM\ERSP_matrix\audio\PAT_6953_audio_WM_ERSP_OSD5_TN.npy,OSD5
PAT_6953,concat,OSD6,\\nasac-m2.unige.ch\m-HumanNeuronLab\ANALYSIS\FLM\Analysis_LoraFanda\01_FBM_Analysis\outputs\04_ersp_LM_RAWONLY\PAT_6953\LM\ERSP_matrix\audio\PAT_6953_audio_WM_ERSP_OSD6_TN.npy,OSD6
PAT_6953,concat,OSD7,\\nasac-m2.unige.ch\m-HumanNeuronLab\ANALYSIS\FLM\Analysis_LoraFanda\01_FBM_Analysis\outputs\04_ersp_LM_RAWONLY\PAT_6953\LM\ERSP_matrix\audio\PAT_6953_audio_WM_ERSP_OSD7_TN.npy,OSD7
PAT_6953,concat,OSD9,\\nasac-m2.unige.ch\m-HumanNeuronLab\ANALYSIS\FLM\Analysis_LoraFanda\01_FBM_Analysis\outputs\04_ersp_LM_RAWONLY\PAT_6953\LM\ERSP_matrix\audio\PAT_6953_audio_WM_ERSP_OSD9_TN.npy,OSD9
PAT_6953,concat,PHD10,\\nasac-m2.unige.ch\m-HumanNeuronLab\ANALYSIS\FLM\Analysis_LoraFanda\01_FBM_Analysis\outputs\04_ersp_LM_RAWONLY\PAT_6953\LM\ERSP_matrix\audio\PAT_6953_audio_WM_ERSP_PHD10_TN.npy,PHD10
PAT_6953,concat,PHD11,\\nasac-m2.unige.ch\m-HumanNeuronLab\ANALYSIS\FLM\Analysis_LoraFanda\01_FBM_Analysis\outputs\04_ersp_LM_RAWONLY\PAT_6953\LM\ERSP_matrix\audio\PAT_6953_audio_WM_ERSP_PHD11_TN.npy,PHD11
PAT_6953,concat,PHD12,\\nasac-m2.unige.ch\m-HumanNeuronLab\ANALYSIS\FLM\Analysis_LoraFanda\01_FBM_Analysis\outputs\04_ersp_LM_RAWONLY\PAT_6953\LM\ERSP_matrix\audio\PAT_6953_audio_WM_ERSP_PHD12_TN.npy,PHD12
PAT_6953,concat,PHD2,\\nasac-m2.unige.ch\m-HumanNeuronLab\ANALYSIS\FLM\Analysis_LoraFanda\01_FBM_Analysis\outputs\04_ersp_LM_RAWONLY\PAT_6953\LM\ERSP_matrix\audio\PAT_6953_audio_WM_ERSP_PHD2_TN.npy,PHD2
PAT_6953,concat,PHD3,\\nasac-m2.unige.ch\m-HumanNeuronLab\ANALYSIS\FLM\Analysis_LoraFanda\01_FBM_Analysis\outputs\04_ersp_LM_RAWONLY\PAT_6953\LM\ERSP_matrix\audio\PAT_6953_audio_WM_ERSP_PHD3_TN.npy,PHD3
PAT_6953,concat,PHD4,\\nasac-m2.unige.ch\m-HumanNeuronLab\ANALYSIS\FLM\Analysis_LoraFanda\01_FBM_Analysis\outputs\04_ersp_LM_RAWONLY\PAT_6953\LM\ERSP_matrix\audio\PAT_6953_audio_WM_ERSP_PHD4_TN.npy,PHD4
PAT_6953,concat,PHD5,\\nasac-m2.unige.ch\m-HumanNeuronLab\ANALYSIS\FLM\Analysis_LoraFanda\01_FBM_Analysis\outputs\04_ersp_LM_RAWONLY\PAT_6953\LM\ERSP_matrix\audio\PAT_6953_audio_WM_ERSP_PHD5_TN.npy,PHD5
PAT_6953,concat,PHD6,\\nasac-m2.unige.ch\m-HumanNeuronLab\ANALYSIS\FLM\Analysis_LoraFanda\01_FBM_Analysis\outputs\04_ersp_LM_RAWONLY\PAT_6953\LM\ERSP_matrix\audio\PAT_6953_audio_WM_ERSP_PHD6_TN.npy,PHD6
PAT_6953,concat,PHD7,\\nasac-m2.unige.ch\m-HumanNeuronLab\ANALYSIS\FLM\Analysis_LoraFanda\01_FBM_Analysis\outputs\04_ersp_LM_RAWONLY\PAT_6953\LM\ERSP_matrix\audio\PAT_6953_audio_WM_ERSP_PHD7_TN.npy,PHD7
PAT_6953,concat,PHD8,\\nasac-m2.unige.ch\m-HumanNeuronLab\ANALYSIS\FLM\Analysis_LoraFanda\01_FBM_Analysis\outputs\04_ersp_LM_RAWONLY\PAT_6953\LM\ERSP_matrix\audio\PAT_6953_audio_WM_ERSP_PHD8_TN.npy,PHD8
PAT_6953,concat,PHD9,\\nasac-m2.unige.ch\m-HumanNeuronLab\ANALYSIS\FLM\Analysis_LoraFanda\01_FBM_Analysis\outputs\04_ersp_LM_RAWONLY\PAT_6953\LM\ERSP_matrix\audio\PAT_6953_audio_WM_ERSP_PHD9_TN.npy,PHD9
PAT_6953,concat,TLD1,\\nasac-m2.unige.ch\m-HumanNeuronLab\ANALYSIS\FLM\Analysis_LoraFanda\01_FBM_Analysis\outputs\04_ersp_LM_RAWONLY\PAT_6953\LM\ERSP_matrix\audio\PAT_6953_audio_WM_ERSP_TLD1_TN.npy,TLD1
PAT_6953,concat,TLD2,\\nasac-m2.unige.ch\m-HumanNeuronLab\ANALYSIS\FLM\Analysis_LoraFanda\01_FBM_Analysis\outputs\04_ersp_LM_RAWONLY\PAT_6953\LM\ERSP_matrix\audio\PAT_6953_audio_WM_ERSP_TLD2_TN.npy,TLD2
PAT_6953,concat,TLD3,\\nasac-m2.unige.ch\m-HumanNeuronLab\ANALYSIS\FLM\Analysis_LoraFanda\01_FBM_Analysis\outputs\04_ersp_LM_RAWONLY\PAT_6953\LM\ERSP_matrix\audio\PAT_6953_audio_WM_ERSP_TLD3_TN.npy,TLD3
PAT_6953,concat,TLD4,\\nasac-m2.unige.ch\m-HumanNeuronLab\ANALYSIS\FLM\Analysis_LoraFanda\01_FBM_Analysis\outputs\04_ersp_LM_RAWONLY\PAT_6953\LM\ERSP_matrix\audio\PAT_6953_audio_WM_ERSP_TLD4_TN.npy,TLD4
PAT_6953,concat,TLD5,\\nasac-m2.unige.ch\m-HumanNeuronLab\ANALYSIS\FLM\Analysis_LoraFanda\01_FBM_Analysis\outputs\04_ersp_LM_RAWONLY\PAT_6953\LM\ERSP_matrix\audio\PAT_6953_audio_WM_ERSP_TLD5_TN.npy,TLD5
PAT_6953,concat,TMD1,\\nasac-m2.unige.ch\m-HumanNeuronLab\ANALYSIS\FLM\Analysis_LoraFanda\01_FBM_Analysis\outputs\04_ersp_LM_RAWONLY\PAT_6953\LM\ERSP_matrix\audio\PAT_6953_audio_WM_ERSP_TMD1_TN.npy,TMD1
PAT_6953,concat,TMD10,\\nasac-m2.unige.ch\m-HumanNeuronLab\ANALYSIS\FLM\Analysis_LoraFanda\01_FBM_Analysis\outputs\04_ersp_LM_RAWONLY\PAT_6953\LM\ERSP_matrix\audio\PAT_6953_audio_WM_ERSP_TMD10_TN.npy,TMD10
PAT_6953,concat,TMD2,\\nasac-m2.unige.ch\m-HumanNeuronLab\ANALYSIS\FLM\Analysis_LoraFanda\01_FBM_Analysis\outputs\04_ersp_LM_RAWONLY\PAT_6953\LM\ERSP_matrix\audio\PAT_6953_audio_WM_ERSP_TMD2_TN.npy,TMD2
PAT_6953,concat,TMD3,\\nasac-m2.unige.ch\m-HumanNeuronLab\ANALYSIS\FLM\Analysis_LoraFanda\01_FBM_Analysis\outputs\04_ersp_LM_RAWONLY\PAT_6953\LM\ERSP_matrix\audio\PAT_6953_audio_WM_ERSP_TMD3_TN.npy,TMD3
PAT_6953,concat,TMD4,\\nasac-m2.unige.ch\m-HumanNeuronLab\ANALYSIS\FLM\Analysis_LoraFanda\01_FBM_Analysis\outputs\04_ersp_LM_RAWONLY\PAT_6953\LM\ERSP_matrix\audio\PAT_6953_audio_WM_ERSP_TMD4_TN.npy,TMD4
PAT_6953,concat,TMD5,\\nasac-m2.unige.ch\m-HumanNeuronLab\ANALYSIS\FLM\Analysis_LoraFanda\01_FBM_Analysis\outputs\04_ersp_LM_RAWONLY\PAT_6953\LM\ERSP_matrix\audio\PAT_6953_audio_WM_ERSP_TMD5_TN.npy,TMD5
PAT_6953,concat,TMD6,\\nasac-m2.unige.ch\m-HumanNeuronLab\ANALYSIS\FLM\Analysis_LoraFanda\01_FBM_Analysis\outputs\04_ersp_LM_RAWONLY\PAT_6953\LM\ERSP_matrix\audio\PAT_6953_audio_WM_ERSP_TMD6_TN.npy,TMD6
PAT_6953,concat,TMD7,\\nasac-m2.unige.ch\m-HumanNeuronLab\ANALYSIS\FLM\Analysis_LoraFanda\01_FBM_Analysis\outputs\04_ersp_LM_RAWONLY\PAT_6953\LM\ERSP_matrix\audio\PAT_6953_audio_WM_ERSP_TMD7_TN.npy,TMD7
PAT_6953,concat,TMD8,\\nasac-m2.unige.ch\m-HumanNeuronLab\ANALYSIS\FLM\Analysis_LoraFanda\01_FBM_Analysis\outputs\04_ersp_LM_RAWONLY\PAT_6953\LM\ERSP_matrix\audio\PAT_6953_audio_WM_ERSP_TMD8_TN.npy,TMD8
PAT_6953,concat,TMD9,\\nasac-m2.unige.ch\m-HumanNeuronLab\ANALYSIS\FLM\Analysis_LoraFanda\01_FBM_Analysis\outputs\04_ersp_LM_RAWONLY\PAT_6953\LM\ERSP_matrix\audio\PAT_6953_audio_WM_ERSP_TMD9_TN.npy,TMD9
PAT_6953,concat,TPD1,\\nasac-m2.unige.ch\m-HumanNeuronLab\ANALYSIS\FLM\Analysis_LoraFanda\01_FBM_Analysis\outputs\04_ersp_LM_RAWONLY\PAT_6953\LM\ERSP_matrix\audio\PAT_6953_audio_WM_ERSP_TPD1_TN.npy,TPD1
PAT_6953,concat,TPD10,\\nasac-m2.unige.ch\m-HumanNeuronLab\ANALYSIS\FLM\Analysis_LoraFanda\01_FBM_Analysis\outputs\04_ersp_LM_RAWONLY\PAT_6953\LM\ERSP_matrix\audio\PAT_6953_audio_WM_ERSP_TPD10_TN.npy,TPD10
PAT_6953,concat,TPD11,\\nasac-m2.unige.ch\m-HumanNeuronLab\ANALYSIS\FLM\Analysis_LoraFanda\01_FBM_Analysis\outputs\04_ersp_LM_RAWONLY\PAT_6953\LM\ERSP_matrix\audio\PAT_6953_audio_WM_ERSP_TPD11_TN.npy,TPD11
PAT_6953,concat,TPD12,\\nasac-m2.unige.ch\m-HumanNeuronLab\ANALYSIS\FLM\Analysis_LoraFanda\01_FBM_Analysis\outputs\04_ersp_LM_RAWONLY\PAT_6953\LM\ERSP_matrix\audio\PAT_6953_audio_WM_ERSP_TPD12_TN.npy,TPD12
PAT_6953,concat,TPD13,\\nasac-m2.unige.ch\m-HumanNeuronLab\ANALYSIS\FLM\Analysis_LoraFanda\01_FBM_Analysis\outputs\04_ersp_LM_RAWONLY\PAT_6953\LM\ERSP_matrix\audio\PAT_6953_audio_WM_ERSP_TPD13_TN.npy,TPD13
PAT_6953,concat,TPD14,\\nasac-m2.unige.ch\m-HumanNeuronLab\ANALYSIS\FLM\Analysis_LoraFanda\01_FBM_Analysis\outputs\04_ersp_LM_RAWONLY\PAT_6953\LM\ERSP_matrix\audio\PAT_6953_audio_WM_ERSP_TPD14_TN.npy,TPD14
PAT_6953,concat,TPD15,\\nasac-m2.unige.ch\m-HumanNeuronLab\ANALYSIS\FLM\Analysis_LoraFanda\01_FBM_Analysis\outputs\04_ersp_LM_RAWONLY\PAT_6953\LM\ERSP_matrix\audio\PAT_6953_audio_WM_ERSP_TPD15_TN.npy,TPD15
PAT_6953,concat,TPD3,\\nasac-m2.unige.ch\m-HumanNeuronLab\ANALYSIS\FLM\Analysis_LoraFanda\01_FBM_Analysis\outputs\04_ersp_LM_RAWONLY\PAT_6953\LM\ERSP_matrix\audio\PAT_6953_audio_WM_ERSP_TPD3_TN.npy,TPD3
PAT_6953,concat,TPD8,\\nasac-m2.unige.ch\m-HumanNeuronLab\ANALYSIS\FLM\Analysis_LoraFanda\01_FBM_Analysis\outputs\04_ersp_LM_RAWONLY\PAT_6953\LM\ERSP_matrix\audio\PAT_6953_audio_WM_ERSP_TPD8_TN.npy,TPD8
PAT_6953,concat,TPD9,\\nasac-m2.unige.ch\m-HumanNeuronLab\ANALYSIS\FLM\Analysis_LoraFanda\01_FBM_Analysis\outputs\04_ersp_LM_RAWONLY\PAT_6953\LM\ERSP_matrix\audio\PAT_6953_audio_WM_ERSP_TPD9_TN.npy,TPD9
PAT_6953,concat,TPG1,\\nasac-m2.unige.ch\m-HumanNeuronLab\ANALYSIS\FLM\Analysis_LoraFanda\01_FBM_Analysis\outputs\04_ersp_LM_RAWONLY\PAT_6953\LM\ERSP_matrix\audio\PAT_6953_audio_WM_ERSP_TPG1_TN.npy,TPG1
PAT_6953,concat,TPG2,\\nasac-m2.unige.ch\m-HumanNeuronLab\ANALYSIS\FLM\Analysis_LoraFanda\01_FBM_Analysis\outputs\04_ersp_LM_RAWONLY\PAT_6953\LM\ERSP_matrix\audio\PAT_6953_audio_WM_ERSP_TPG2_TN.npy,TPG2
PAT_6953,concat,TPG3,\\nasac-m2.unige.ch\m-HumanNeuronLab\ANALYSIS\FLM\Analysis_LoraFanda\01_FBM_Analysis\outputs\04_ersp_LM_RAWONLY\PAT_6953\LM\ERSP_matrix\audio\PAT_6953_audio_WM_ERSP_TPG3_TN.npy,TPG3
PAT_6953,concat,TPG4,\\nasac-m2.unige.ch\m-HumanNeuronLab\ANALYSIS\FLM\Analysis_LoraFanda\01_FBM_Analysis\outputs\04_ersp_LM_RAWONLY\PAT_6953\LM\ERSP_matrix\audio\PAT_6953_audio_WM_ERSP_TPG4_TN.npy,TPG4
PAT_6953,concat,TPG5,\\nasac-m2.unige.ch\m-HumanNeuronLab\ANALYSIS\FLM\Analysis_LoraFanda\01_FBM_Analysis\outputs\04_ersp_LM_RAWONLY\PAT_6953\LM\ERSP_matrix\audio\PAT_6953_audio_WM_ERSP_TPG5_TN.npy,TPG5
PAT_6953,concat,TPG6,\\nasac-m2.unige.ch\m-HumanNeuronLab\ANALYSIS\FLM\Analysis_LoraFanda\01_FBM_Analysis\outputs\04_ersp_LM_RAWONLY\PAT_6953\LM\ERSP_matrix\audio\PAT_6953_audio_WM_ERSP_TPG6_TN.npy,TPG6
PAT_6953,concat,TPG7,\\nasac-m2.unige.ch\m-HumanNeuronLab\ANALYSIS\FLM\Analysis_LoraFanda\01_FBM_Analysis\outputs\04_ersp_LM_RAWONLY\PAT_6953\LM\ERSP_matrix\audio\PAT_6953_audio_WM_ERSP_TPG7_TN.npy,TPG7
PAT_6953,concat,TPG8,\\nasac-m2.unige.ch\m-HumanNeuronLab\ANALYSIS\FLM\Analysis_LoraFanda\01_FBM_Analysis\outputs\04_ersp_LM_RAWONLY\PAT_6953\LM\ERSP_matrix\audio\PAT_6953_audio_WM_ERSP_TPG8_TN.npy,TPG8
