sample_idx,patient_id,condition,task,electrode,file_path,keep_for_clustering,leaf_label,cluster_kmeans_blob_k25_q0p90
1,EL030,audio,LM,A_L11,..\01_FBM_Analysis\outputs\04_ersp_LM_RAWONLY\EL030\LM\ERSP_matrix\audio\EL030_audio_WM_ERSP_A_L11_TN.npy,True,EL030_A_L11_audio,4
2,EL030,audio,LM,A_L12,..\01_FBM_Analysis\outputs\04_ersp_LM_RAWONLY\EL030\LM\ERSP_matrix\audio\EL030_audio_WM_ERSP_A_L12_TN.npy,True,EL030_A_L12_audio,1
3,EL030,audio,LM,A_L13,..\01_FBM_Analysis\outputs\04_ersp_LM_RAWONLY\EL030\LM\ERSP_matrix\audio\EL030_audio_WM_ERSP_A_L13_TN.npy,True,EL030_A_L13_audio,19
4,EL030,audio,LM,A_L14,..\01_FBM_Analysis\outputs\04_ersp_LM_RAWONLY\EL030\LM\ERSP_matrix\audio\EL030_audio_WM_ERSP_A_L14_TN.npy,True,EL030_A_L14_audio,1
5,EL030,audio,LM,A_L15,..\01_FBM_Analysis\outputs\04_ersp_LM_RAWONLY\EL030\LM\ERSP_matrix\audio\EL030_audio_WM_ERSP_A_L15_TN.npy,True,EL030_A_L15_audio,14
12,EL030,audio,LM,A_L7,..\01_FBM_Analysis\outputs\04_ersp_LM_RAWONLY\EL030\LM\ERSP_matrix\audio\EL030_audio_WM_ERSP_A_L7_TN.npy,True,EL030_A_L7_audio,9
14,EL030,audio,LM,A_L9,..\01_FBM_Analysis\outputs\04_ersp_LM_RAWONLY\EL030\LM\ERSP_matrix\audio\EL030_audio_WM_ERSP_A_L9_TN.npy,True,EL030_A_L9_audio,7
18,EL030,audio,LM,A_R13,..\01_FBM_Analysis\outputs\04_ersp_LM_RAWONLY\EL030\LM\ERSP_matrix\audio\EL030_audio_WM_ERSP_A_R13_TN.npy,True,EL030_A_R13_audio,16
19,EL030,audio,LM,A_R14,..\01_FBM_Analysis\outputs\04_ersp_LM_RAWONLY\EL030\LM\ERSP_matrix\audio\EL030_audio_WM_ERSP_A_R14_TN.npy,True,EL030_A_R14_audio,16
20,EL030,audio,LM,A_R15,..\01_FBM_Analysis\outputs\04_ersp_LM_RAWONLY\EL030\LM\ERSP_matrix\audio\EL030_audio_WM_ERSP_A_R15_TN.npy,True,EL030_A_R15_audio,13
29,EL030,audio,LM,aH_L10,..\01_FBM_Analysis\outputs\04_ersp_LM_RAWONLY\EL030\LM\ERSP_matrix\audio\EL030_audio_WM_ERSP_aH_L10_TN.npy,True,EL030_aH_L10_audio,14
30,EL030,audio,LM,aH_L11,..\01_FBM_Analysis\outputs\04_ersp_LM_RAWONLY\EL030\LM\ERSP_matrix\audio\EL030_audio_WM_ERSP_aH_L11_TN.npy,True,EL030_aH_L11_audio,0
31,EL030,audio,LM,aH_L12,..\01_FBM_Analysis\outputs\04_ersp_LM_RAWONLY\EL030\LM\ERSP_matrix\audio\EL030_audio_WM_ERSP_aH_L12_TN.npy,True,EL030_aH_L12_audio,18
37,EL030,audio,LM,aH_L6,..\01_FBM_Analysis\outputs\04_ersp_LM_RAWONLY\EL030\LM\ERSP_matrix\audio\EL030_audio_WM_ERSP_aH_L6_TN.npy,True,EL030_aH_L6_audio,18
46,EL030,audio,LM,aH_R15,..\01_FBM_Analysis\outputs\04_ersp_LM_RAWONLY\EL030\LM\ERSP_matrix\audio\EL030_audio_WM_ERSP_aH_R15_TN.npy,True,EL030_aH_R15_audio,7
86,EL030,audio,LM,pHG_R13,..\01_FBM_Analysis\outputs\04_ersp_LM_RAWONLY\EL030\LM\ERSP_matrix\audio\EL030_audio_WM_ERSP_pHG_R13_TN.npy,True,EL030_pHG_R13_audio,22
87,EL030,audio,LM,pHG_R14,..\01_FBM_Analysis\outputs\04_ersp_LM_RAWONLY\EL030\LM\ERSP_matrix\audio\EL030_audio_WM_ERSP_pHG_R14_TN.npy,True,EL030_pHG_R14_audio,9
88,EL030,audio,LM,pHG_R15,..\01_FBM_Analysis\outputs\04_ersp_LM_RAWONLY\EL030\LM\ERSP_matrix\audio\EL030_audio_WM_ERSP_pHG_R15_TN.npy,True,EL030_pHG_R15_audio,9
97,EL030,picture,LM,A_L10,..\01_FBM_Analysis\outputs\04_ersp_LM_RAWONLY\EL030\LM\ERSP_matrix\picture\EL030_picture_WM_ERSP_A_L10_TN.npy,True,EL030_A_L10_picture,14
99,EL030,picture,LM,A_L12,..\01_FBM_Analysis\outputs\04_ersp_LM_RAWONLY\EL030\LM\ERSP_matrix\picture\EL030_picture_WM_ERSP_A_L12_TN.npy,True,EL030_A_L12_picture,6
100,EL030,picture,LM,A_L13,..\01_FBM_Analysis\outputs\04_ersp_LM_RAWONLY\EL030\LM\ERSP_matrix\picture\EL030_picture_WM_ERSP_A_L13_TN.npy,True,EL030_A_L13_picture,9
101,EL030,picture,LM,A_L14,..\01_FBM_Analysis\outputs\04_ersp_LM_RAWONLY\EL030\LM\ERSP_matrix\picture\EL030_picture_WM_ERSP_A_L14_TN.npy,True,EL030_A_L14_picture,8
102,EL030,picture,LM,A_L15,..\01_FBM_Analysis\outputs\04_ersp_LM_RAWONLY\EL030\LM\ERSP_matrix\picture\EL030_picture_WM_ERSP_A_L15_TN.npy,True,EL030_A_L15_picture,3
110,EL030,picture,LM,A_L8,..\01_FBM_Analysis\outputs\04_ersp_LM_RAWONLY\EL030\LM\ERSP_matrix\picture\EL030_picture_WM_ERSP_A_L8_TN.npy,True,EL030_A_L8_picture,3
116,EL030,picture,LM,A_R14,..\01_FBM_Analysis\outputs\04_ersp_LM_RAWONLY\EL030\LM\ERSP_matrix\picture\EL030_picture_WM_ERSP_A_R14_TN.npy,True,EL030_A_R14_picture,3
117,EL030,picture,LM,A_R15,..\01_FBM_Analysis\outputs\04_ersp_LM_RAWONLY\EL030\LM\ERSP_matrix\picture\EL030_picture_WM_ERSP_A_R15_TN.npy,True,EL030_A_R15_picture,8
126,EL030,picture,LM,aH_L10,..\01_FBM_Analysis\outputs\04_ersp_LM_RAWONLY\EL030\LM\ERSP_matrix\picture\EL030_picture_WM_ERSP_aH_L10_TN.npy,True,EL030_aH_L10_picture,1
127,EL030,picture,LM,aH_L11,..\01_FBM_Analysis\outputs\04_ersp_LM_RAWONLY\EL030\LM\ERSP_matrix\picture\EL030_picture_WM_ERSP_aH_L11_TN.npy,True,EL030_aH_L11_picture,17
128,EL030,picture,LM,aH_L12,..\01_FBM_Analysis\outputs\04_ersp_LM_RAWONLY\EL030\LM\ERSP_matrix\picture\EL030_picture_WM_ERSP_aH_L12_TN.npy,True,EL030_aH_L12_picture,24
133,EL030,picture,LM,aH_L5,..\01_FBM_Analysis\outputs\04_ersp_LM_RAWONLY\EL030\LM\ERSP_matrix\picture\EL030_picture_WM_ERSP_aH_L5_TN.npy,True,EL030_aH_L5_picture,16
135,EL030,picture,LM,aH_L7,..\01_FBM_Analysis\outputs\04_ersp_LM_RAWONLY\EL030\LM\ERSP_matrix\picture\EL030_picture_WM_ERSP_aH_L7_TN.npy,True,EL030_aH_L7_picture,11
166,EL030,picture,LM,EntG_R7,..\01_FBM_Analysis\outputs\04_ersp_LM_RAWONLY\EL030\LM\ERSP_matrix\picture\EL030_picture_WM_ERSP_EntG_R7_TN.npy,True,EL030_EntG_R7_picture,16
167,EL030,picture,LM,EntG_R8,..\01_FBM_Analysis\outputs\04_ersp_LM_RAWONLY\EL030\LM\ERSP_matrix\picture\EL030_picture_WM_ERSP_EntG_R8_TN.npy,True,EL030_EntG_R8_picture,0
182,EL030,picture,LM,pHG_R12,..\01_FBM_Analysis\outputs\04_ersp_LM_RAWONLY\EL030\LM\ERSP_matrix\picture\EL030_picture_WM_ERSP_pHG_R12_TN.npy,True,EL030_pHG_R12_picture,8
183,EL030,picture,LM,pHG_R13,..\01_FBM_Analysis\outputs\04_ersp_LM_RAWONLY\EL030\LM\ERSP_matrix\picture\EL030_picture_WM_ERSP_pHG_R13_TN.npy,True,EL030_pHG_R13_picture,11
184,EL030,picture,LM,pHG_R14,..\01_FBM_Analysis\outputs\04_ersp_LM_RAWONLY\EL030\LM\ERSP_matrix\picture\EL030_picture_WM_ERSP_pHG_R14_TN.npy,True,EL030_pHG_R14_picture,8
185,EL030,picture,LM,pHG_R15,..\01_FBM_Analysis\outputs\04_ersp_LM_RAWONLY\EL030\LM\ERSP_matrix\picture\EL030_picture_WM_ERSP_pHG_R15_TN.npy,True,EL030_pHG_R15_picture,18
186,EL030,picture,LM,pHG_R1,..\01_FBM_Analysis\outputs\04_ersp_LM_RAWONLY\EL030\LM\ERSP_matrix\picture\EL030_picture_WM_ERSP_pHG_R1_TN.npy,True,EL030_pHG_R1_picture,12
187,EL030,picture,LM,pHG_R2,..\01_FBM_Analysis\outputs\04_ersp_LM_RAWONLY\EL030\LM\ERSP_matrix\picture\EL030_picture_WM_ERSP_pHG_R2_TN.npy,True,EL030_pHG_R2_picture,15
188,EL030,picture,LM,pHG_R3,..\01_FBM_Analysis\outputs\04_ersp_LM_RAWONLY\EL030\LM\ERSP_matrix\picture\EL030_picture_WM_ERSP_pHG_R3_TN.npy,True,EL030_pHG_R3_picture,14
194,EL030,reading,LM,A_L10,..\01_FBM_Analysis\outputs\04_ersp_LM_RAWONLY\EL030\LM\ERSP_matrix\reading\EL030_reading_WM_ERSP_A_L10_TN.npy,True,EL030_A_L10_reading,9
195,EL030,reading,LM,A_L11,..\01_FBM_Analysis\outputs\04_ersp_LM_RAWONLY\EL030\LM\ERSP_matrix\reading\EL030_reading_WM_ERSP_A_L11_TN.npy,True,EL030_A_L11_reading,10
196,EL030,reading,LM,A_L12,..\01_FBM_Analysis\outputs\04_ersp_LM_RAWONLY\EL030\LM\ERSP_matrix\reading\EL030_reading_WM_ERSP_A_L12_TN.npy,True,EL030_A_L12_reading,8
197,EL030,reading,LM,A_L13,..\01_FBM_Analysis\outputs\04_ersp_LM_RAWONLY\EL030\LM\ERSP_matrix\reading\EL030_reading_WM_ERSP_A_L13_TN.npy,True,EL030_A_L13_reading,21
198,EL030,reading,LM,A_L14,..\01_FBM_Analysis\outputs\04_ersp_LM_RAWONLY\EL030\LM\ERSP_matrix\reading\EL030_reading_WM_ERSP_A_L14_TN.npy,True,EL030_A_L14_reading,22
199,EL030,reading,LM,A_L15,..\01_FBM_Analysis\outputs\04_ersp_LM_RAWONLY\EL030\LM\ERSP_matrix\reading\EL030_reading_WM_ERSP_A_L15_TN.npy,True,EL030_A_L15_reading,1
206,EL030,reading,LM,A_L7,..\01_FBM_Analysis\outputs\04_ersp_LM_RAWONLY\EL030\LM\ERSP_matrix\reading\EL030_reading_WM_ERSP_A_L7_TN.npy,True,EL030_A_L7_reading,3
208,EL030,reading,LM,A_L9,..\01_FBM_Analysis\outputs\04_ersp_LM_RAWONLY\EL030\LM\ERSP_matrix\reading\EL030_reading_WM_ERSP_A_L9_TN.npy,True,EL030_A_L9_reading,9
224,EL030,reading,LM,aH_L11,..\01_FBM_Analysis\outputs\04_ersp_LM_RAWONLY\EL030\LM\ERSP_matrix\reading\EL030_reading_WM_ERSP_aH_L11_TN.npy,True,EL030_aH_L11_reading,6
225,EL030,reading,LM,aH_L12,..\01_FBM_Analysis\outputs\04_ersp_LM_RAWONLY\EL030\LM\ERSP_matrix\reading\EL030_reading_WM_ERSP_aH_L12_TN.npy,True,EL030_aH_L12_reading,22
231,EL030,reading,LM,aH_L6,..\01_FBM_Analysis\outputs\04_ersp_LM_RAWONLY\EL030\LM\ERSP_matrix\reading\EL030_reading_WM_ERSP_aH_L6_TN.npy,True,EL030_aH_L6_reading,22
232,EL030,reading,LM,aH_L7,..\01_FBM_Analysis\outputs\04_ersp_LM_RAWONLY\EL030\LM\ERSP_matrix\reading\EL030_reading_WM_ERSP_aH_L7_TN.npy,True,EL030_aH_L7_reading,12
233,EL030,reading,LM,aH_L8,..\01_FBM_Analysis\outputs\04_ersp_LM_RAWONLY\EL030\LM\ERSP_matrix\reading\EL030_reading_WM_ERSP_aH_L8_TN.npy,True,EL030_aH_L8_reading,22
267,EL030,reading,LM,pH_R11,..\01_FBM_Analysis\outputs\04_ersp_LM_RAWONLY\EL030\LM\ERSP_matrix\reading\EL030_reading_WM_ERSP_pH_R11_TN.npy,True,EL030_pH_R11_reading,21
278,EL030,reading,LM,pHG_R11,..\01_FBM_Analysis\outputs\04_ersp_LM_RAWONLY\EL030\LM\ERSP_matrix\reading\EL030_reading_WM_ERSP_pHG_R11_TN.npy,True,EL030_pHG_R11_reading,12
279,EL030,reading,LM,pHG_R12,..\01_FBM_Analysis\outputs\04_ersp_LM_RAWONLY\EL030\LM\ERSP_matrix\reading\EL030_reading_WM_ERSP_pHG_R12_TN.npy,True,EL030_pHG_R12_reading,7
280,EL030,reading,LM,pHG_R13,..\01_FBM_Analysis\outputs\04_ersp_LM_RAWONLY\EL030\LM\ERSP_matrix\reading\EL030_reading_WM_ERSP_pHG_R13_TN.npy,True,EL030_pHG_R13_reading,5
281,EL030,reading,LM,pHG_R14,..\01_FBM_Analysis\outputs\04_ersp_LM_RAWONLY\EL030\LM\ERSP_matrix\reading\EL030_reading_WM_ERSP_pHG_R14_TN.npy,True,EL030_pHG_R14_reading,3
282,EL030,reading,LM,pHG_R15,..\01_FBM_Analysis\outputs\04_ersp_LM_RAWONLY\EL030\LM\ERSP_matrix\reading\EL030_reading_WM_ERSP_pHG_R15_TN.npy,True,EL030_pHG_R15_reading,0
337,EL035,audio,LM,aI_R5,..\01_FBM_Analysis\outputs\04_ersp_LM_RAWONLY\EL035\LM\ERSP_matrix\audio\EL035_audio_WM_ERSP_aI_R5_TN.npy,True,EL035_aI_R5_audio,6
399,EL035,audio,LM,TTG_R1,..\01_FBM_Analysis\outputs\04_ersp_LM_RAWONLY\EL035\LM\ERSP_matrix\audio\EL035_audio_WM_ERSP_TTG_R1_TN.npy,True,EL035_TTG_R1_audio,16
400,EL035,audio,LM,TTG_R2,..\01_FBM_Analysis\outputs\04_ersp_LM_RAWONLY\EL035\LM\ERSP_matrix\audio\EL035_audio_WM_ERSP_TTG_R2_TN.npy,True,EL035_TTG_R2_audio,8
401,EL035,audio,LM,TTG_R3,..\01_FBM_Analysis\outputs\04_ersp_LM_RAWONLY\EL035\LM\ERSP_matrix\audio\EL035_audio_WM_ERSP_TTG_R3_TN.npy,True,EL035_TTG_R3_audio,24
402,EL035,audio,LM,TTG_R4,..\01_FBM_Analysis\outputs\04_ersp_LM_RAWONLY\EL035\LM\ERSP_matrix\audio\EL035_audio_WM_ERSP_TTG_R4_TN.npy,True,EL035_TTG_R4_audio,17
403,EL035,audio,LM,TTG_R5,..\01_FBM_Analysis\outputs\04_ersp_LM_RAWONLY\EL035\LM\ERSP_matrix\audio\EL035_audio_WM_ERSP_TTG_R5_TN.npy,True,EL035_TTG_R5_audio,24
404,EL035,audio,LM,TTG_R6,..\01_FBM_Analysis\outputs\04_ersp_LM_RAWONLY\EL035\LM\ERSP_matrix\audio\EL035_audio_WM_ERSP_TTG_R6_TN.npy,True,EL035_TTG_R6_audio,23
452,EL035,picture,LM,aI_R5,..\01_FBM_Analysis\outputs\04_ersp_LM_RAWONLY\EL035\LM\ERSP_matrix\picture\EL035_picture_WM_ERSP_aI_R5_TN.npy,True,EL035_aI_R5_picture,2
459,EL035,picture,LM,EntG_R10,..\01_FBM_Analysis\outputs\04_ersp_LM_RAWONLY\EL035\LM\ERSP_matrix\picture\EL035_picture_WM_ERSP_EntG_R10_TN.npy,True,EL035_EntG_R10_picture,17
460,EL035,picture,LM,EntG_R11,..\01_FBM_Analysis\outputs\04_ersp_LM_RAWONLY\EL035\LM\ERSP_matrix\picture\EL035_picture_WM_ERSP_EntG_R11_TN.npy,True,EL035_EntG_R11_picture,16
567,EL035,reading,LM,aI_R5,..\01_FBM_Analysis\outputs\04_ersp_LM_RAWONLY\EL035\LM\ERSP_matrix\reading\EL035_reading_WM_ERSP_aI_R5_TN.npy,True,EL035_aI_R5_reading,23
637,EL036,audio,LM,A_R11,..\01_FBM_Analysis\outputs\04_ersp_LM_RAWONLY\EL036\LM\ERSP_matrix\audio\EL036_audio_None_ERSP_A_R11_TN.npy,True,EL036_A_R11_audio,4
638,EL036,audio,LM,A_R12,..\01_FBM_Analysis\outputs\04_ersp_LM_RAWONLY\EL036\LM\ERSP_matrix\audio\EL036_audio_None_ERSP_A_R12_TN.npy,True,EL036_A_R12_audio,12
649,EL036,audio,LM,aH_R11,..\01_FBM_Analysis\outputs\04_ersp_LM_RAWONLY\EL036\LM\ERSP_matrix\audio\EL036_audio_None_ERSP_aH_R11_TN.npy,True,EL036_aH_R11_audio,19
650,EL036,audio,LM,aH_R12,..\01_FBM_Analysis\outputs\04_ersp_LM_RAWONLY\EL036\LM\ERSP_matrix\audio\EL036_audio_None_ERSP_aH_R12_TN.npy,True,EL036_aH_R12_audio,21
663,EL036,audio,LM,mH_R13,..\01_FBM_Analysis\outputs\04_ersp_LM_RAWONLY\EL036\LM\ERSP_matrix\audio\EL036_audio_None_ERSP_mH_R13_TN.npy,True,EL036_mH_R13_audio,18
665,EL036,audio,LM,mH_R15,..\01_FBM_Analysis\outputs\04_ersp_LM_RAWONLY\EL036\LM\ERSP_matrix\audio\EL036_audio_None_ERSP_mH_R15_TN.npy,True,EL036_mH_R15_audio,18
683,EL036,audio,LM,pfc_R10,..\01_FBM_Analysis\outputs\04_ersp_LM_RAWONLY\EL036\LM\ERSP_matrix\audio\EL036_audio_None_ERSP_pfc_R10_TN.npy,True,EL036_pfc_R10_audio,18
684,EL036,audio,LM,pfc_R11,..\01_FBM_Analysis\outputs\04_ersp_LM_RAWONLY\EL036\LM\ERSP_matrix\audio\EL036_audio_None_ERSP_pfc_R11_TN.npy,True,EL036_pfc_R11_audio,19
685,EL036,audio,LM,pfc_R12,..\01_FBM_Analysis\outputs\04_ersp_LM_RAWONLY\EL036\LM\ERSP_matrix\audio\EL036_audio_None_ERSP_pfc_R12_TN.npy,True,EL036_pfc_R12_audio,0
695,EL036,picture,LM,A_R11,..\01_FBM_Analysis\outputs\04_ersp_LM_RAWONLY\EL036\LM\ERSP_matrix\picture\EL036_picture_None_ERSP_A_R11_TN.npy,True,EL036_A_R11_picture,18
696,EL036,picture,LM,A_R12,..\01_FBM_Analysis\outputs\04_ersp_LM_RAWONLY\EL036\LM\ERSP_matrix\picture\EL036_picture_None_ERSP_A_R12_TN.npy,True,EL036_A_R12_picture,5
742,EL036,picture,LM,pfc_R11,..\01_FBM_Analysis\outputs\04_ersp_LM_RAWONLY\EL036\LM\ERSP_matrix\picture\EL036_picture_None_ERSP_pfc_R11_TN.npy,True,EL036_pfc_R11_picture,1
743,EL036,picture,LM,pfc_R12,..\01_FBM_Analysis\outputs\04_ersp_LM_RAWONLY\EL036\LM\ERSP_matrix\picture\EL036_picture_None_ERSP_pfc_R12_TN.npy,True,EL036_pfc_R12_picture,20
752,EL036,reading,LM,A_R10,..\01_FBM_Analysis\outputs\04_ersp_LM_RAWONLY\EL036\LM\ERSP_matrix\reading\EL036_reading_None_ERSP_A_R10_TN.npy,True,EL036_A_R10_reading,9
753,EL036,reading,LM,A_R11,..\01_FBM_Analysis\outputs\04_ersp_LM_RAWONLY\EL036\LM\ERSP_matrix\reading\EL036_reading_None_ERSP_A_R11_TN.npy,True,EL036_A_R11_reading,19
754,EL036,reading,LM,A_R12,..\01_FBM_Analysis\outputs\04_ersp_LM_RAWONLY\EL036\LM\ERSP_matrix\reading\EL036_reading_None_ERSP_A_R12_TN.npy,True,EL036_A_R12_reading,14
755,EL036,reading,LM,A_R1,..\01_FBM_Analysis\outputs\04_ersp_LM_RAWONLY\EL036\LM\ERSP_matrix\reading\EL036_reading_None_ERSP_A_R1_TN.npy,True,EL036_A_R1_reading,9
756,EL036,reading,LM,A_R2,..\01_FBM_Analysis\outputs\04_ersp_LM_RAWONLY\EL036\LM\ERSP_matrix\reading\EL036_reading_None_ERSP_A_R2_TN.npy,True,EL036_A_R2_reading,10
758,EL036,reading,LM,A_R4,..\01_FBM_Analysis\outputs\04_ersp_LM_RAWONLY\EL036\LM\ERSP_matrix\reading\EL036_reading_None_ERSP_A_R4_TN.npy,True,EL036_A_R4_reading,19
759,EL036,reading,LM,A_R5,..\01_FBM_Analysis\outputs\04_ersp_LM_RAWONLY\EL036\LM\ERSP_matrix\reading\EL036_reading_None_ERSP_A_R5_TN.npy,True,EL036_A_R5_reading,21
760,EL036,reading,LM,A_R6,..\01_FBM_Analysis\outputs\04_ersp_LM_RAWONLY\EL036\LM\ERSP_matrix\reading\EL036_reading_None_ERSP_A_R6_TN.npy,True,EL036_A_R6_reading,19
761,EL036,reading,LM,A_R7,..\01_FBM_Analysis\outputs\04_ersp_LM_RAWONLY\EL036\LM\ERSP_matrix\reading\EL036_reading_None_ERSP_A_R7_TN.npy,True,EL036_A_R7_reading,6
762,EL036,reading,LM,A_R8,..\01_FBM_Analysis\outputs\04_ersp_LM_RAWONLY\EL036\LM\ERSP_matrix\reading\EL036_reading_None_ERSP_A_R8_TN.npy,True,EL036_A_R8_reading,22
763,EL036,reading,LM,A_R9,..\01_FBM_Analysis\outputs\04_ersp_LM_RAWONLY\EL036\LM\ERSP_matrix\reading\EL036_reading_None_ERSP_A_R9_TN.npy,True,EL036_A_R9_reading,21
764,EL036,reading,LM,aH_R10,..\01_FBM_Analysis\outputs\04_ersp_LM_RAWONLY\EL036\LM\ERSP_matrix\reading\EL036_reading_None_ERSP_aH_R10_TN.npy,True,EL036_aH_R10_reading,22
765,EL036,reading,LM,aH_R11,..\01_FBM_Analysis\outputs\04_ersp_LM_RAWONLY\EL036\LM\ERSP_matrix\reading\EL036_reading_None_ERSP_aH_R11_TN.npy,True,EL036_aH_R11_reading,6
766,EL036,reading,LM,aH_R12,..\01_FBM_Analysis\outputs\04_ersp_LM_RAWONLY\EL036\LM\ERSP_matrix\reading\EL036_reading_None_ERSP_aH_R12_TN.npy,True,EL036_aH_R12_reading,22
770,EL036,reading,LM,aH_R4,..\01_FBM_Analysis\outputs\04_ersp_LM_RAWONLY\EL036\LM\ERSP_matrix\reading\EL036_reading_None_ERSP_aH_R4_TN.npy,True,EL036_aH_R4_reading,22
771,EL036,reading,LM,aH_R5,..\01_FBM_Analysis\outputs\04_ersp_LM_RAWONLY\EL036\LM\ERSP_matrix\reading\EL036_reading_None_ERSP_aH_R5_TN.npy,True,EL036_aH_R5_reading,22
772,EL036,reading,LM,aH_R6,..\01_FBM_Analysis\outputs\04_ersp_LM_RAWONLY\EL036\LM\ERSP_matrix\reading\EL036_reading_None_ERSP_aH_R6_TN.npy,True,EL036_aH_R6_reading,10
775,EL036,reading,LM,aH_R9,..\01_FBM_Analysis\outputs\04_ersp_LM_RAWONLY\EL036\LM\ERSP_matrix\reading\EL036_reading_None_ERSP_aH_R9_TN.npy,True,EL036_aH_R9_reading,7
799,EL036,reading,LM,pfc_R10,..\01_FBM_Analysis\outputs\04_ersp_LM_RAWONLY\EL036\LM\ERSP_matrix\reading\EL036_reading_None_ERSP_pfc_R10_TN.npy,True,EL036_pfc_R10_reading,20
800,EL036,reading,LM,pfc_R11,..\01_FBM_Analysis\outputs\04_ersp_LM_RAWONLY\EL036\LM\ERSP_matrix\reading\EL036_reading_None_ERSP_pfc_R11_TN.npy,True,EL036_pfc_R11_reading,5
801,EL036,reading,LM,pfc_R12,..\01_FBM_Analysis\outputs\04_ersp_LM_RAWONLY\EL036\LM\ERSP_matrix\reading\EL036_reading_None_ERSP_pfc_R12_TN.npy,True,EL036_pfc_R12_reading,20
804,EL036,reading,LM,pfc_R3,..\01_FBM_Analysis\outputs\04_ersp_LM_RAWONLY\EL036\LM\ERSP_matrix\reading\EL036_reading_None_ERSP_pfc_R3_TN.npy,True,EL036_pfc_R3_reading,9
805,EL036,reading,LM,pfc_R4,..\01_FBM_Analysis\outputs\04_ersp_LM_RAWONLY\EL036\LM\ERSP_matrix\reading\EL036_reading_None_ERSP_pfc_R4_TN.npy,True,EL036_pfc_R4_reading,22
809,EL036,reading,LM,pfc_R9,..\01_FBM_Analysis\outputs\04_ersp_LM_RAWONLY\EL036\LM\ERSP_matrix\reading\EL036_reading_None_ERSP_pfc_R9_TN.npy,True,EL036_pfc_R9_reading,19
1059,EL037,reading,LM,EntG_L11,..\01_FBM_Analysis\outputs\04_ersp_LM_RAWONLY\EL037\LM\ERSP_matrix\reading\EL037_reading_WM_ERSP_EntG_L11_TN.npy,True,EL037_EntG_L11_reading,18
1181,EL038,picture,LM,A_L1,..\01_FBM_Analysis\outputs\04_ersp_LM_RAWONLY\EL038\LM\ERSP_matrix\picture\EL038_picture_WM_ERSP_A_L1_TN.npy,True,EL038_A_L1_picture,6
1207,EL038,picture,LM,aI_R8,..\01_FBM_Analysis\outputs\04_ersp_LM_RAWONLY\EL038\LM\ERSP_matrix\picture\EL038_picture_WM_ERSP_aI_R8_TN.npy,True,EL038_aI_R8_picture,0
1246,EL038,picture,LM,pH_R1,..\01_FBM_Analysis\outputs\04_ersp_LM_RAWONLY\EL038\LM\ERSP_matrix\picture\EL038_picture_WM_ERSP_pH_R1_TN.npy,True,EL038_pH_R1_picture,12
1247,EL038,picture,LM,pH_R2,..\01_FBM_Analysis\outputs\04_ersp_LM_RAWONLY\EL038\LM\ERSP_matrix\picture\EL038_picture_WM_ERSP_pH_R2_TN.npy,True,EL038_pH_R2_picture,15
1349,EL040,audio,LM,aH_L12,..\01_FBM_Analysis\outputs\04_ersp_LM_RAWONLY\EL040\LM\ERSP_matrix\audio\EL040_audio_None_ERSP_aH_L12_TN.npy,True,EL040_aH_L12_audio,16
1437,EL040,audio,LM,pH_R14,..\01_FBM_Analysis\outputs\04_ersp_LM_RAWONLY\EL040\LM\ERSP_matrix\audio\EL040_audio_None_ERSP_pH_R14_TN.npy,True,EL040_pH_R14_audio,11
1456,EL040,audio,LM,pPVH_L16,..\01_FBM_Analysis\outputs\04_ersp_LM_RAWONLY\EL040\LM\ERSP_matrix\audio\EL040_audio_None_ERSP_pPVH_L16_TN.npy,True,EL040_pPVH_L16_audio,20
1482,EL040,picture,LM,aH_L12,..\01_FBM_Analysis\outputs\04_ersp_LM_RAWONLY\EL040\LM\ERSP_matrix\picture\EL040_picture_None_ERSP_aH_L12_TN.npy,True,EL040_aH_L12_picture,9
1589,EL040,picture,LM,pPVH_L16,..\01_FBM_Analysis\outputs\04_ersp_LM_RAWONLY\EL040\LM\ERSP_matrix\picture\EL040_picture_None_ERSP_pPVH_L16_TN.npy,True,EL040_pPVH_L16_picture,23
1615,EL040,reading,LM,aH_L12,..\01_FBM_Analysis\outputs\04_ersp_LM_RAWONLY\EL040\LM\ERSP_matrix\reading\EL040_reading_None_ERSP_aH_L12_TN.npy,True,EL040_aH_L12_reading,9
1703,EL040,reading,LM,pH_R14,..\01_FBM_Analysis\outputs\04_ersp_LM_RAWONLY\EL040\LM\ERSP_matrix\reading\EL040_reading_None_ERSP_pH_R14_TN.npy,True,EL040_pH_R14_reading,2
1722,EL040,reading,LM,pPVH_L16,..\01_FBM_Analysis\outputs\04_ersp_LM_RAWONLY\EL040\LM\ERSP_matrix\reading\EL040_reading_None_ERSP_pPVH_L16_TN.npy,True,EL040_pPVH_L16_reading,22
1775,EL042,audio,LM,aH_R10,..\01_FBM_Analysis\outputs\04_ersp_LM_RAWONLY\EL042\LM\ERSP_matrix\audio\EL042_audio_WM_ERSP_aH_R10_TN.npy,True,EL042_aH_R10_audio,19
1776,EL042,audio,LM,aH_R11,..\01_FBM_Analysis\outputs\04_ersp_LM_RAWONLY\EL042\LM\ERSP_matrix\audio\EL042_audio_WM_ERSP_aH_R11_TN.npy,True,EL042_aH_R11_audio,12
1812,EL042,audio,LM,EntG_R7,..\01_FBM_Analysis\outputs\04_ersp_LM_RAWONLY\EL042\LM\ERSP_matrix\audio\EL042_audio_WM_ERSP_EntG_R7_TN.npy,True,EL042_EntG_R7_audio,15
1846,EL042,audio,LM,STG_R6,..\01_FBM_Analysis\outputs\04_ersp_LM_RAWONLY\EL042\LM\ERSP_matrix\audio\EL042_audio_WM_ERSP_STG_R6_TN.npy,True,EL042_STG_R6_audio,7
1905,EL042,picture,LM,aI_R17,..\01_FBM_Analysis\outputs\04_ersp_LM_RAWONLY\EL042\LM\ERSP_matrix\picture\EL042_picture_WM_ERSP_aI_R17_TN.npy,True,EL042_aI_R17_picture,15
1906,EL042,picture,LM,aI_R18,..\01_FBM_Analysis\outputs\04_ersp_LM_RAWONLY\EL042\LM\ERSP_matrix\picture\EL042_picture_WM_ERSP_aI_R18_TN.npy,True,EL042_aI_R18_picture,17
1923,EL042,picture,LM,EntG_R7,..\01_FBM_Analysis\outputs\04_ersp_LM_RAWONLY\EL042\LM\ERSP_matrix\picture\EL042_picture_WM_ERSP_EntG_R7_TN.npy,True,EL042_EntG_R7_picture,15
1924,EL042,picture,LM,EntG_R8,..\01_FBM_Analysis\outputs\04_ersp_LM_RAWONLY\EL042\LM\ERSP_matrix\picture\EL042_picture_WM_ERSP_EntG_R8_TN.npy,True,EL042_EntG_R8_picture,17
1925,EL042,picture,LM,EntG_R9,..\01_FBM_Analysis\outputs\04_ersp_LM_RAWONLY\EL042\LM\ERSP_matrix\picture\EL042_picture_WM_ERSP_EntG_R9_TN.npy,True,EL042_EntG_R9_picture,15
2086,EL043,audio,LM,Hip_L8,..\01_FBM_Analysis\outputs\04_ersp_LM_RAWONLY\EL043\LM\ERSP_matrix\audio\EL043_audio_None_ERSP_Hip_L8_TN.npy,True,EL043_Hip_L8_audio,11
2087,EL043,audio,LM,Hip_L9,..\01_FBM_Analysis\outputs\04_ersp_LM_RAWONLY\EL043\LM\ERSP_matrix\audio\EL043_audio_None_ERSP_Hip_L9_TN.npy,True,EL043_Hip_L9_audio,11
2195,EL043,picture,LM,IOG_L11,..\01_FBM_Analysis\outputs\04_ersp_LM_RAWONLY\EL043\LM\ERSP_matrix\picture\EL043_picture_None_ERSP_IOG_L11_TN.npy,True,EL043_IOG_L11_picture,16
2202,EL043,picture,LM,IOG_L6,..\01_FBM_Analysis\outputs\04_ersp_LM_RAWONLY\EL043\LM\ERSP_matrix\picture\EL043_picture_None_ERSP_IOG_L6_TN.npy,True,EL043_IOG_L6_picture,17
2203,EL043,picture,LM,IOG_L7,..\01_FBM_Analysis\outputs\04_ersp_LM_RAWONLY\EL043\LM\ERSP_matrix\picture\EL043_picture_None_ERSP_IOG_L7_TN.npy,True,EL043_IOG_L7_picture,8
2204,EL043,picture,LM,IOG_L8,..\01_FBM_Analysis\outputs\04_ersp_LM_RAWONLY\EL043\LM\ERSP_matrix\picture\EL043_picture_None_ERSP_IOG_L8_TN.npy,True,EL043_IOG_L8_picture,17
2298,EL043,reading,LM,Hip_L8,..\01_FBM_Analysis\outputs\04_ersp_LM_RAWONLY\EL043\LM\ERSP_matrix\reading\EL043_reading_None_ERSP_Hip_L8_TN.npy,True,EL043_Hip_L8_reading,20
2299,EL043,reading,LM,Hip_L9,..\01_FBM_Analysis\outputs\04_ersp_LM_RAWONLY\EL043\LM\ERSP_matrix\reading\EL043_reading_None_ERSP_Hip_L9_TN.npy,True,EL043_Hip_L9_reading,20
2388,EL045,audio,LM,A_L10,..\01_FBM_Analysis\outputs\04_ersp_LM_RAWONLY\EL045\LM\ERSP_matrix\audio\EL045_audio_None_ERSP_A_L10_TN.npy,True,EL045_A_L10_audio,2
2389,EL045,audio,LM,A_L11,..\01_FBM_Analysis\outputs\04_ersp_LM_RAWONLY\EL045\LM\ERSP_matrix\audio\EL045_audio_None_ERSP_A_L11_TN.npy,True,EL045_A_L11_audio,14
2390,EL045,audio,LM,A_L12,..\01_FBM_Analysis\outputs\04_ersp_LM_RAWONLY\EL045\LM\ERSP_matrix\audio\EL045_audio_None_ERSP_A_L12_TN.npy,True,EL045_A_L12_audio,18
2391,EL045,audio,LM,A_L1,..\01_FBM_Analysis\outputs\04_ersp_LM_RAWONLY\EL045\LM\ERSP_matrix\audio\EL045_audio_None_ERSP_A_L1_TN.npy,True,EL045_A_L1_audio,20
2392,EL045,audio,LM,A_L2,..\01_FBM_Analysis\outputs\04_ersp_LM_RAWONLY\EL045\LM\ERSP_matrix\audio\EL045_audio_None_ERSP_A_L2_TN.npy,True,EL045_A_L2_audio,20
2393,EL045,audio,LM,A_L3,..\01_FBM_Analysis\outputs\04_ersp_LM_RAWONLY\EL045\LM\ERSP_matrix\audio\EL045_audio_None_ERSP_A_L3_TN.npy,True,EL045_A_L3_audio,2
2394,EL045,audio,LM,A_L4,..\01_FBM_Analysis\outputs\04_ersp_LM_RAWONLY\EL045\LM\ERSP_matrix\audio\EL045_audio_None_ERSP_A_L4_TN.npy,True,EL045_A_L4_audio,20
2395,EL045,audio,LM,A_L5,..\01_FBM_Analysis\outputs\04_ersp_LM_RAWONLY\EL045\LM\ERSP_matrix\audio\EL045_audio_None_ERSP_A_L5_TN.npy,True,EL045_A_L5_audio,13
2396,EL045,audio,LM,A_L6,..\01_FBM_Analysis\outputs\04_ersp_LM_RAWONLY\EL045\LM\ERSP_matrix\audio\EL045_audio_None_ERSP_A_L6_TN.npy,True,EL045_A_L6_audio,7
2397,EL045,audio,LM,A_L7,..\01_FBM_Analysis\outputs\04_ersp_LM_RAWONLY\EL045\LM\ERSP_matrix\audio\EL045_audio_None_ERSP_A_L7_TN.npy,True,EL045_A_L7_audio,13
2398,EL045,audio,LM,A_L8,..\01_FBM_Analysis\outputs\04_ersp_LM_RAWONLY\EL045\LM\ERSP_matrix\audio\EL045_audio_None_ERSP_A_L8_TN.npy,True,EL045_A_L8_audio,7
2399,EL045,audio,LM,A_L9,..\01_FBM_Analysis\outputs\04_ersp_LM_RAWONLY\EL045\LM\ERSP_matrix\audio\EL045_audio_None_ERSP_A_L9_TN.npy,True,EL045_A_L9_audio,20
2404,EL045,audio,LM,A_R14,..\01_FBM_Analysis\outputs\04_ersp_LM_RAWONLY\EL045\LM\ERSP_matrix\audio\EL045_audio_None_ERSP_A_R14_TN.npy,True,EL045_A_R14_audio,2
2405,EL045,audio,LM,A_R15,..\01_FBM_Analysis\outputs\04_ersp_LM_RAWONLY\EL045\LM\ERSP_matrix\audio\EL045_audio_None_ERSP_A_R15_TN.npy,True,EL045_A_R15_audio,6
2406,EL045,audio,LM,A_R1,..\01_FBM_Analysis\outputs\04_ersp_LM_RAWONLY\EL045\LM\ERSP_matrix\audio\EL045_audio_None_ERSP_A_R1_TN.npy,True,EL045_A_R1_audio,1
2407,EL045,audio,LM,A_R2,..\01_FBM_Analysis\outputs\04_ersp_LM_RAWONLY\EL045\LM\ERSP_matrix\audio\EL045_audio_None_ERSP_A_R2_TN.npy,True,EL045_A_R2_audio,5
2408,EL045,audio,LM,A_R3,..\01_FBM_Analysis\outputs\04_ersp_LM_RAWONLY\EL045\LM\ERSP_matrix\audio\EL045_audio_None_ERSP_A_R3_TN.npy,True,EL045_A_R3_audio,5
2409,EL045,audio,LM,A_R4,..\01_FBM_Analysis\outputs\04_ersp_LM_RAWONLY\EL045\LM\ERSP_matrix\audio\EL045_audio_None_ERSP_A_R4_TN.npy,True,EL045_A_R4_audio,6
2410,EL045,audio,LM,A_R5,..\01_FBM_Analysis\outputs\04_ersp_LM_RAWONLY\EL045\LM\ERSP_matrix\audio\EL045_audio_None_ERSP_A_R5_TN.npy,True,EL045_A_R5_audio,7
2411,EL045,audio,LM,A_R6,..\01_FBM_Analysis\outputs\04_ersp_LM_RAWONLY\EL045\LM\ERSP_matrix\audio\EL045_audio_None_ERSP_A_R6_TN.npy,True,EL045_A_R6_audio,20
2412,EL045,audio,LM,A_R7,..\01_FBM_Analysis\outputs\04_ersp_LM_RAWONLY\EL045\LM\ERSP_matrix\audio\EL045_audio_None_ERSP_A_R7_TN.npy,True,EL045_A_R7_audio,20
2414,EL045,audio,LM,A_R9,..\01_FBM_Analysis\outputs\04_ersp_LM_RAWONLY\EL045\LM\ERSP_matrix\audio\EL045_audio_None_ERSP_A_R9_TN.npy,True,EL045_A_R9_audio,20
2415,EL045,audio,LM,aH_L10,..\01_FBM_Analysis\outputs\04_ersp_LM_RAWONLY\EL045\LM\ERSP_matrix\audio\EL045_audio_None_ERSP_aH_L10_TN.npy,True,EL045_aH_L10_audio,19
2416,EL045,audio,LM,aH_L11,..\01_FBM_Analysis\outputs\04_ersp_LM_RAWONLY\EL045\LM\ERSP_matrix\audio\EL045_audio_None_ERSP_aH_L11_TN.npy,True,EL045_aH_L11_audio,14
2417,EL045,audio,LM,aH_L12,..\01_FBM_Analysis\outputs\04_ersp_LM_RAWONLY\EL045\LM\ERSP_matrix\audio\EL045_audio_None_ERSP_aH_L12_TN.npy,True,EL045_aH_L12_audio,9
2419,EL045,audio,LM,aH_L2,..\01_FBM_Analysis\outputs\04_ersp_LM_RAWONLY\EL045\LM\ERSP_matrix\audio\EL045_audio_None_ERSP_aH_L2_TN.npy,True,EL045_aH_L2_audio,5
2420,EL045,audio,LM,aH_L3,..\01_FBM_Analysis\outputs\04_ersp_LM_RAWONLY\EL045\LM\ERSP_matrix\audio\EL045_audio_None_ERSP_aH_L3_TN.npy,True,EL045_aH_L3_audio,11
2421,EL045,audio,LM,aH_L4,..\01_FBM_Analysis\outputs\04_ersp_LM_RAWONLY\EL045\LM\ERSP_matrix\audio\EL045_audio_None_ERSP_aH_L4_TN.npy,True,EL045_aH_L4_audio,6
2422,EL045,audio,LM,aH_L5,..\01_FBM_Analysis\outputs\04_ersp_LM_RAWONLY\EL045\LM\ERSP_matrix\audio\EL045_audio_None_ERSP_aH_L5_TN.npy,True,EL045_aH_L5_audio,5
2423,EL045,audio,LM,aH_L6,..\01_FBM_Analysis\outputs\04_ersp_LM_RAWONLY\EL045\LM\ERSP_matrix\audio\EL045_audio_None_ERSP_aH_L6_TN.npy,True,EL045_aH_L6_audio,5
2424,EL045,audio,LM,aH_L7,..\01_FBM_Analysis\outputs\04_ersp_LM_RAWONLY\EL045\LM\ERSP_matrix\audio\EL045_audio_None_ERSP_aH_L7_TN.npy,True,EL045_aH_L7_audio,13
2425,EL045,audio,LM,aH_L8,..\01_FBM_Analysis\outputs\04_ersp_LM_RAWONLY\EL045\LM\ERSP_matrix\audio\EL045_audio_None_ERSP_aH_L8_TN.npy,True,EL045_aH_L8_audio,20
2426,EL045,audio,LM,aH_L9,..\01_FBM_Analysis\outputs\04_ersp_LM_RAWONLY\EL045\LM\ERSP_matrix\audio\EL045_audio_None_ERSP_aH_L9_TN.npy,True,EL045_aH_L9_audio,18
2427,EL045,audio,LM,aH_R10,..\01_FBM_Analysis\outputs\04_ersp_LM_RAWONLY\EL045\LM\ERSP_matrix\audio\EL045_audio_None_ERSP_aH_R10_TN.npy,True,EL045_aH_R10_audio,10
2428,EL045,audio,LM,aH_R11,..\01_FBM_Analysis\outputs\04_ersp_LM_RAWONLY\EL045\LM\ERSP_matrix\audio\EL045_audio_None_ERSP_aH_R11_TN.npy,True,EL045_aH_R11_audio,9
2429,EL045,audio,LM,aH_R12,..\01_FBM_Analysis\outputs\04_ersp_LM_RAWONLY\EL045\LM\ERSP_matrix\audio\EL045_audio_None_ERSP_aH_R12_TN.npy,True,EL045_aH_R12_audio,3
2430,EL045,audio,LM,aH_R13,..\01_FBM_Analysis\outputs\04_ersp_LM_RAWONLY\EL045\LM\ERSP_matrix\audio\EL045_audio_None_ERSP_aH_R13_TN.npy,True,EL045_aH_R13_audio,21
2431,EL045,audio,LM,aH_R1,..\01_FBM_Analysis\outputs\04_ersp_LM_RAWONLY\EL045\LM\ERSP_matrix\audio\EL045_audio_None_ERSP_aH_R1_TN.npy,True,EL045_aH_R1_audio,22
2434,EL045,audio,LM,aH_R4,..\01_FBM_Analysis\outputs\04_ersp_LM_RAWONLY\EL045\LM\ERSP_matrix\audio\EL045_audio_None_ERSP_aH_R4_TN.npy,True,EL045_aH_R4_audio,13
2435,EL045,audio,LM,aH_R5,..\01_FBM_Analysis\outputs\04_ersp_LM_RAWONLY\EL045\LM\ERSP_matrix\audio\EL045_audio_None_ERSP_aH_R5_TN.npy,True,EL045_aH_R5_audio,9
2436,EL045,audio,LM,aH_R6,..\01_FBM_Analysis\outputs\04_ersp_LM_RAWONLY\EL045\LM\ERSP_matrix\audio\EL045_audio_None_ERSP_aH_R6_TN.npy,True,EL045_aH_R6_audio,10
2437,EL045,audio,LM,aH_R7,..\01_FBM_Analysis\outputs\04_ersp_LM_RAWONLY\EL045\LM\ERSP_matrix\audio\EL045_audio_None_ERSP_aH_R7_TN.npy,True,EL045_aH_R7_audio,7
2438,EL045,audio,LM,aH_R9,..\01_FBM_Analysis\outputs\04_ersp_LM_RAWONLY\EL045\LM\ERSP_matrix\audio\EL045_audio_None_ERSP_aH_R9_TN.npy,True,EL045_aH_R9_audio,9
2439,EL045,audio,LM,EntG_L10,..\01_FBM_Analysis\outputs\04_ersp_LM_RAWONLY\EL045\LM\ERSP_matrix\audio\EL045_audio_None_ERSP_EntG_L10_TN.npy,True,EL045_EntG_L10_audio,14
2440,EL045,audio,LM,EntG_L11,..\01_FBM_Analysis\outputs\04_ersp_LM_RAWONLY\EL045\LM\ERSP_matrix\audio\EL045_audio_None_ERSP_EntG_L11_TN.npy,True,EL045_EntG_L11_audio,9
2441,EL045,audio,LM,EntG_L1,..\01_FBM_Analysis\outputs\04_ersp_LM_RAWONLY\EL045\LM\ERSP_matrix\audio\EL045_audio_None_ERSP_EntG_L1_TN.npy,True,EL045_EntG_L1_audio,11
2442,EL045,audio,LM,EntG_L2,..\01_FBM_Analysis\outputs\04_ersp_LM_RAWONLY\EL045\LM\ERSP_matrix\audio\EL045_audio_None_ERSP_EntG_L2_TN.npy,True,EL045_EntG_L2_audio,7
2443,EL045,audio,LM,EntG_L3,..\01_FBM_Analysis\outputs\04_ersp_LM_RAWONLY\EL045\LM\ERSP_matrix\audio\EL045_audio_None_ERSP_EntG_L3_TN.npy,True,EL045_EntG_L3_audio,5
2444,EL045,audio,LM,EntG_L4,..\01_FBM_Analysis\outputs\04_ersp_LM_RAWONLY\EL045\LM\ERSP_matrix\audio\EL045_audio_None_ERSP_EntG_L4_TN.npy,True,EL045_EntG_L4_audio,5
2445,EL045,audio,LM,EntG_L5,..\01_FBM_Analysis\outputs\04_ersp_LM_RAWONLY\EL045\LM\ERSP_matrix\audio\EL045_audio_None_ERSP_EntG_L5_TN.npy,True,EL045_EntG_L5_audio,5
2446,EL045,audio,LM,EntG_L6,..\01_FBM_Analysis\outputs\04_ersp_LM_RAWONLY\EL045\LM\ERSP_matrix\audio\EL045_audio_None_ERSP_EntG_L6_TN.npy,True,EL045_EntG_L6_audio,13
2447,EL045,audio,LM,EntG_L7,..\01_FBM_Analysis\outputs\04_ersp_LM_RAWONLY\EL045\LM\ERSP_matrix\audio\EL045_audio_None_ERSP_EntG_L7_TN.npy,True,EL045_EntG_L7_audio,14
2448,EL045,audio,LM,EntG_L8,..\01_FBM_Analysis\outputs\04_ersp_LM_RAWONLY\EL045\LM\ERSP_matrix\audio\EL045_audio_None_ERSP_EntG_L8_TN.npy,True,EL045_EntG_L8_audio,7
2449,EL045,audio,LM,EntG_L9,..\01_FBM_Analysis\outputs\04_ersp_LM_RAWONLY\EL045\LM\ERSP_matrix\audio\EL045_audio_None_ERSP_EntG_L9_TN.npy,True,EL045_EntG_L9_audio,12
2450,EL045,audio,LM,pH_L10,..\01_FBM_Analysis\outputs\04_ersp_LM_RAWONLY\EL045\LM\ERSP_matrix\audio\EL045_audio_None_ERSP_pH_L10_TN.npy,True,EL045_pH_L10_audio,20
2451,EL045,audio,LM,pH_L11,..\01_FBM_Analysis\outputs\04_ersp_LM_RAWONLY\EL045\LM\ERSP_matrix\audio\EL045_audio_None_ERSP_pH_L11_TN.npy,True,EL045_pH_L11_audio,13
2452,EL045,audio,LM,pH_L12,..\01_FBM_Analysis\outputs\04_ersp_LM_RAWONLY\EL045\LM\ERSP_matrix\audio\EL045_audio_None_ERSP_pH_L12_TN.npy,True,EL045_pH_L12_audio,8
2453,EL045,audio,LM,pH_L13,..\01_FBM_Analysis\outputs\04_ersp_LM_RAWONLY\EL045\LM\ERSP_matrix\audio\EL045_audio_None_ERSP_pH_L13_TN.npy,True,EL045_pH_L13_audio,7
2454,EL045,audio,LM,pH_L14,..\01_FBM_Analysis\outputs\04_ersp_LM_RAWONLY\EL045\LM\ERSP_matrix\audio\EL045_audio_None_ERSP_pH_L14_TN.npy,True,EL045_pH_L14_audio,0
2455,EL045,audio,LM,pH_L15,..\01_FBM_Analysis\outputs\04_ersp_LM_RAWONLY\EL045\LM\ERSP_matrix\audio\EL045_audio_None_ERSP_pH_L15_TN.npy,True,EL045_pH_L15_audio,5
2458,EL045,audio,LM,pH_L3,..\01_FBM_Analysis\outputs\04_ersp_LM_RAWONLY\EL045\LM\ERSP_matrix\audio\EL045_audio_None_ERSP_pH_L3_TN.npy,True,EL045_pH_L3_audio,5
2459,EL045,audio,LM,pH_L4,..\01_FBM_Analysis\outputs\04_ersp_LM_RAWONLY\EL045\LM\ERSP_matrix\audio\EL045_audio_None_ERSP_pH_L4_TN.npy,True,EL045_pH_L4_audio,20
2461,EL045,audio,LM,pH_L6,..\01_FBM_Analysis\outputs\04_ersp_LM_RAWONLY\EL045\LM\ERSP_matrix\audio\EL045_audio_None_ERSP_pH_L6_TN.npy,True,EL045_pH_L6_audio,14
2462,EL045,audio,LM,pH_L8,..\01_FBM_Analysis\outputs\04_ersp_LM_RAWONLY\EL045\LM\ERSP_matrix\audio\EL045_audio_None_ERSP_pH_L8_TN.npy,True,EL045_pH_L8_audio,5
2463,EL045,audio,LM,pH_L9,..\01_FBM_Analysis\outputs\04_ersp_LM_RAWONLY\EL045\LM\ERSP_matrix\audio\EL045_audio_None_ERSP_pH_L9_TN.npy,True,EL045_pH_L9_audio,20
2464,EL045,audio,LM,PlaT_L1,..\01_FBM_Analysis\outputs\04_ersp_LM_RAWONLY\EL045\LM\ERSP_matrix\audio\EL045_audio_None_ERSP_PlaT_L1_TN.npy,True,EL045_PlaT_L1_audio,1
2465,EL045,audio,LM,PlaT_L2,..\01_FBM_Analysis\outputs\04_ersp_LM_RAWONLY\EL045\LM\ERSP_matrix\audio\EL045_audio_None_ERSP_PlaT_L2_TN.npy,True,EL045_PlaT_L2_audio,18
2468,EL045,audio,LM,PlaT_L5,..\01_FBM_Analysis\outputs\04_ersp_LM_RAWONLY\EL045\LM\ERSP_matrix\audio\EL045_audio_None_ERSP_PlaT_L5_TN.npy,True,EL045_PlaT_L5_audio,7
2469,EL045,audio,LM,PlaT_L6,..\01_FBM_Analysis\outputs\04_ersp_LM_RAWONLY\EL045\LM\ERSP_matrix\audio\EL045_audio_None_ERSP_PlaT_L6_TN.npy,True,EL045_PlaT_L6_audio,23
2470,EL045,audio,LM,STG_L1,..\01_FBM_Analysis\outputs\04_ersp_LM_RAWONLY\EL045\LM\ERSP_matrix\audio\EL045_audio_None_ERSP_STG_L1_TN.npy,True,EL045_STG_L1_audio,18
2471,EL045,audio,LM,STG_L2,..\01_FBM_Analysis\outputs\04_ersp_LM_RAWONLY\EL045\LM\ERSP_matrix\audio\EL045_audio_None_ERSP_STG_L2_TN.npy,True,EL045_STG_L2_audio,19
2472,EL045,audio,LM,STG_L3,..\01_FBM_Analysis\outputs\04_ersp_LM_RAWONLY\EL045\LM\ERSP_matrix\audio\EL045_audio_None_ERSP_STG_L3_TN.npy,True,EL045_STG_L3_audio,15
2473,EL045,audio,LM,STG_L4,..\01_FBM_Analysis\outputs\04_ersp_LM_RAWONLY\EL045\LM\ERSP_matrix\audio\EL045_audio_None_ERSP_STG_L4_TN.npy,True,EL045_STG_L4_audio,23
2475,EL045,audio,LM,STG_L6,..\01_FBM_Analysis\outputs\04_ersp_LM_RAWONLY\EL045\LM\ERSP_matrix\audio\EL045_audio_None_ERSP_STG_L6_TN.npy,True,EL045_STG_L6_audio,0
2476,EL045,audio,LM,STG_L7,..\01_FBM_Analysis\outputs\04_ersp_LM_RAWONLY\EL045\LM\ERSP_matrix\audio\EL045_audio_None_ERSP_STG_L7_TN.npy,True,EL045_STG_L7_audio,21
2478,EL045,audio,LM,STG_L9,..\01_FBM_Analysis\outputs\04_ersp_LM_RAWONLY\EL045\LM\ERSP_matrix\audio\EL045_audio_None_ERSP_STG_L9_TN.npy,True,EL045_STG_L9_audio,18
2483,EL045,audio,LM,TTG_L5,..\01_FBM_Analysis\outputs\04_ersp_LM_RAWONLY\EL045\LM\ERSP_matrix\audio\EL045_audio_None_ERSP_TTG_L5_TN.npy,True,EL045_TTG_L5_audio,1
2485,EL045,audio,LM,TTG_L7,..\01_FBM_Analysis\outputs\04_ersp_LM_RAWONLY\EL045\LM\ERSP_matrix\audio\EL045_audio_None_ERSP_TTG_L7_TN.npy,True,EL045_TTG_L7_audio,4
2486,EL045,audio,LM,TTG_L8,..\01_FBM_Analysis\outputs\04_ersp_LM_RAWONLY\EL045\LM\ERSP_matrix\audio\EL045_audio_None_ERSP_TTG_L8_TN.npy,True,EL045_TTG_L8_audio,6
2487,EL045,audio,LM,TTG_L9,..\01_FBM_Analysis\outputs\04_ersp_LM_RAWONLY\EL045\LM\ERSP_matrix\audio\EL045_audio_None_ERSP_TTG_L9_TN.npy,True,EL045_TTG_L9_audio,18
2488,EL045,picture,LM,A_L10,..\01_FBM_Analysis\outputs\04_ersp_LM_RAWONLY\EL045\LM\ERSP_matrix\picture\EL045_picture_None_ERSP_A_L10_TN.npy,True,EL045_A_L10_picture,10
2489,EL045,picture,LM,A_L11,..\01_FBM_Analysis\outputs\04_ersp_LM_RAWONLY\EL045\LM\ERSP_matrix\picture\EL045_picture_None_ERSP_A_L11_TN.npy,True,EL045_A_L11_picture,1
2490,EL045,picture,LM,A_L12,..\01_FBM_Analysis\outputs\04_ersp_LM_RAWONLY\EL045\LM\ERSP_matrix\picture\EL045_picture_None_ERSP_A_L12_TN.npy,True,EL045_A_L12_picture,22
2491,EL045,picture,LM,A_L1,..\01_FBM_Analysis\outputs\04_ersp_LM_RAWONLY\EL045\LM\ERSP_matrix\picture\EL045_picture_None_ERSP_A_L1_TN.npy,True,EL045_A_L1_picture,1
2492,EL045,picture,LM,A_L2,..\01_FBM_Analysis\outputs\04_ersp_LM_RAWONLY\EL045\LM\ERSP_matrix\picture\EL045_picture_None_ERSP_A_L2_TN.npy,True,EL045_A_L2_picture,8
2493,EL045,picture,LM,A_L3,..\01_FBM_Analysis\outputs\04_ersp_LM_RAWONLY\EL045\LM\ERSP_matrix\picture\EL045_picture_None_ERSP_A_L3_TN.npy,True,EL045_A_L3_picture,15
2494,EL045,picture,LM,A_L4,..\01_FBM_Analysis\outputs\04_ersp_LM_RAWONLY\EL045\LM\ERSP_matrix\picture\EL045_picture_None_ERSP_A_L4_TN.npy,True,EL045_A_L4_picture,5
2495,EL045,picture,LM,A_L5,..\01_FBM_Analysis\outputs\04_ersp_LM_RAWONLY\EL045\LM\ERSP_matrix\picture\EL045_picture_None_ERSP_A_L5_TN.npy,True,EL045_A_L5_picture,8
2496,EL045,picture,LM,A_L6,..\01_FBM_Analysis\outputs\04_ersp_LM_RAWONLY\EL045\LM\ERSP_matrix\picture\EL045_picture_None_ERSP_A_L6_TN.npy,True,EL045_A_L6_picture,10
2497,EL045,picture,LM,A_L7,..\01_FBM_Analysis\outputs\04_ersp_LM_RAWONLY\EL045\LM\ERSP_matrix\picture\EL045_picture_None_ERSP_A_L7_TN.npy,True,EL045_A_L7_picture,22
2498,EL045,picture,LM,A_L8,..\01_FBM_Analysis\outputs\04_ersp_LM_RAWONLY\EL045\LM\ERSP_matrix\picture\EL045_picture_None_ERSP_A_L8_TN.npy,True,EL045_A_L8_picture,10
2499,EL045,picture,LM,A_L9,..\01_FBM_Analysis\outputs\04_ersp_LM_RAWONLY\EL045\LM\ERSP_matrix\picture\EL045_picture_None_ERSP_A_L9_TN.npy,True,EL045_A_L9_picture,10
2504,EL045,picture,LM,A_R14,..\01_FBM_Analysis\outputs\04_ersp_LM_RAWONLY\EL045\LM\ERSP_matrix\picture\EL045_picture_None_ERSP_A_R14_TN.npy,True,EL045_A_R14_picture,4
2505,EL045,picture,LM,A_R15,..\01_FBM_Analysis\outputs\04_ersp_LM_RAWONLY\EL045\LM\ERSP_matrix\picture\EL045_picture_None_ERSP_A_R15_TN.npy,True,EL045_A_R15_picture,19
2510,EL045,picture,LM,A_R5,..\01_FBM_Analysis\outputs\04_ersp_LM_RAWONLY\EL045\LM\ERSP_matrix\picture\EL045_picture_None_ERSP_A_R5_TN.npy,True,EL045_A_R5_picture,3
2511,EL045,picture,LM,A_R6,..\01_FBM_Analysis\outputs\04_ersp_LM_RAWONLY\EL045\LM\ERSP_matrix\picture\EL045_picture_None_ERSP_A_R6_TN.npy,True,EL045_A_R6_picture,3
2512,EL045,picture,LM,A_R7,..\01_FBM_Analysis\outputs\04_ersp_LM_RAWONLY\EL045\LM\ERSP_matrix\picture\EL045_picture_None_ERSP_A_R7_TN.npy,True,EL045_A_R7_picture,10
2515,EL045,picture,LM,aH_L10,..\01_FBM_Analysis\outputs\04_ersp_LM_RAWONLY\EL045\LM\ERSP_matrix\picture\EL045_picture_None_ERSP_aH_L10_TN.npy,True,EL045_aH_L10_picture,1
2516,EL045,picture,LM,aH_L11,..\01_FBM_Analysis\outputs\04_ersp_LM_RAWONLY\EL045\LM\ERSP_matrix\picture\EL045_picture_None_ERSP_aH_L11_TN.npy,True,EL045_aH_L11_picture,4
2517,EL045,picture,LM,aH_L12,..\01_FBM_Analysis\outputs\04_ersp_LM_RAWONLY\EL045\LM\ERSP_matrix\picture\EL045_picture_None_ERSP_aH_L12_TN.npy,True,EL045_aH_L12_picture,6
2519,EL045,picture,LM,aH_L2,..\01_FBM_Analysis\outputs\04_ersp_LM_RAWONLY\EL045\LM\ERSP_matrix\picture\EL045_picture_None_ERSP_aH_L2_TN.npy,True,EL045_aH_L2_picture,10
2520,EL045,picture,LM,aH_L3,..\01_FBM_Analysis\outputs\04_ersp_LM_RAWONLY\EL045\LM\ERSP_matrix\picture\EL045_picture_None_ERSP_aH_L3_TN.npy,True,EL045_aH_L3_picture,8
2521,EL045,picture,LM,aH_L4,..\01_FBM_Analysis\outputs\04_ersp_LM_RAWONLY\EL045\LM\ERSP_matrix\picture\EL045_picture_None_ERSP_aH_L4_TN.npy,True,EL045_aH_L4_picture,22
2522,EL045,picture,LM,aH_L5,..\01_FBM_Analysis\outputs\04_ersp_LM_RAWONLY\EL045\LM\ERSP_matrix\picture\EL045_picture_None_ERSP_aH_L5_TN.npy,True,EL045_aH_L5_picture,6
2523,EL045,picture,LM,aH_L6,..\01_FBM_Analysis\outputs\04_ersp_LM_RAWONLY\EL045\LM\ERSP_matrix\picture\EL045_picture_None_ERSP_aH_L6_TN.npy,True,EL045_aH_L6_picture,3
2524,EL045,picture,LM,aH_L7,..\01_FBM_Analysis\outputs\04_ersp_LM_RAWONLY\EL045\LM\ERSP_matrix\picture\EL045_picture_None_ERSP_aH_L7_TN.npy,True,EL045_aH_L7_picture,10
2525,EL045,picture,LM,aH_L8,..\01_FBM_Analysis\outputs\04_ersp_LM_RAWONLY\EL045\LM\ERSP_matrix\picture\EL045_picture_None_ERSP_aH_L8_TN.npy,True,EL045_aH_L8_picture,10
2526,EL045,picture,LM,aH_L9,..\01_FBM_Analysis\outputs\04_ersp_LM_RAWONLY\EL045\LM\ERSP_matrix\picture\EL045_picture_None_ERSP_aH_L9_TN.npy,True,EL045_aH_L9_picture,12
2529,EL045,picture,LM,aH_R12,..\01_FBM_Analysis\outputs\04_ersp_LM_RAWONLY\EL045\LM\ERSP_matrix\picture\EL045_picture_None_ERSP_aH_R12_TN.npy,True,EL045_aH_R12_picture,10
2530,EL045,picture,LM,aH_R13,..\01_FBM_Analysis\outputs\04_ersp_LM_RAWONLY\EL045\LM\ERSP_matrix\picture\EL045_picture_None_ERSP_aH_R13_TN.npy,True,EL045_aH_R13_picture,3
2535,EL045,picture,LM,aH_R5,..\01_FBM_Analysis\outputs\04_ersp_LM_RAWONLY\EL045\LM\ERSP_matrix\picture\EL045_picture_None_ERSP_aH_R5_TN.npy,True,EL045_aH_R5_picture,18
2536,EL045,picture,LM,aH_R6,..\01_FBM_Analysis\outputs\04_ersp_LM_RAWONLY\EL045\LM\ERSP_matrix\picture\EL045_picture_None_ERSP_aH_R6_TN.npy,True,EL045_aH_R6_picture,4
2537,EL045,picture,LM,aH_R7,..\01_FBM_Analysis\outputs\04_ersp_LM_RAWONLY\EL045\LM\ERSP_matrix\picture\EL045_picture_None_ERSP_aH_R7_TN.npy,True,EL045_aH_R7_picture,4
2538,EL045,picture,LM,aH_R9,..\01_FBM_Analysis\outputs\04_ersp_LM_RAWONLY\EL045\LM\ERSP_matrix\picture\EL045_picture_None_ERSP_aH_R9_TN.npy,True,EL045_aH_R9_picture,8
2539,EL045,picture,LM,EntG_L10,..\01_FBM_Analysis\outputs\04_ersp_LM_RAWONLY\EL045\LM\ERSP_matrix\picture\EL045_picture_None_ERSP_EntG_L10_TN.npy,True,EL045_EntG_L10_picture,6
2540,EL045,picture,LM,EntG_L11,..\01_FBM_Analysis\outputs\04_ersp_LM_RAWONLY\EL045\LM\ERSP_matrix\picture\EL045_picture_None_ERSP_EntG_L11_TN.npy,True,EL045_EntG_L11_picture,9
2541,EL045,picture,LM,EntG_L1,..\01_FBM_Analysis\outputs\04_ersp_LM_RAWONLY\EL045\LM\ERSP_matrix\picture\EL045_picture_None_ERSP_EntG_L1_TN.npy,True,EL045_EntG_L1_picture,22
2542,EL045,picture,LM,EntG_L2,..\01_FBM_Analysis\outputs\04_ersp_LM_RAWONLY\EL045\LM\ERSP_matrix\picture\EL045_picture_None_ERSP_EntG_L2_TN.npy,True,EL045_EntG_L2_picture,10
2543,EL045,picture,LM,EntG_L3,..\01_FBM_Analysis\outputs\04_ersp_LM_RAWONLY\EL045\LM\ERSP_matrix\picture\EL045_picture_None_ERSP_EntG_L3_TN.npy,True,EL045_EntG_L3_picture,10
2544,EL045,picture,LM,EntG_L4,..\01_FBM_Analysis\outputs\04_ersp_LM_RAWONLY\EL045\LM\ERSP_matrix\picture\EL045_picture_None_ERSP_EntG_L4_TN.npy,True,EL045_EntG_L4_picture,14
2545,EL045,picture,LM,EntG_L5,..\01_FBM_Analysis\outputs\04_ersp_LM_RAWONLY\EL045\LM\ERSP_matrix\picture\EL045_picture_None_ERSP_EntG_L5_TN.npy,True,EL045_EntG_L5_picture,22
2546,EL045,picture,LM,EntG_L6,..\01_FBM_Analysis\outputs\04_ersp_LM_RAWONLY\EL045\LM\ERSP_matrix\picture\EL045_picture_None_ERSP_EntG_L6_TN.npy,True,EL045_EntG_L6_picture,1
2547,EL045,picture,LM,EntG_L7,..\01_FBM_Analysis\outputs\04_ersp_LM_RAWONLY\EL045\LM\ERSP_matrix\picture\EL045_picture_None_ERSP_EntG_L7_TN.npy,True,EL045_EntG_L7_picture,10
2548,EL045,picture,LM,EntG_L8,..\01_FBM_Analysis\outputs\04_ersp_LM_RAWONLY\EL045\LM\ERSP_matrix\picture\EL045_picture_None_ERSP_EntG_L8_TN.npy,True,EL045_EntG_L8_picture,19
2549,EL045,picture,LM,EntG_L9,..\01_FBM_Analysis\outputs\04_ersp_LM_RAWONLY\EL045\LM\ERSP_matrix\picture\EL045_picture_None_ERSP_EntG_L9_TN.npy,True,EL045_EntG_L9_picture,9
2550,EL045,picture,LM,pH_L10,..\01_FBM_Analysis\outputs\04_ersp_LM_RAWONLY\EL045\LM\ERSP_matrix\picture\EL045_picture_None_ERSP_pH_L10_TN.npy,True,EL045_pH_L10_picture,21
2551,EL045,picture,LM,pH_L11,..\01_FBM_Analysis\outputs\04_ersp_LM_RAWONLY\EL045\LM\ERSP_matrix\picture\EL045_picture_None_ERSP_pH_L11_TN.npy,True,EL045_pH_L11_picture,3
2552,EL045,picture,LM,pH_L12,..\01_FBM_Analysis\outputs\04_ersp_LM_RAWONLY\EL045\LM\ERSP_matrix\picture\EL045_picture_None_ERSP_pH_L12_TN.npy,True,EL045_pH_L12_picture,10
2553,EL045,picture,LM,pH_L13,..\01_FBM_Analysis\outputs\04_ersp_LM_RAWONLY\EL045\LM\ERSP_matrix\picture\EL045_picture_None_ERSP_pH_L13_TN.npy,True,EL045_pH_L13_picture,3
2555,EL045,picture,LM,pH_L15,..\01_FBM_Analysis\outputs\04_ersp_LM_RAWONLY\EL045\LM\ERSP_matrix\picture\EL045_picture_None_ERSP_pH_L15_TN.npy,True,EL045_pH_L15_picture,14
2558,EL045,picture,LM,pH_L3,..\01_FBM_Analysis\outputs\04_ersp_LM_RAWONLY\EL045\LM\ERSP_matrix\picture\EL045_picture_None_ERSP_pH_L3_TN.npy,True,EL045_pH_L3_picture,22
2559,EL045,picture,LM,pH_L4,..\01_FBM_Analysis\outputs\04_ersp_LM_RAWONLY\EL045\LM\ERSP_matrix\picture\EL045_picture_None_ERSP_pH_L4_TN.npy,True,EL045_pH_L4_picture,3
2561,EL045,picture,LM,pH_L6,..\01_FBM_Analysis\outputs\04_ersp_LM_RAWONLY\EL045\LM\ERSP_matrix\picture\EL045_picture_None_ERSP_pH_L6_TN.npy,True,EL045_pH_L6_picture,22
2562,EL045,picture,LM,pH_L8,..\01_FBM_Analysis\outputs\04_ersp_LM_RAWONLY\EL045\LM\ERSP_matrix\picture\EL045_picture_None_ERSP_pH_L8_TN.npy,True,EL045_pH_L8_picture,22
2563,EL045,picture,LM,pH_L9,..\01_FBM_Analysis\outputs\04_ersp_LM_RAWONLY\EL045\LM\ERSP_matrix\picture\EL045_picture_None_ERSP_pH_L9_TN.npy,True,EL045_pH_L9_picture,19
2564,EL045,picture,LM,PlaT_L1,..\01_FBM_Analysis\outputs\04_ersp_LM_RAWONLY\EL045\LM\ERSP_matrix\picture\EL045_picture_None_ERSP_PlaT_L1_TN.npy,True,EL045_PlaT_L1_picture,10
2568,EL045,picture,LM,PlaT_L5,..\01_FBM_Analysis\outputs\04_ersp_LM_RAWONLY\EL045\LM\ERSP_matrix\picture\EL045_picture_None_ERSP_PlaT_L5_TN.npy,True,EL045_PlaT_L5_picture,13
2569,EL045,picture,LM,PlaT_L6,..\01_FBM_Analysis\outputs\04_ersp_LM_RAWONLY\EL045\LM\ERSP_matrix\picture\EL045_picture_None_ERSP_PlaT_L6_TN.npy,True,EL045_PlaT_L6_picture,12
2570,EL045,picture,LM,STG_L1,..\01_FBM_Analysis\outputs\04_ersp_LM_RAWONLY\EL045\LM\ERSP_matrix\picture\EL045_picture_None_ERSP_STG_L1_TN.npy,True,EL045_STG_L1_picture,10
2576,EL045,picture,LM,STG_L7,..\01_FBM_Analysis\outputs\04_ersp_LM_RAWONLY\EL045\LM\ERSP_matrix\picture\EL045_picture_None_ERSP_STG_L7_TN.npy,True,EL045_STG_L7_picture,6
2578,EL045,picture,LM,STG_L9,..\01_FBM_Analysis\outputs\04_ersp_LM_RAWONLY\EL045\LM\ERSP_matrix\picture\EL045_picture_None_ERSP_STG_L9_TN.npy,True,EL045_STG_L9_picture,5
2580,EL045,picture,LM,TTG_L2,..\01_FBM_Analysis\outputs\04_ersp_LM_RAWONLY\EL045\LM\ERSP_matrix\picture\EL045_picture_None_ERSP_TTG_L2_TN.npy,True,EL045_TTG_L2_picture,1
2581,EL045,picture,LM,TTG_L3,..\01_FBM_Analysis\outputs\04_ersp_LM_RAWONLY\EL045\LM\ERSP_matrix\picture\EL045_picture_None_ERSP_TTG_L3_TN.npy,True,EL045_TTG_L3_picture,18
2582,EL045,picture,LM,TTG_L4,..\01_FBM_Analysis\outputs\04_ersp_LM_RAWONLY\EL045\LM\ERSP_matrix\picture\EL045_picture_None_ERSP_TTG_L4_TN.npy,True,EL045_TTG_L4_picture,8
2583,EL045,picture,LM,TTG_L5,..\01_FBM_Analysis\outputs\04_ersp_LM_RAWONLY\EL045\LM\ERSP_matrix\picture\EL045_picture_None_ERSP_TTG_L5_TN.npy,True,EL045_TTG_L5_picture,2
2584,EL045,picture,LM,TTG_L6,..\01_FBM_Analysis\outputs\04_ersp_LM_RAWONLY\EL045\LM\ERSP_matrix\picture\EL045_picture_None_ERSP_TTG_L6_TN.npy,True,EL045_TTG_L6_picture,0
2585,EL045,picture,LM,TTG_L7,..\01_FBM_Analysis\outputs\04_ersp_LM_RAWONLY\EL045\LM\ERSP_matrix\picture\EL045_picture_None_ERSP_TTG_L7_TN.npy,True,EL045_TTG_L7_picture,3
2586,EL045,picture,LM,TTG_L8,..\01_FBM_Analysis\outputs\04_ersp_LM_RAWONLY\EL045\LM\ERSP_matrix\picture\EL045_picture_None_ERSP_TTG_L8_TN.npy,True,EL045_TTG_L8_picture,7
2587,EL045,picture,LM,TTG_L9,..\01_FBM_Analysis\outputs\04_ersp_LM_RAWONLY\EL045\LM\ERSP_matrix\picture\EL045_picture_None_ERSP_TTG_L9_TN.npy,True,EL045_TTG_L9_picture,4
2588,EL045,reading,LM,A_L10,..\01_FBM_Analysis\outputs\04_ersp_LM_RAWONLY\EL045\LM\ERSP_matrix\reading\EL045_reading_None_ERSP_A_L10_TN.npy,True,EL045_A_L10_reading,7
2589,EL045,reading,LM,A_L11,..\01_FBM_Analysis\outputs\04_ersp_LM_RAWONLY\EL045\LM\ERSP_matrix\reading\EL045_reading_None_ERSP_A_L11_TN.npy,True,EL045_A_L11_reading,7
2590,EL045,reading,LM,A_L12,..\01_FBM_Analysis\outputs\04_ersp_LM_RAWONLY\EL045\LM\ERSP_matrix\reading\EL045_reading_None_ERSP_A_L12_TN.npy,True,EL045_A_L12_reading,10
2591,EL045,reading,LM,A_L1,..\01_FBM_Analysis\outputs\04_ersp_LM_RAWONLY\EL045\LM\ERSP_matrix\reading\EL045_reading_None_ERSP_A_L1_TN.npy,True,EL045_A_L1_reading,21
2592,EL045,reading,LM,A_L2,..\01_FBM_Analysis\outputs\04_ersp_LM_RAWONLY\EL045\LM\ERSP_matrix\reading\EL045_reading_None_ERSP_A_L2_TN.npy,True,EL045_A_L2_reading,6
2593,EL045,reading,LM,A_L3,..\01_FBM_Analysis\outputs\04_ersp_LM_RAWONLY\EL045\LM\ERSP_matrix\reading\EL045_reading_None_ERSP_A_L3_TN.npy,True,EL045_A_L3_reading,6
2594,EL045,reading,LM,A_L4,..\01_FBM_Analysis\outputs\04_ersp_LM_RAWONLY\EL045\LM\ERSP_matrix\reading\EL045_reading_None_ERSP_A_L4_TN.npy,True,EL045_A_L4_reading,15
2595,EL045,reading,LM,A_L5,..\01_FBM_Analysis\outputs\04_ersp_LM_RAWONLY\EL045\LM\ERSP_matrix\reading\EL045_reading_None_ERSP_A_L5_TN.npy,True,EL045_A_L5_reading,15
2596,EL045,reading,LM,A_L6,..\01_FBM_Analysis\outputs\04_ersp_LM_RAWONLY\EL045\LM\ERSP_matrix\reading\EL045_reading_None_ERSP_A_L6_TN.npy,True,EL045_A_L6_reading,6
2597,EL045,reading,LM,A_L7,..\01_FBM_Analysis\outputs\04_ersp_LM_RAWONLY\EL045\LM\ERSP_matrix\reading\EL045_reading_None_ERSP_A_L7_TN.npy,True,EL045_A_L7_reading,6
2598,EL045,reading,LM,A_L8,..\01_FBM_Analysis\outputs\04_ersp_LM_RAWONLY\EL045\LM\ERSP_matrix\reading\EL045_reading_None_ERSP_A_L8_TN.npy,True,EL045_A_L8_reading,4
2599,EL045,reading,LM,A_L9,..\01_FBM_Analysis\outputs\04_ersp_LM_RAWONLY\EL045\LM\ERSP_matrix\reading\EL045_reading_None_ERSP_A_L9_TN.npy,True,EL045_A_L9_reading,19
2605,EL045,reading,LM,A_R15,..\01_FBM_Analysis\outputs\04_ersp_LM_RAWONLY\EL045\LM\ERSP_matrix\reading\EL045_reading_None_ERSP_A_R15_TN.npy,True,EL045_A_R15_reading,14
2611,EL045,reading,LM,A_R6,..\01_FBM_Analysis\outputs\04_ersp_LM_RAWONLY\EL045\LM\ERSP_matrix\reading\EL045_reading_None_ERSP_A_R6_TN.npy,True,EL045_A_R6_reading,1
2612,EL045,reading,LM,A_R7,..\01_FBM_Analysis\outputs\04_ersp_LM_RAWONLY\EL045\LM\ERSP_matrix\reading\EL045_reading_None_ERSP_A_R7_TN.npy,True,EL045_A_R7_reading,1
2615,EL045,reading,LM,aH_L10,..\01_FBM_Analysis\outputs\04_ersp_LM_RAWONLY\EL045\LM\ERSP_matrix\reading\EL045_reading_None_ERSP_aH_L10_TN.npy,True,EL045_aH_L10_reading,9
2616,EL045,reading,LM,aH_L11,..\01_FBM_Analysis\outputs\04_ersp_LM_RAWONLY\EL045\LM\ERSP_matrix\reading\EL045_reading_None_ERSP_aH_L11_TN.npy,True,EL045_aH_L11_reading,7
2617,EL045,reading,LM,aH_L12,..\01_FBM_Analysis\outputs\04_ersp_LM_RAWONLY\EL045\LM\ERSP_matrix\reading\EL045_reading_None_ERSP_aH_L12_TN.npy,True,EL045_aH_L12_reading,9
2619,EL045,reading,LM,aH_L2,..\01_FBM_Analysis\outputs\04_ersp_LM_RAWONLY\EL045\LM\ERSP_matrix\reading\EL045_reading_None_ERSP_aH_L2_TN.npy,True,EL045_aH_L2_reading,4
2620,EL045,reading,LM,aH_L3,..\01_FBM_Analysis\outputs\04_ersp_LM_RAWONLY\EL045\LM\ERSP_matrix\reading\EL045_reading_None_ERSP_aH_L3_TN.npy,True,EL045_aH_L3_reading,1
2621,EL045,reading,LM,aH_L4,..\01_FBM_Analysis\outputs\04_ersp_LM_RAWONLY\EL045\LM\ERSP_matrix\reading\EL045_reading_None_ERSP_aH_L4_TN.npy,True,EL045_aH_L4_reading,9
2622,EL045,reading,LM,aH_L5,..\01_FBM_Analysis\outputs\04_ersp_LM_RAWONLY\EL045\LM\ERSP_matrix\reading\EL045_reading_None_ERSP_aH_L5_TN.npy,True,EL045_aH_L5_reading,11
2623,EL045,reading,LM,aH_L6,..\01_FBM_Analysis\outputs\04_ersp_LM_RAWONLY\EL045\LM\ERSP_matrix\reading\EL045_reading_None_ERSP_aH_L6_TN.npy,True,EL045_aH_L6_reading,6
2624,EL045,reading,LM,aH_L7,..\01_FBM_Analysis\outputs\04_ersp_LM_RAWONLY\EL045\LM\ERSP_matrix\reading\EL045_reading_None_ERSP_aH_L7_TN.npy,True,EL045_aH_L7_reading,6
2625,EL045,reading,LM,aH_L8,..\01_FBM_Analysis\outputs\04_ersp_LM_RAWONLY\EL045\LM\ERSP_matrix\reading\EL045_reading_None_ERSP_aH_L8_TN.npy,True,EL045_aH_L8_reading,5
2626,EL045,reading,LM,aH_L9,..\01_FBM_Analysis\outputs\04_ersp_LM_RAWONLY\EL045\LM\ERSP_matrix\reading\EL045_reading_None_ERSP_aH_L9_TN.npy,True,EL045_aH_L9_reading,19
2629,EL045,reading,LM,aH_R12,..\01_FBM_Analysis\outputs\04_ersp_LM_RAWONLY\EL045\LM\ERSP_matrix\reading\EL045_reading_None_ERSP_aH_R12_TN.npy,True,EL045_aH_R12_reading,6
2637,EL045,reading,LM,aH_R7,..\01_FBM_Analysis\outputs\04_ersp_LM_RAWONLY\EL045\LM\ERSP_matrix\reading\EL045_reading_None_ERSP_aH_R7_TN.npy,True,EL045_aH_R7_reading,11
2639,EL045,reading,LM,EntG_L10,..\01_FBM_Analysis\outputs\04_ersp_LM_RAWONLY\EL045\LM\ERSP_matrix\reading\EL045_reading_None_ERSP_EntG_L10_TN.npy,True,EL045_EntG_L10_reading,6
2640,EL045,reading,LM,EntG_L11,..\01_FBM_Analysis\outputs\04_ersp_LM_RAWONLY\EL045\LM\ERSP_matrix\reading\EL045_reading_None_ERSP_EntG_L11_TN.npy,True,EL045_EntG_L11_reading,5
2641,EL045,reading,LM,EntG_L1,..\01_FBM_Analysis\outputs\04_ersp_LM_RAWONLY\EL045\LM\ERSP_matrix\reading\EL045_reading_None_ERSP_EntG_L1_TN.npy,True,EL045_EntG_L1_reading,15
2642,EL045,reading,LM,EntG_L2,..\01_FBM_Analysis\outputs\04_ersp_LM_RAWONLY\EL045\LM\ERSP_matrix\reading\EL045_reading_None_ERSP_EntG_L2_TN.npy,True,EL045_EntG_L2_reading,14
2643,EL045,reading,LM,EntG_L3,..\01_FBM_Analysis\outputs\04_ersp_LM_RAWONLY\EL045\LM\ERSP_matrix\reading\EL045_reading_None_ERSP_EntG_L3_TN.npy,True,EL045_EntG_L3_reading,0
2644,EL045,reading,LM,EntG_L4,..\01_FBM_Analysis\outputs\04_ersp_LM_RAWONLY\EL045\LM\ERSP_matrix\reading\EL045_reading_None_ERSP_EntG_L4_TN.npy,True,EL045_EntG_L4_reading,1
2645,EL045,reading,LM,EntG_L5,..\01_FBM_Analysis\outputs\04_ersp_LM_RAWONLY\EL045\LM\ERSP_matrix\reading\EL045_reading_None_ERSP_EntG_L5_TN.npy,True,EL045_EntG_L5_reading,21
2646,EL045,reading,LM,EntG_L6,..\01_FBM_Analysis\outputs\04_ersp_LM_RAWONLY\EL045\LM\ERSP_matrix\reading\EL045_reading_None_ERSP_EntG_L6_TN.npy,True,EL045_EntG_L6_reading,1
2649,EL045,reading,LM,EntG_L9,..\01_FBM_Analysis\outputs\04_ersp_LM_RAWONLY\EL045\LM\ERSP_matrix\reading\EL045_reading_None_ERSP_EntG_L9_TN.npy,True,EL045_EntG_L9_reading,9
2650,EL045,reading,LM,pH_L10,..\01_FBM_Analysis\outputs\04_ersp_LM_RAWONLY\EL045\LM\ERSP_matrix\reading\EL045_reading_None_ERSP_pH_L10_TN.npy,True,EL045_pH_L10_reading,4
2652,EL045,reading,LM,pH_L12,..\01_FBM_Analysis\outputs\04_ersp_LM_RAWONLY\EL045\LM\ERSP_matrix\reading\EL045_reading_None_ERSP_pH_L12_TN.npy,True,EL045_pH_L12_reading,12
2653,EL045,reading,LM,pH_L13,..\01_FBM_Analysis\outputs\04_ersp_LM_RAWONLY\EL045\LM\ERSP_matrix\reading\EL045_reading_None_ERSP_pH_L13_TN.npy,True,EL045_pH_L13_reading,12
2655,EL045,reading,LM,pH_L15,..\01_FBM_Analysis\outputs\04_ersp_LM_RAWONLY\EL045\LM\ERSP_matrix\reading\EL045_reading_None_ERSP_pH_L15_TN.npy,True,EL045_pH_L15_reading,11
2658,EL045,reading,LM,pH_L3,..\01_FBM_Analysis\outputs\04_ersp_LM_RAWONLY\EL045\LM\ERSP_matrix\reading\EL045_reading_None_ERSP_pH_L3_TN.npy,True,EL045_pH_L3_reading,0
2661,EL045,reading,LM,pH_L6,..\01_FBM_Analysis\outputs\04_ersp_LM_RAWONLY\EL045\LM\ERSP_matrix\reading\EL045_reading_None_ERSP_pH_L6_TN.npy,True,EL045_pH_L6_reading,1
2662,EL045,reading,LM,pH_L8,..\01_FBM_Analysis\outputs\04_ersp_LM_RAWONLY\EL045\LM\ERSP_matrix\reading\EL045_reading_None_ERSP_pH_L8_TN.npy,True,EL045_pH_L8_reading,14
2663,EL045,reading,LM,pH_L9,..\01_FBM_Analysis\outputs\04_ersp_LM_RAWONLY\EL045\LM\ERSP_matrix\reading\EL045_reading_None_ERSP_pH_L9_TN.npy,True,EL045_pH_L9_reading,7
2668,EL045,reading,LM,PlaT_L5,..\01_FBM_Analysis\outputs\04_ersp_LM_RAWONLY\EL045\LM\ERSP_matrix\reading\EL045_reading_None_ERSP_PlaT_L5_TN.npy,True,EL045_PlaT_L5_reading,5
2669,EL045,reading,LM,PlaT_L6,..\01_FBM_Analysis\outputs\04_ersp_LM_RAWONLY\EL045\LM\ERSP_matrix\reading\EL045_reading_None_ERSP_PlaT_L6_TN.npy,True,EL045_PlaT_L6_reading,19
2671,EL045,reading,LM,STG_L2,..\01_FBM_Analysis\outputs\04_ersp_LM_RAWONLY\EL045\LM\ERSP_matrix\reading\EL045_reading_None_ERSP_STG_L2_TN.npy,True,EL045_STG_L2_reading,5
2673,EL045,reading,LM,STG_L4,..\01_FBM_Analysis\outputs\04_ersp_LM_RAWONLY\EL045\LM\ERSP_matrix\reading\EL045_reading_None_ERSP_STG_L4_TN.npy,True,EL045_STG_L4_reading,13
2678,EL045,reading,LM,STG_L9,..\01_FBM_Analysis\outputs\04_ersp_LM_RAWONLY\EL045\LM\ERSP_matrix\reading\EL045_reading_None_ERSP_STG_L9_TN.npy,True,EL045_STG_L9_reading,3
2682,EL045,reading,LM,TTG_L4,..\01_FBM_Analysis\outputs\04_ersp_LM_RAWONLY\EL045\LM\ERSP_matrix\reading\EL045_reading_None_ERSP_TTG_L4_TN.npy,True,EL045_TTG_L4_reading,7
2683,EL045,reading,LM,TTG_L5,..\01_FBM_Analysis\outputs\04_ersp_LM_RAWONLY\EL045\LM\ERSP_matrix\reading\EL045_reading_None_ERSP_TTG_L5_TN.npy,True,EL045_TTG_L5_reading,4
2686,EL045,reading,LM,TTG_L8,..\01_FBM_Analysis\outputs\04_ersp_LM_RAWONLY\EL045\LM\ERSP_matrix\reading\EL045_reading_None_ERSP_TTG_L8_TN.npy,True,EL045_TTG_L8_reading,1
2687,EL045,reading,LM,TTG_L9,..\01_FBM_Analysis\outputs\04_ersp_LM_RAWONLY\EL045\LM\ERSP_matrix\reading\EL045_reading_None_ERSP_TTG_L9_TN.npy,True,EL045_TTG_L9_reading,9
2887,PAT_3066,audio,LM,FOG15,..\01_FBM_Analysis\outputs\04_ersp_LM_RAWONLY\PAT_3066\LM\ERSP_matrix\audio\PAT_3066_audio_WM_ERSP_FOG15_TN.npy,True,PAT_3066_FOG15_audio,3
2960,PAT_3066,audio,LM,IMG18,..\01_FBM_Analysis\outputs\04_ersp_LM_RAWONLY\PAT_3066\LM\ERSP_matrix\audio\PAT_3066_audio_WM_ERSP_IMG18_TN.npy,True,PAT_3066_IMG18_audio,2
3053,PAT_3066,picture,LM,FOG15,..\01_FBM_Analysis\outputs\04_ersp_LM_RAWONLY\PAT_3066\LM\ERSP_matrix\picture\PAT_3066_picture_WM_ERSP_FOG15_TN.npy,True,PAT_3066_FOG15_picture,5
3219,PAT_3066,reading,LM,FOG15,..\01_FBM_Analysis\outputs\04_ersp_LM_RAWONLY\PAT_3066\LM\ERSP_matrix\reading\PAT_3066_reading_WM_ERSP_FOG15_TN.npy,True,PAT_3066_FOG15_reading,9
3292,PAT_3066,reading,LM,IMG18,..\01_FBM_Analysis\outputs\04_ersp_LM_RAWONLY\PAT_3066\LM\ERSP_matrix\reading\PAT_3066_reading_WM_ERSP_IMG18_TN.npy,True,PAT_3066_IMG18_reading,0
3324,PAT_3301,picture,LM,AG6,..\01_FBM_Analysis\outputs\04_ersp_LM_RAWONLY\PAT_3301\LM\ERSP_matrix\picture\PAT_3301_picture_WM_ERSP_AG6_TN.npy,True,PAT_3301_AG6_picture,11
3356,PAT_3301,picture,LM,CPG10,..\01_FBM_Analysis\outputs\04_ersp_LM_RAWONLY\PAT_3301\LM\ERSP_matrix\picture\PAT_3301_picture_WM_ERSP_CPG10_TN.npy,True,PAT_3301_CPG10_picture,0
3370,PAT_3301,picture,LM,FOD11,..\01_FBM_Analysis\outputs\04_ersp_LM_RAWONLY\PAT_3301\LM\ERSP_matrix\picture\PAT_3301_picture_WM_ERSP_FOD11_TN.npy,True,PAT_3301_FOD11_picture,17
3371,PAT_3301,picture,LM,FOD12,..\01_FBM_Analysis\outputs\04_ersp_LM_RAWONLY\PAT_3301\LM\ERSP_matrix\picture\PAT_3301_picture_WM_ERSP_FOD12_TN.npy,True,PAT_3301_FOD12_picture,16
3420,PAT_3301,picture,LM,IAD2,..\01_FBM_Analysis\outputs\04_ersp_LM_RAWONLY\PAT_3301\LM\ERSP_matrix\picture\PAT_3301_picture_WM_ERSP_IAD2_TN.npy,True,PAT_3301_IAD2_picture,1
3441,PAT_3301,picture,LM,IMD10,..\01_FBM_Analysis\outputs\04_ersp_LM_RAWONLY\PAT_3301\LM\ERSP_matrix\picture\PAT_3301_picture_WM_ERSP_IMD10_TN.npy,True,PAT_3301_IMD10_picture,22
3442,PAT_3301,picture,LM,IMD12,..\01_FBM_Analysis\outputs\04_ersp_LM_RAWONLY\PAT_3301\LM\ERSP_matrix\picture\PAT_3301_picture_WM_ERSP_IMD12_TN.npy,True,PAT_3301_IMD12_picture,15
3443,PAT_3301,picture,LM,IMD13,..\01_FBM_Analysis\outputs\04_ersp_LM_RAWONLY\PAT_3301\LM\ERSP_matrix\picture\PAT_3301_picture_WM_ERSP_IMD13_TN.npy,True,PAT_3301_IMD13_picture,17
3451,PAT_3301,picture,LM,IMD4,..\01_FBM_Analysis\outputs\04_ersp_LM_RAWONLY\PAT_3301\LM\ERSP_matrix\picture\PAT_3301_picture_WM_ERSP_IMD4_TN.npy,True,PAT_3301_IMD4_picture,3
3452,PAT_3301,picture,LM,IMD5,..\01_FBM_Analysis\outputs\04_ersp_LM_RAWONLY\PAT_3301\LM\ERSP_matrix\picture\PAT_3301_picture_WM_ERSP_IMD5_TN.npy,True,PAT_3301_IMD5_picture,4
3453,PAT_3301,picture,LM,IMD6,..\01_FBM_Analysis\outputs\04_ersp_LM_RAWONLY\PAT_3301\LM\ERSP_matrix\picture\PAT_3301_picture_WM_ERSP_IMD6_TN.npy,True,PAT_3301_IMD6_picture,24
3506,PAT_3390,audio,LM,CPG11,..\01_FBM_Analysis\outputs\04_ersp_LM_RAWONLY\PAT_3390\LM\ERSP_matrix\audio\PAT_3390_audio_WM_ERSP_CPG11_TN.npy,True,PAT_3390_CPG11_audio,0
3507,PAT_3390,audio,LM,CPG12,..\01_FBM_Analysis\outputs\04_ersp_LM_RAWONLY\PAT_3390\LM\ERSP_matrix\audio\PAT_3390_audio_WM_ERSP_CPG12_TN.npy,True,PAT_3390_CPG12_audio,13
3508,PAT_3390,audio,LM,CPG13,..\01_FBM_Analysis\outputs\04_ersp_LM_RAWONLY\PAT_3390\LM\ERSP_matrix\audio\PAT_3390_audio_WM_ERSP_CPG13_TN.npy,True,PAT_3390_CPG13_audio,2
3509,PAT_3390,audio,LM,CPG14,..\01_FBM_Analysis\outputs\04_ersp_LM_RAWONLY\PAT_3390\LM\ERSP_matrix\audio\PAT_3390_audio_WM_ERSP_CPG14_TN.npy,True,PAT_3390_CPG14_audio,13
3510,PAT_3390,audio,LM,CPG15,..\01_FBM_Analysis\outputs\04_ersp_LM_RAWONLY\PAT_3390\LM\ERSP_matrix\audio\PAT_3390_audio_WM_ERSP_CPG15_TN.npy,True,PAT_3390_CPG15_audio,20
