,aud|1-4Hz,aud|4-8Hz,aud|8-13Hz,aud|13-20Hz,aud|20-30Hz,aud|30-50Hz,aud|50-70Hz,aud|70-100Hz,aud|100-130Hz,aud|130-170Hz,aud|170-220Hz,aud|220-270Hz,aud|270-320Hz,aud|320-360Hz,aud|360-400Hz,pic|1-4Hz,pic|4-8Hz,pic|8-13Hz,pic|13-20Hz,pic|20-30Hz,pic|30-50Hz,pic|50-70Hz,pic|70-100Hz,pic|100-130Hz,pic|130-170Hz,pic|170-220Hz,pic|220-270Hz,pic|270-320Hz,pic|320-360Hz,pic|360-400Hz,rea|1-4Hz,rea|4-8Hz,rea|8-13Hz,rea|13-20Hz,rea|20-30Hz,rea|30-50Hz,rea|50-70Hz,rea|70-100Hz,rea|100-130Hz,rea|130-170Hz,rea|170-220Hz,rea|220-270Hz,rea|270-320Hz,rea|320-360Hz,rea|360-400Hz
17Networks_1,0.0015843992149575479,-0.0015527104845813682,-0.011362048607257959,-0.01326389728238932,-0.0006743068415502571,-0.001993563446363111,0.0018670325029712098,0.0018844943340546323,0.006239373770594947,0.0016453251191592229,0.0064815057383932045,0.0025507335299886852,-0.005180028109966253,0.006427720753337191,0.002987290328431098,0.004828082121838935,0.000648053586179106,-0.0033482395809352763,-0.0011615573030676978,-0.006854227062094141,0.00864312252183915,0.004740426251760881,0.011286479058077208,0.021021945256135186,0.00998773232371606,-0.002422344177065774,-0.0032294747890257557,-0.0009935293096630707,-0.0015282417988109085,-0.0020993484925878624,0.0026924162298773897,0.004626489409773285,0.004316225246162651,0.003272106661686197,0.011781665214903028,0.007654854072551481,-0.00036265324259815353,-0.0042230079802993365,-0.004980438927776529,-0.007907485320244118,0.0012846899574985784,0.0007194955918606477,-0.0037935251158014516,-0.0026796046140696497,0.0022482727796977364
17Networks_10,0.014560262889981357,0.01239149815194977,0.004408641162478696,-0.012170194993370319,-0.009781022732306218,-0.00014411349723670092,-0.01767984661324529,-0.012921319218480724,-0.0040400660278407845,-0.003927994784382125,0.004167206336646914,-0.005782118572014218,-0.0037039807222956664,0.0019379987854514112,0.011347650635013602,0.002798729656944218,-0.001473475622165007,0.0043574591253232545,-0.005345441656723004,2.017261482356418e-06,-0.003403541549443849,-0.016688037727363988,-0.005874062484701531,-0.0020180146574866574,0.0069715969407803825,0.008950216860101478,0.005746122393257374,0.008090094714439758,-0.004709847967374616,-0.0056416122704298684,0.006933934527845469,0.004191294929671542,-0.002628917239020241,-0.004668559209399629,0.0037737828958360384,0.00911587325761585,0.0010555579255379628,0.003942134962512304,0.0027346322306260845,0.013886528471998958,0.009704298624588275,-0.004640561540931479,0.003667673492291633,0.0026984873689357963,-0.010691336968400118
17Networks_11,0.004648732372486084,0.010191007626070258,0.011660860985544188,0.004494805422866076,0.002749494697604508,-0.0077723316419859205,-0.008770409149290623,0.008690851492992157,0.0028374051205277973,0.0032019068020930808,-0.006955620786966682,0.005992938395590504,0.0026821444872031346,0.0010346309856422277,0.002090280045039999,-0.01143489355811561,-0.004683072930116019,-0.003806089170017158,-0.010996075293668757,3.485191994480584e-05,-0.01027918426197181,0.009976956307642183,0.0012710097102877705,0.003286763174363613,0.00579421697373497,-0.0023599129077419775,-0.0020364356083111264,0.0016351480610013087,0.006663488194401602,-0.0012015881467101759,-0.005719299911660544,0.00021075615126252208,0.008210726738724302,0.002660358001653193,-0.013597689031458715,-0.020288416454493852,-0.010211401634327372,-0.0023399136041905564,0.00015051607966637062,-0.0028790089713606848,0.0016376668263513726,-0.0019895410054843908,0.0005343738482065627,0.0027488567872127265,-0.0005655611320123893
17Networks_12,-0.008259858442651898,-0.0023385201488814503,0.00036705419617898605,-0.008325972023452984,-0.006897719684905078,0.011503717045969815,0.009150182402992205,-0.012172404295706799,-0.00958349589562199,-0.0015956789331565409,-0.0008822206262409527,0.0006179681909072493,-0.009140001300406899,-0.0007699088989404016,-0.010480907748412175,-0.006458380701351816,-0.0016241850880350454,0.003060391577245881,0.003170828912239646,-0.0025522793897359087,0.004655517085742343,0.003833041967063179,-0.004678378002446951,-0.0006348167245950946,-0.007456134849313624,-0.009667997767375104,0.0004852652967988346,-0.004279273246998147,0.01043366610635298,0.0029003553944526314,-0.008676741173286075,-0.009350779298808575,-0.005096243146703932,-0.003863327635866478,-0.003502344329516856,-0.010245038448248835,0.015653879718762538,0.0028598692252123675,0.005562551249757524,0.004146167409565486,-0.00373083463765987,-0.003740816750680336,-0.002925356544004774,0.008544497686302933,0.003697491869490042
17Networks_13,-0.0012725129036628203,-0.0015576129562330033,0.004487376761839096,0.0007789062869848403,-0.0018366294117774888,0.0007682965406210773,-0.0026489772347463073,-0.009238440144661323,0.000798658185840615,0.008500813049935944,-0.008081948505576492,-0.009146820976732077,-0.00204226083311737,0.0013643117204720778,-0.010285949023678846,0.0017080524652267769,-0.002498696702577514,-0.005832195353960245,0.0043416176989253185,0.012689541542240666,-0.002491168503235534,-0.0017211211738322528,-0.010518255217587971,-0.005045227204518449,-0.015854166304110594,-0.002557763616361033,0.007451013560176554,-0.0007219493561445577,0.010676391300162265,0.011549810311706023,0.0052458407680828914,5.865205887577798e-05,4.2706879216775306e-05,0.0001184445318538213,0.0028719513040860022,0.004061493579907925,-0.004408468585099031,0.0030459889877446447,-0.0016133231838598545,0.0009490530140273371,-0.005454139134286212,0.0026480006200179317,-0.0032686611152987193,0.008907953336843199,0.0025666344449135686
17Networks_14,0.0042050580163422845,0.0038775521748192375,-0.002654059958558029,-0.007463991666061543,-0.001298832961437015,0.007269111816542371,-0.003973436452908621,0.012045101836146214,0.010924020092868794,0.008977559179689527,0.012739952282970497,-0.005709912884858214,-0.0010182995345023225,0.006679228108920629,0.00045114682509332833,0.007243054960002414,0.0024748200193716644,-0.005016235681659061,0.00203708261962942,0.0004756334920431545,-0.007335707937697034,-0.002153340632623521,0.0012844516353559012,-0.004661088178822179,-0.005253659476136457,0.007558976286760033,-8.3541929334383e-05,0.0076811211739273005,-0.011743981687045867,-0.004216462998186168,-0.0036253206134177016,-0.0003099270220367628,0.0007403219966163467,-0.00890691553744702,-0.011925833071071394,0.005660927499997777,0.009982046527107276,0.004367853891018177,0.005163859299416156,-0.007092640486444789,-0.007257461029302566,0.0020798121775959873,-0.00011929404784940627,-0.01264410823330151,-0.005939415562527926
17Networks_15,-0.008384025608666091,-0.0033177023267558893,0.0030986792897414487,0.01650891448876935,0.020383958366805604,0.004566908390261357,-0.010421279031331476,0.002535413810611121,-0.003725361623917775,0.0025446108735258663,-0.0011223632719773724,-0.0002954119488573334,-0.0029749031397156792,-0.01755005655510646,0.0030609412299628007,-0.005503274213725681,-0.0032663834793019144,-0.005879698570836853,-0.0009698176084913673,-0.011445601213959307,0.0056220608291165965,-0.0036101335466242257,-0.00010579990977465989,-0.009734685136608665,0.005497305277201122,0.0032726511977905297,0.00837367489836985,0.001515860870804856,0.004642394940793835,0.00844688881077273,0.013545022560199443,0.011791577305494487,0.006245792329912385,-0.000434429073914859,0.001018961923205885,0.003949036180583082,0.006706632115332874,-0.002057917689517286,-0.008834916618628551,0.006923942277870632,0.0061602119626999975,0.0009600822181211869,0.005357804406299122,0.00213422944887376,-0.012484614605714596
17Networks_16,0.003953476744953538,0.002073505775338716,0.003039992504724084,-0.0015322925783495549,-0.00461097182842504,-0.0006515751386193214,0.0005530153384727474,-0.006029841646878674,-0.01105066727661453,-0.007626009931488436,-0.018221285200177722,0.00044355627188336874,-0.003891038441014017,0.0026384156045545343,0.006781253298884741,0.00424806174358458,0.005784756618437793,0.00604935178253862,0.014710295580074011,-0.0025989529852502645,-0.004032342179197764,0.001689972177967712,-0.010642325959481096,-0.014574103302621712,-0.0005886186514284383,0.019530880874302436,-0.0004887059253197445,-0.010191369595601686,0.0075825477224985265,-0.0006193007760805733,0.00012233325239888168,3.15432293811121e-05,6.39066898750652e-05,-0.00044901464158902314,-0.0005395225675861703,-0.0007169431592684764,-0.012026585817899794,-0.00038707085142988866,0.0033671083931455744,-0.000920182709891474,-0.00022039885656320013,0.0018259850389496506,0.01184617533386906,-0.0013714670026447125,0.008953160352706397
17Networks_17,-0.0002626920969724359,-0.0014020459256241246,0.0024713552061678148,-0.003761903156239916,-0.010368101143630104,0.009730577445791363,-0.0008518667053780775,-0.007164488164220153,-0.0038245542073064146,-0.0007701434297734545,0.0008639775760184299,-0.0030707735693146854,-0.0004028514509550276,0.002398162583712778,-0.00285887064882835,0.006436298261475643,0.010757050103230725,0.007165342414925527,0.020185114676227058,0.0043546141027720085,-0.005353400208230343,0.00014741061412415146,-0.007582881563364698,0.0015569667995956134,-0.0014227139661007091,-0.006726324574239921,0.004649377266551591,0.0050784560331180745,-0.001108707017512778,-0.00010159563677132692,0.0014771610765008394,0.0036295911745219144,0.0032744805678597954,-0.0008144971429169388,-0.0019825885191493402,0.0004771046852167207,0.002969962269028716,-0.0019025925863184769,-0.003902108356475882,-0.003893110556360688,-0.0073675969806241874,0.008062601611725654,-0.0001936005244957659,0.0011380593055488463,-0.0009968606799045673
17Networks_2,0.007404933602050362,-0.001265987942533834,-0.010183822436707688,-0.0027255416291639546,0.0023433088773019673,0.0016144568705858807,0.003957211411562242,-0.0006014313415684954,0.004755301166897846,-0.004853116024348655,0.00472641257060868,0.0027963199633277347,0.01140969888336302,-0.008476046497910183,-0.008043756049854422,0.00010701580926739668,-0.003001270083610027,-0.003796335070459252,-0.008215488997261544,-0.00021124018380624476,0.015180076824550243,0.0051895064463814995,5.269892515710623e-05,0.004713015582149137,0.0064981003548287624,0.004197978934975412,-0.006814470753677025,-0.0005738144647236783,0.0014094191104077711,0.0009232044481133938,-0.0021106306956631257,0.0009025062537068647,0.004677062601340322,0.003901246062765147,0.004519843283675101,-0.0007739972905870664,-0.01298729833280454,0.004223077349227474,0.004341138177973986,-0.0026486067349386767,0.003984979783790038,-0.003271147528578978,0.0009482791961750323,-0.0030812732405089073,-0.0006022966286568893
17Networks_3,0.0013386813311773722,4.984345806790536e-05,0.0032050895973578224,0.01061014374857778,5.755723588289676e-05,-0.009423148877005343,0.009495611798599047,-0.007072410447408566,-0.005988325489837724,0.00038724505323552567,0.006661919936886475,0.0026603622813750035,-0.002185279243965401,0.007563470019773864,-0.004665276475441912,-0.004192915592526927,-0.004326204652579258,0.006025300159577834,0.000674098585352897,0.005048938598581217,0.0010511029634109382,0.0003346450837784795,0.007325395941216787,-0.00012190606177812161,0.010265078895351833,-0.0035455549150608294,-0.004914239752412419,0.0022459007094585396,-4.39635356709677e-05,0.009536279609441162,0.005584401368449509,0.004070817425273457,0.0008243707841605973,-0.003643467640427538,-0.007548884963426897,0.004253285011285448,-0.006026835571767014,-0.006602869414752014,0.0068414112476671155,-0.0011050756828047085,-0.0065781155804066705,-0.012527085937445155,0.0036067389875474795,-0.0104384747573256,0.0002511604171856693
17Networks_4,-0.0011236249228532434,0.0064755335002707965,0.004773867193274271,0.001000130035423536,-0.003715455030230848,-0.0025526741494052555,0.0012471311149308383,0.016336362769049786,0.0192925461465343,-0.004707434689259076,0.006821058977744195,-0.0018533020942336422,0.005056555789522955,0.00037075163873220477,0.009302191514229877,0.005769912062854997,0.004436524518670675,0.0037142797052595656,0.0005608691495252706,-0.010935445387297604,-0.007531327298767291,0.004145363354960052,0.008672235365479305,0.0029779163007810218,0.0007174257273159553,0.0013925638580544858,-0.0005396175427993704,0.0021108210765373512,-0.007051156721737946,-0.012323546619434633,-0.01569666320275032,-0.0071896332347804424,-0.0012618589716575088,0.0019708565353216924,0.0039148617639352505,0.008051075446069209,0.006446050015228827,0.00047116595648030805,0.006272694792276029,-0.0001529099836683612,-0.003103447761258915,0.0015626019370657833,-0.009923019069534283,1.425346681721672e-05,0.005942736530737871
17Networks_5,-0.0033956476278088547,-0.011149700024874325,-0.0034328796208025797,0.002403623443193374,0.007434777239073558,0.00022560704412358256,0.012187926242262797,0.013490150193337316,-0.002583593381842632,-0.008817235588281036,0.005344361911475565,-0.006447001391282565,-0.0028950817077259424,-0.0007775108246543026,0.0007472531590920824,-0.007165854304992897,-0.00339801361833792,-0.0020106692431888754,-0.009337367186146974,-0.014539960856671563,0.008813806990584894,-0.006771612549298565,-0.007965699812987425,0.006467075191869059,-0.0036485399268388215,-0.009524389320203214,-0.0013891821742225247,-0.007102913954752641,0.005592822500240868,-0.001749282358502277,0.010097308507793855,-0.005367843828740735,-0.006138731747480654,0.011322324382800418,0.013092709851898615,-0.007064076850169464,-0.0016231183974505885,0.004995230335568801,-0.011061523350702323,0.0014360644115970858,0.00024592015999773663,0.013917066412982976,0.0092527267764359,-0.00717382834347409,0.005661302369923149
17Networks_6,-0.0042557409609428115,-0.00944900855544175,-0.005197305104077988,0.01248106516434003,0.013384026569411385,-0.005242769526572587,0.0019086678640316413,-0.012058787039445372,0.01677529545682892,0.002039505348003865,0.00046163940449677566,0.0011057504636776121,0.006623613620106089,-0.0016009731748246744,-0.0025954682632040177,0.00603547137431791,0.0012752289554588958,-0.00818432069770075,-0.00922604112048587,0.00769761280611902,-0.01119727938194911,-0.012198798637608794,0.02359947767395597,-0.002915527854232227,-0.002218568989678757,0.002426355389968531,-0.004368140609158745,-0.00769791065529963,-0.004901870460786745,-0.012522550508833807,-0.003196184788975167,-0.0011286642728471517,0.00028139777456868617,0.0016031661674318228,0.003023561297421059,-0.01787097330872053,-0.010619903282043546,0.007889188317900635,-0.010149945966783524,0.0037638222328632955,0.015427155481542781,-0.014689226918477651,0.005167644602831823,-0.003581595783602476,-0.006529756588774151
17Networks_7,-0.010462567612153128,-0.010133894844584048,-0.00024383856157770355,0.0017492661357278927,-0.010526766895981306,-0.00798317961893254,0.013012717289326422,0.003704421395326454,-0.01330584315435918,0.0058110124946788,-0.003797675844658427,0.002749092217651809,0.0034778027836664285,0.005745689254978262,0.0075521930167760185,-0.010505780935621455,-0.00496309686504944,0.0013373066051225637,-0.003922733836218751,0.014854889944189193,0.006731052298508459,-0.001869414356564624,-0.011313979883635462,0.004436630067421,0.006366614658643309,-0.006500796024585845,-0.005802797626723669,0.0021124559539123246,-0.009365748736216505,0.007879948297291137,0.004149489879215038,-0.006538179922433369,-0.010058624420688313,0.004672253709067847,-0.0012110623936095464,0.00926856169430156,0.007127894573835151,-0.0028466715040251253,-0.0007084890327728986,-0.0028313099135746705,0.006587166983637554,0.002040652702869644,-0.015182813016153077,0.006913349125389374,0.004603601389012271
17Networks_8,0.0036213440863180663,0.006838641950211501,-0.011594818855774267,-0.009670377861215622,0.007739481389285461,-0.0006988567033732177,-0.0068596778850793004,0.012370522434627239,-0.00300439666659814,-0.006054005942769151,-0.006047333730449799,0.006412050451069432,0.0007489272429003049,-0.0018452630119713347,0.00278681739212916,0.0019136245264494223,-0.004215506752155624,-0.003927377344929279,0.007622372201987483,0.004944473195939042,-0.00048751095385508685,0.0059183674385367285,-0.0007771388306731942,-0.0015578288324204841,-0.0065211017685285755,-0.006984766403441321,-0.003240707221542088,0.0014281524411183198,-0.008051914175326512,0.005166776629216911,-0.00547188318893114,0.0002603610355585136,-0.010682300232640751,-0.007722550063237851,-0.00436928027645278,0.00908921990788725,-0.005432400324265173,-0.007588455506109146,0.0037293939092534274,0.0049026424186843645,-0.0073871807480135766,0.006869621194623779,0.004045738528174971,0.009508744177679296,0.001159680924067394
17Networks_9,-0.0039002180825554057,0.0002696005727815253,0.007155856247449694,0.008887316464360227,-0.00438279784512208,0.0007835374455984025,-0.0021740028931695357,-0.0037981959677748684,-0.004516296216154073,0.005243641403136592,-0.00315958676919329,0.006976569671821362,0.003434981676902668,-0.00514062049216781,-0.008176789235232927,0.00417279632437204,0.008073471992578853,0.010091729343693432,-0.004127756421897311,-0.0009648657844965654,0.0014147227605951402,0.009036768981701032,0.005966773355122911,-0.0031971144192311446,-0.009134567219436451,0.0029602263041220837,0.0062018605173726595,-0.0003372504511343645,0.0015047022256250004,-0.005927975693457209,-0.0053511845956793055,0.00011143860612749142,0.0071896841497543764,0.000982004892219053,0.0006798676173105969,-0.0046219858239281405,0.013756642043421922,-0.0038460098890227687,0.0030874400572173306,-0.006577889877319014,-0.0039329150519910976,0.0001724601757848345,-0.009020885738694025,-0.0016380787286761898,0.002725801088256598
