sample_idx,k_4,k_5,k_6,k_7,k_8,k_9,k_10,k_11,k_12,k_13,k_14,k_15,k_16,k_17,k_18,k_19,k_20
0,1,4,4,4,0,1,3,1,7,1,1,0,14,13,10,4,6
1,0,2,5,5,5,3,2,8,1,2,0,4,5,4,16,9,19
2,0,2,5,5,4,4,6,6,3,2,0,3,5,4,16,9,19
3,0,2,5,5,4,4,6,6,3,2,0,3,5,4,16,9,19
4,1,4,4,4,0,1,4,4,11,7,1,0,9,8,11,4,5
5,1,4,1,1,3,2,1,2,1,12,2,4,1,11,0,0,7
6,0,2,5,5,5,3,4,5,1,12,2,4,6,11,0,0,7
7,1,4,1,1,5,3,4,5,1,12,2,4,1,11,0,0,7
8,0,2,5,5,5,3,2,5,1,2,0,3,5,4,16,9,19
9,0,2,5,5,5,3,6,8,1,2,0,3,5,4,16,9,19
10,0,2,5,5,5,3,2,8,1,12,7,4,6,11,5,0,7
11,3,2,1,1,5,3,2,8,6,12,7,4,6,11,5,0,7
12,1,4,1,1,3,2,1,2,2,4,13,1,3,14,9,11,3
13,1,4,1,1,3,2,1,2,2,4,9,1,0,14,13,11,3
14,2,3,1,1,3,2,1,2,2,4,9,1,0,14,9,11,3
15,1,4,1,1,3,2,1,2,2,4,9,1,0,14,13,11,3
16,1,4,1,1,3,2,1,2,2,4,9,1,0,14,13,7,8
17,2,3,3,1,1,6,1,2,2,4,9,1,0,14,13,7,8
18,2,3,1,1,1,2,1,2,8,10,12,1,0,0,13,7,8
19,1,4,1,4,5,3,4,5,1,12,2,4,6,16,0,0,7
20,0,2,5,5,5,3,2,8,6,2,0,3,5,4,16,9,19
21,0,2,5,5,5,3,2,8,6,2,0,3,5,4,16,9,19
22,0,2,5,5,4,4,6,6,3,2,0,3,5,4,16,9,19
23,0,2,5,5,4,4,6,6,3,2,0,3,5,4,16,9,19
24,0,2,5,5,4,4,6,6,3,2,0,3,5,4,16,9,19
25,0,2,5,5,4,4,6,6,3,2,0,3,5,4,16,9,19
26,1,2,4,4,5,3,4,5,1,12,2,4,6,16,0,0,7
27,0,2,5,5,5,3,4,5,1,12,2,4,6,11,0,0,7
28,0,2,5,5,5,3,4,5,1,12,2,4,6,11,0,0,7
29,0,2,5,5,5,3,4,5,1,12,2,4,6,11,0,0,7
30,0,2,5,5,5,3,2,5,1,12,0,4,6,11,0,0,7
31,0,2,5,5,5,3,6,5,1,2,0,3,5,4,16,9,19
32,0,2,5,5,5,3,2,8,1,2,0,3,5,4,16,9,19
33,0,2,5,5,5,3,2,8,6,2,0,3,5,4,16,9,19
34,1,4,4,4,3,2,3,4,11,7,9,2,9,8,11,6,5
35,2,3,1,1,3,2,1,2,2,4,9,1,0,14,13,7,8
36,2,4,1,1,3,2,1,2,2,4,9,1,0,14,13,7,8
37,2,3,3,1,1,6,1,2,2,4,9,1,0,14,13,7,8
38,2,3,3,1,1,6,2,2,8,10,12,1,0,0,13,7,8
39,2,3,3,1,1,6,2,2,8,10,12,1,0,0,13,7,8
40,1,4,4,4,0,1,3,1,8,10,1,8,9,0,11,6,5
41,1,4,4,4,0,1,3,1,11,7,1,2,9,8,11,6,5
42,1,4,4,4,0,1,3,1,11,10,1,0,6,16,11,0,5
43,1,4,1,1,3,2,1,2,2,4,9,1,0,14,13,7,8
44,1,4,1,1,3,2,1,2,2,4,9,1,0,14,13,7,3
45,2,4,1,1,3,2,1,2,2,4,9,1,0,14,13,7,8
46,2,3,1,1,3,2,1,2,2,4,9,1,0,14,13,7,8
47,2,3,1,1,3,2,1,2,2,4,9,1,0,14,13,7,8
48,1,4,1,1,5,2,2,2,6,4,7,1,0,16,13,7,8
49,1,4,1,1,5,3,2,2,6,10,7,1,0,16,13,7,8
50,1,4,1,1,5,3,2,8,6,10,7,1,0,16,13,7,8
51,1,4,4,4,0,1,3,1,7,1,1,0,14,13,10,4,6
52,1,4,4,4,0,1,3,1,8,10,1,8,6,16,7,4,4
53,1,4,4,4,0,1,3,1,8,10,1,8,14,0,7,4,4
54,1,4,4,4,0,1,3,5,7,1,1,0,14,13,10,4,6
55,1,4,4,4,0,1,3,1,7,1,1,0,14,13,10,4,6
56,1,4,4,4,0,1,3,4,7,1,1,14,14,13,10,13,15
57,1,4,4,4,0,1,3,4,7,1,1,14,14,15,10,13,15
58,1,4,1,1,3,2,1,2,2,4,9,2,9,8,11,6,5
59,1,4,4,4,0,1,3,4,7,1,1,14,14,13,10,13,15
60,1,4,1,1,3,2,1,2,2,4,9,2,9,16,5,6,5
61,1,4,1,1,3,2,1,2,2,4,9,1,6,16,5,0,11
62,1,2,1,1,5,3,2,8,6,12,7,4,6,16,5,0,11
63,0,2,5,5,5,3,2,8,6,12,7,4,6,16,5,0,11
64,0,2,5,5,5,3,2,8,6,12,7,4,6,16,5,0,11
65,0,2,5,5,5,3,2,8,6,12,7,4,6,16,5,0,11
66,1,4,4,6,6,8,9,3,0,3,5,14,7,15,10,13,15
67,1,4,4,4,0,1,3,4,7,1,1,14,14,13,10,13,15
68,1,4,1,1,3,2,1,2,2,4,9,2,9,14,9,11,0
69,1,4,1,1,3,2,1,2,2,4,9,2,9,14,9,11,0
70,1,4,1,1,3,2,1,2,2,4,9,2,9,14,9,11,3
71,1,4,1,1,3,2,1,2,2,4,9,1,0,16,13,7,8
72,1,4,1,1,5,3,2,8,6,10,7,1,0,16,13,7,8
73,1,4,1,1,5,3,2,8,6,10,7,1,0,16,13,7,8
74,1,4,1,1,3,2,1,4,11,7,9,2,9,8,11,6,5
75,1,4,1,1,3,2,1,2,2,4,9,2,0,8,13,6,3
76,1,4,1,1,3,2,1,2,2,4,9,1,0,16,13,7,8
77,1,4,4,4,0,1,3,1,7,1,1,2,14,13,10,6,5
78,0,2,5,5,4,7,0,10,9,8,8,9,10,9,4,5,10
79,0,2,5,5,4,7,0,10,9,8,8,9,10,9,4,5,10
80,1,4,4,4,0,1,3,5,1,12,1,4,6,16,5,0,11
81,0,2,5,5,4,7,0,10,9,8,8,9,10,9,4,5,10
82,0,2,5,5,4,7,0,10,9,8,8,9,10,9,4,5,10
83,0,2,5,5,4,7,0,10,9,8,8,9,10,9,4,5,10
84,0,2,5,5,4,7,0,10,9,8,8,9,10,9,4,5,10
85,0,2,5,5,4,7,0,10,9,8,8,9,10,9,4,5,10
86,0,2,5,5,4,7,0,10,9,8,8,9,10,9,4,5,10
87,0,2,5,5,4,7,0,10,9,8,8,9,10,9,4,5,10
88,0,2,5,5,5,7,0,10,9,8,8,9,10,9,5,5,11
89,1,2,1,1,5,7,0,10,9,8,8,1,6,16,5,0,11
90,0,2,5,5,4,7,0,10,9,8,8,9,10,9,4,5,10
91,1,4,4,4,0,1,3,1,11,7,1,2,6,16,5,0,11
92,1,4,1,1,3,2,1,2,11,7,9,2,9,8,11,6,5
93,1,4,1,4,0,1,4,5,11,12,1,4,6,16,5,0,11
94,0,2,5,5,5,7,0,10,9,8,8,9,6,16,5,0,11
95,1,4,1,1,3,2,3,1,8,10,12,8,6,16,5,0,11
96,0,2,5,5,5,7,0,10,9,8,8,9,10,9,4,5,11
97,0,2,5,5,4,7,0,10,9,8,8,9,10,9,4,5,10
98,0,2,5,5,5,7,0,10,9,8,8,9,10,9,4,5,10
99,0,2,5,5,5,7,0,10,9,8,8,9,10,9,4,5,10
100,0,2,5,5,5,7,0,10,9,8,8,9,10,9,4,5,11
101,0,2,5,5,5,7,0,10,9,8,8,9,6,16,5,5,11
102,0,2,5,5,4,7,0,10,9,8,8,9,10,9,4,5,10
103,0,2,5,5,4,7,0,10,9,8,8,9,10,9,4,5,10
104,0,2,5,5,4,7,0,10,9,8,8,9,10,9,4,5,10
105,0,2,5,5,4,7,0,10,9,8,8,9,10,9,4,5,10
106,0,2,5,5,4,7,0,10,9,8,8,9,10,9,4,5,10
107,1,4,4,4,0,1,3,4,11,7,9,2,9,8,11,6,5
108,1,4,4,4,0,1,3,4,11,7,9,2,9,8,11,6,5
109,1,4,1,1,3,2,1,2,11,7,9,2,6,16,5,0,11
110,0,2,5,5,4,7,0,10,9,8,8,9,10,9,4,5,10
111,1,4,1,4,3,2,3,4,11,7,9,2,9,8,11,6,5
112,1,4,4,4,0,1,3,5,1,12,1,4,6,16,5,0,11
113,1,4,4,4,0,1,3,5,1,12,1,4,6,16,5,0,11
114,0,2,5,5,4,7,0,10,9,8,8,9,10,9,4,5,10
115,0,2,5,5,4,7,0,10,9,8,8,9,10,9,4,5,10
116,0,2,5,5,5,7,0,10,9,8,8,9,10,9,4,5,10
117,1,2,1,4,5,7,0,10,9,8,8,4,6,16,5,0,11
118,1,4,4,4,0,1,3,4,11,7,1,4,6,16,5,0,11
119,0,2,5,5,5,7,0,10,9,8,8,9,6,16,5,0,11
120,0,2,5,5,4,7,0,10,9,8,8,9,10,9,4,5,10
121,1,4,1,1,3,2,3,2,11,7,9,2,6,16,5,6,5
122,1,4,4,4,0,1,3,1,11,7,1,4,6,16,5,0,11
123,1,4,1,1,3,2,1,2,2,4,9,2,6,16,5,11,11
124,1,2,1,5,5,7,0,10,9,8,8,4,6,16,5,0,11
125,0,2,5,5,5,7,0,10,9,8,8,9,10,9,4,5,10
126,0,2,5,5,5,7,0,10,9,8,8,9,10,9,4,5,11
127,1,2,1,1,5,7,0,10,9,8,8,9,6,16,5,0,11
128,1,4,1,1,3,2,3,4,11,7,9,2,9,8,11,6,5
129,1,2,1,1,5,7,0,10,9,8,8,4,6,16,5,0,11
130,0,2,5,5,4,7,0,10,9,8,8,9,10,9,4,5,10
131,0,2,5,5,4,7,0,10,9,8,8,9,10,9,4,5,10
132,1,4,1,4,5,7,0,10,9,8,8,4,6,16,5,0,11
133,0,2,5,5,5,7,0,10,9,8,8,9,6,16,5,5,11
134,0,2,5,5,5,7,0,10,9,8,8,9,6,16,5,0,11
135,1,4,1,1,3,2,1,2,2,4,9,1,6,16,5,11,11
136,1,4,4,4,0,1,3,4,11,7,1,2,9,8,11,6,5
137,1,4,1,4,3,2,3,4,11,7,9,2,6,16,5,6,5
138,1,4,1,1,3,2,1,2,2,4,9,2,6,16,5,11,11
139,1,4,1,1,5,2,1,2,2,4,9,4,6,16,5,0,11
140,0,2,5,5,5,7,0,10,9,8,8,9,10,9,5,5,11
141,1,2,1,5,5,3,4,5,1,12,2,4,6,16,5,0,11
142,1,4,1,1,3,2,1,2,2,4,9,2,3,14,9,11,3
143,1,4,1,1,3,2,1,2,2,4,9,2,3,14,9,11,3
144,1,4,1,1,3,2,1,2,2,4,13,2,3,14,9,11,3
145,1,4,1,1,3,2,1,2,2,4,13,2,3,14,9,11,0
146,1,4,1,1,3,2,1,4,11,7,9,2,9,8,11,6,0
147,1,4,1,1,3,2,1,4,11,7,9,2,9,8,11,6,0
148,1,4,1,1,3,2,1,4,2,4,9,2,9,8,9,11,0
149,1,4,1,1,3,2,1,2,2,4,9,2,3,14,9,11,0
150,1,4,1,1,3,2,1,4,11,7,9,2,9,8,11,6,5
151,1,4,1,1,3,2,1,4,11,7,9,2,9,8,11,6,0
152,1,4,4,4,0,1,4,5,7,1,1,0,14,13,0,4,6
153,1,4,4,4,0,1,4,5,7,1,1,0,14,13,10,4,6
154,1,4,1,1,3,2,1,2,2,4,13,1,3,14,9,11,3
155,1,4,1,1,3,2,1,2,2,4,13,2,3,14,9,11,0
156,2,3,1,1,3,2,1,2,2,4,13,1,3,14,9,11,3
157,1,4,1,1,3,2,1,2,2,4,13,1,3,14,9,11,3
158,1,4,1,1,3,2,1,2,2,4,13,1,3,14,9,11,3
159,1,4,1,1,3,2,1,4,2,4,9,2,9,8,9,11,0
160,1,4,1,1,3,2,1,2,2,4,9,2,3,14,9,11,0
161,1,4,1,1,3,2,1,2,2,4,9,2,3,14,9,11,0
162,1,4,4,4,0,1,4,4,7,1,1,14,14,13,10,4,0
163,1,4,4,4,0,1,3,4,7,1,1,0,14,13,10,4,0
164,1,4,1,1,3,2,1,2,2,4,13,2,3,14,9,11,0
165,1,4,4,4,0,1,3,4,7,1,1,0,14,13,10,4,6
166,1,4,4,4,0,1,4,4,7,1,1,0,14,13,11,4,0
167,1,4,1,4,3,2,1,4,11,7,9,2,9,8,11,6,0
168,1,4,1,4,3,2,1,4,11,7,9,2,9,8,11,6,0
169,1,4,1,1,3,2,1,4,11,7,9,2,9,8,11,6,5
170,1,4,1,1,7,5,1,4,11,7,9,2,1,7,11,8,1
171,1,4,2,2,7,5,7,0,10,5,2,13,1,7,1,8,1
172,1,0,2,2,7,5,7,0,10,5,10,13,2,6,1,3,12
173,1,0,2,2,7,5,7,0,10,5,10,13,2,6,1,3,12
174,1,0,2,2,7,5,7,0,10,5,10,13,2,6,1,3,12
175,1,0,2,2,7,5,7,0,10,5,10,13,2,6,1,3,12
176,1,0,2,2,7,5,7,0,10,5,10,13,2,6,1,3,12
177,1,0,2,2,7,5,7,0,10,5,10,13,2,6,1,8,12
178,1,0,2,2,7,5,7,0,10,5,2,13,1,7,1,8,1
179,1,4,4,4,3,2,3,4,11,7,9,2,9,8,11,6,5
180,1,2,1,1,5,3,2,8,6,6,7,4,12,16,3,10,13
181,1,4,4,4,0,1,3,4,11,7,1,0,9,8,11,6,5
182,1,4,1,1,3,2,3,2,11,7,9,2,9,16,11,6,5
183,1,4,1,1,5,3,2,2,6,10,7,1,0,16,13,0,5
184,0,2,5,5,5,3,2,8,6,6,7,4,12,3,3,10,13
185,0,2,5,5,4,4,6,6,3,2,0,3,5,4,16,9,19
186,1,4,4,4,0,1,4,5,1,12,2,4,6,11,0,0,7
187,1,4,4,4,5,3,4,5,1,12,2,4,6,11,0,0,7
188,1,4,4,4,0,1,4,5,1,12,2,4,6,16,0,0,7
189,1,4,4,4,0,1,3,4,11,7,9,2,9,8,11,6,5
190,1,4,1,1,5,2,2,2,6,4,7,1,0,16,13,7,8
191,1,4,4,4,0,1,4,5,1,12,1,4,6,16,0,0,7
192,1,4,4,4,0,1,4,5,1,12,1,4,6,16,0,0,7
193,1,4,4,4,0,1,3,4,11,7,1,2,9,8,11,6,5
194,1,4,4,4,0,1,3,4,11,7,1,4,6,16,11,0,5
195,1,4,4,4,7,5,4,5,1,12,2,4,1,7,0,8,1
196,3,2,1,1,5,3,2,8,6,6,7,4,12,3,3,10,13
197,1,4,4,4,0,1,4,4,11,7,2,0,1,7,11,6,1
198,1,4,1,1,3,2,1,2,2,4,9,2,9,8,9,6,3
199,1,4,1,1,3,2,1,2,11,7,9,2,9,8,9,6,3
200,1,4,1,1,3,2,1,2,11,7,9,2,9,8,9,6,3
201,1,4,1,4,3,2,4,4,11,7,2,2,1,8,11,6,5
202,1,4,1,1,3,2,1,4,11,7,9,2,9,8,11,6,5
203,2,3,3,3,1,6,5,7,4,11,4,5,11,10,15,18,3
204,1,4,1,1,3,2,1,4,2,4,9,2,9,8,9,6,3
205,1,4,1,1,3,2,1,4,11,7,9,2,9,8,11,6,5
206,1,4,1,1,3,2,1,4,11,7,9,2,9,8,11,6,5
207,1,4,1,4,3,2,4,4,11,7,2,2,1,11,11,6,1
208,1,4,4,4,0,1,3,1,7,1,1,0,14,13,10,4,6
209,1,4,4,4,0,1,4,5,7,1,1,0,14,13,10,4,6
210,1,4,1,1,3,2,1,2,11,7,9,2,9,8,11,6,5
211,2,3,3,3,1,6,5,7,4,11,4,12,11,5,2,18,17
212,2,3,1,1,3,2,1,2,2,4,9,1,0,14,13,6,3
213,2,3,1,1,3,2,1,2,2,4,9,1,0,14,13,6,3
214,1,4,1,1,3,2,1,2,11,7,9,2,0,8,13,6,3
215,1,4,4,4,3,2,4,4,7,1,1,0,14,13,10,4,0
216,1,4,4,4,7,5,4,4,11,7,2,0,1,7,11,8,1
217,1,4,4,4,7,5,4,4,11,7,2,0,1,7,11,8,1
218,1,4,4,4,0,1,4,4,11,7,2,0,1,7,11,6,1
219,1,4,4,4,7,5,4,4,11,7,2,0,1,7,11,8,1
220,1,4,1,4,3,5,4,4,11,7,2,0,1,7,11,6,1
221,1,4,1,1,3,2,1,2,2,4,13,1,3,14,9,11,3
222,1,4,4,4,0,1,4,4,11,7,2,0,1,8,11,6,5
223,1,4,1,4,7,5,4,4,11,7,2,0,1,7,11,8,1
224,1,4,4,4,7,5,4,4,11,7,2,0,1,7,11,8,1
225,1,4,1,1,3,2,1,2,2,4,9,2,3,14,9,11,0
226,1,4,1,1,3,2,1,2,11,7,9,2,9,8,11,6,5
227,1,4,4,4,0,1,3,4,7,1,1,0,14,13,11,4,5
228,1,4,1,1,3,2,1,2,11,7,9,2,9,8,11,6,5
229,1,4,1,4,3,2,4,4,1,7,2,4,1,11,0,6,7
230,1,4,4,4,0,1,3,4,11,7,1,2,9,8,11,6,5
231,1,4,1,1,3,2,1,4,11,7,9,2,9,8,11,6,5
232,1,4,1,4,3,2,4,4,11,7,9,2,9,8,11,6,5
233,1,4,4,4,0,1,4,5,7,1,1,0,14,13,10,4,6
234,1,4,4,4,0,1,4,5,1,12,2,4,14,11,0,0,7
235,1,4,1,4,5,3,4,5,1,12,2,4,6,11,0,0,7
236,1,4,4,4,0,1,4,5,1,12,2,4,6,11,0,0,7
237,0,0,2,2,7,5,4,5,1,12,2,4,1,11,0,8,7
238,1,0,2,4,7,5,4,5,1,12,2,4,1,7,0,8,1
239,1,4,1,1,3,2,4,5,1,12,2,4,1,11,0,0,7
240,1,4,1,1,5,3,4,5,1,12,2,4,1,11,0,0,7
241,0,2,5,5,5,3,4,5,1,12,0,4,15,11,0,0,7
242,0,0,4,4,0,1,4,5,7,1,1,0,15,11,0,12,6
243,0,0,4,4,0,1,4,5,7,1,1,0,14,13,10,4,6
244,1,4,4,4,0,1,4,5,1,12,2,4,6,11,0,0,7
245,0,2,5,5,5,3,2,5,1,12,2,4,6,11,5,0,7
246,1,4,1,1,3,2,1,2,1,12,2,4,6,11,0,0,7
247,1,4,1,4,3,2,4,5,1,12,2,4,6,11,0,0,7
248,1,4,1,4,3,2,4,5,1,12,2,4,1,11,0,0,0
249,1,4,4,4,7,5,4,5,7,1,2,0,1,7,0,4,6
250,1,4,4,4,0,1,3,1,8,10,1,8,13,0,7,14,4
251,0,2,5,5,5,3,4,5,1,12,2,4,6,11,0,0,7
252,1,4,1,1,3,2,1,2,2,4,13,1,3,14,9,11,3
253,1,4,1,1,3,2,4,4,11,7,2,2,1,8,11,6,1
254,1,4,1,1,3,2,1,2,2,4,9,2,3,14,9,11,5
255,1,4,4,4,0,1,3,4,11,7,1,2,6,8,11,0,0
256,1,4,4,4,0,1,3,4,7,1,1,0,14,13,10,4,0
257,1,4,4,4,0,1,4,5,1,12,2,4,1,11,0,0,7
258,1,4,1,1,3,2,4,5,1,12,2,4,6,11,0,0,7
259,1,4,4,4,0,1,3,4,11,7,1,2,9,8,11,6,0
260,1,4,4,4,0,1,3,4,7,1,1,2,6,13,5,11,0
261,1,4,1,4,0,1,4,5,1,12,2,4,6,11,0,0,7
262,1,4,1,4,5,3,4,5,1,12,2,4,6,11,0,0,7
263,1,4,1,4,3,2,4,4,11,7,2,4,1,11,0,6,7
264,1,4,4,4,0,1,3,4,11,7,9,2,9,8,11,6,5
265,1,4,1,1,3,2,1,4,11,7,9,2,9,8,11,6,5
266,1,4,4,4,7,5,4,5,1,12,2,0,1,7,0,4,1
267,1,4,4,4,0,1,4,4,11,7,2,0,1,8,11,6,5
268,1,4,4,4,0,1,4,4,7,1,1,0,14,13,11,4,6
269,1,4,4,4,0,1,4,4,7,1,1,0,14,13,10,4,6
270,1,4,4,4,0,1,4,5,1,12,2,4,6,11,0,0,7
271,1,4,1,1,3,2,1,2,11,7,9,2,9,8,11,6,5
272,1,4,1,4,7,5,4,5,1,12,2,4,1,7,0,8,1
273,0,2,5,5,4,4,6,6,3,2,0,3,5,4,16,9,19
274,0,2,5,5,4,4,6,6,3,2,0,3,5,4,16,9,19
275,0,2,5,5,5,3,4,5,1,12,2,4,1,11,0,0,7
276,0,2,5,5,5,3,4,5,1,12,2,4,1,11,0,0,7
277,0,2,5,5,5,3,4,5,1,12,2,4,1,11,0,0,7
278,3,1,0,0,2,0,1,2,2,4,13,1,3,14,6,11,3
279,3,1,0,0,2,0,8,9,5,0,3,7,4,2,6,15,2
280,1,4,1,4,3,2,4,5,1,12,2,4,1,11,0,0,7
281,1,4,1,4,3,3,4,5,1,12,2,4,1,11,0,0,7
282,1,4,1,1,3,2,3,1,8,10,12,8,0,0,13,14,4
283,1,4,1,1,3,2,3,4,11,7,9,2,9,8,11,6,5
284,1,4,4,4,0,1,4,5,7,1,1,14,14,13,10,13,6
285,0,4,4,4,0,1,4,5,7,1,1,14,14,13,10,13,6
286,1,4,4,4,0,1,4,4,11,7,1,0,9,8,11,6,5
287,1,4,4,4,0,1,3,4,11,7,9,2,9,8,11,6,5
288,1,4,1,1,3,2,1,4,11,7,9,2,9,8,11,6,5
289,1,4,4,4,0,1,3,1,8,10,12,8,13,0,7,14,4
290,3,1,0,0,5,3,2,8,6,6,7,11,12,3,3,10,13
291,1,4,1,1,3,2,1,2,11,7,9,2,9,8,11,6,5
292,1,4,1,1,3,2,1,2,11,7,9,2,9,8,11,6,5
293,1,4,1,1,5,3,4,5,1,12,2,4,1,11,0,0,7
294,0,2,5,5,5,3,2,8,6,6,7,11,12,3,3,10,13
295,0,2,5,5,4,4,6,6,3,2,0,3,5,4,16,9,19
296,0,2,5,5,4,4,6,6,3,2,0,3,15,4,16,12,19
297,3,1,0,0,2,0,8,9,5,0,3,7,4,2,6,15,2
298,1,0,2,2,7,5,7,0,10,5,10,13,2,6,1,8,12
299,1,0,2,2,7,5,7,0,10,5,10,13,2,6,1,8,12
300,1,0,2,2,7,5,7,0,10,5,10,13,2,7,1,8,1
301,1,0,2,2,7,5,7,0,10,5,2,13,1,7,1,8,1
302,1,4,1,1,7,5,4,4,11,7,2,2,1,7,11,8,1
303,1,4,1,1,3,2,1,4,11,7,9,2,9,8,11,6,5
304,1,4,1,1,3,2,1,4,11,7,9,2,9,8,11,6,5
305,1,4,1,1,3,2,1,2,2,4,9,2,9,8,9,6,3
306,1,4,4,4,0,1,4,4,11,7,1,0,1,7,11,6,1
307,1,4,4,4,3,2,4,4,11,7,9,0,9,8,11,6,5
308,1,4,1,1,3,2,1,4,11,7,9,2,9,8,11,6,5
309,1,4,4,4,0,1,3,4,11,7,9,2,9,8,11,6,5
310,1,4,4,4,0,1,4,4,7,1,1,0,14,13,10,4,0
311,1,4,4,4,7,5,4,4,7,7,2,0,1,7,11,8,1
312,1,4,4,4,7,5,4,4,11,7,2,0,1,7,11,8,1
313,1,4,1,1,3,2,1,4,11,7,9,2,9,8,11,6,5
314,1,4,4,4,7,5,4,4,11,7,2,0,1,7,11,8,1
315,1,0,2,2,7,5,4,4,10,5,2,0,1,7,1,8,1
316,1,4,4,4,7,5,4,4,11,7,2,0,1,7,11,8,1
317,1,4,4,4,7,5,4,4,11,7,2,0,1,7,11,8,1
318,1,4,1,4,3,2,1,4,11,7,9,2,9,8,11,6,5
319,1,4,1,1,3,2,1,4,11,7,9,2,9,8,11,6,5
320,1,4,4,4,7,5,4,4,11,7,2,0,1,7,11,8,1
321,1,4,4,4,7,5,4,4,7,7,2,0,1,7,11,8,1
322,1,4,4,4,7,5,4,4,11,7,2,0,1,7,11,8,1
323,1,4,4,4,7,5,4,4,11,7,2,0,1,7,11,8,1
324,1,4,4,4,7,5,4,4,11,7,2,0,1,7,11,8,1
325,1,4,4,4,0,1,4,4,11,7,1,0,1,8,11,4,5
326,1,4,4,4,0,1,4,4,11,7,2,0,1,7,11,4,1
327,1,4,4,4,0,1,4,4,7,7,2,0,1,7,11,4,1
328,1,4,4,4,7,5,4,4,11,7,2,0,1,7,0,8,1
329,1,4,4,4,0,1,4,4,11,7,2,0,1,7,0,4,1
330,1,4,4,4,7,5,4,5,7,12,2,0,1,7,0,8,1
331,1,4,4,4,0,5,4,5,7,7,2,0,1,7,0,4,1
332,1,4,4,4,7,5,4,5,7,7,2,0,1,7,0,8,1
333,1,4,4,4,7,5,4,4,11,7,2,0,1,7,0,8,1
334,1,4,4,4,7,5,4,4,11,7,2,0,1,7,11,8,1
335,1,4,4,4,7,5,4,4,11,7,2,0,1,7,11,8,1
336,1,0,4,4,7,5,4,4,7,1,2,0,1,7,0,8,1
337,1,4,4,4,7,5,4,4,11,7,2,0,1,7,11,8,1
338,1,4,4,4,7,5,4,4,11,7,2,0,1,7,11,8,1
339,1,4,1,4,3,2,4,4,11,7,9,2,9,8,11,6,1
340,1,0,4,4,7,5,4,5,1,12,2,0,1,7,0,8,1
341,1,4,4,4,0,1,4,5,7,1,1,0,14,13,10,4,6
342,1,0,4,4,0,5,4,5,7,1,2,0,14,13,0,4,6
343,1,4,4,4,0,1,4,5,7,1,2,0,1,7,0,4,1
344,1,4,1,1,3,2,1,4,11,7,9,2,9,8,11,6,5
345,1,4,4,4,0,1,4,4,7,1,1,0,14,13,11,4,6
346,1,4,1,1,3,2,1,2,2,4,9,2,9,14,9,11,5
347,1,4,1,1,3,2,1,4,11,7,9,2,9,8,11,6,5
348,1,4,4,4,7,5,4,4,11,7,2,0,1,7,0,8,1
349,1,4,4,4,7,5,4,4,11,7,2,0,1,7,0,8,1
350,1,4,4,4,0,5,4,4,7,1,1,0,1,7,11,4,1
351,1,4,1,1,3,2,1,4,11,7,9,2,9,8,11,6,5
352,1,4,4,4,3,2,3,4,11,7,9,2,9,8,11,6,5
353,1,4,4,4,3,2,3,4,11,7,9,2,9,8,11,6,5
354,1,0,2,2,7,5,7,0,10,5,10,13,2,7,1,8,1
355,1,0,2,2,7,5,7,0,10,5,10,13,2,6,1,3,12
356,0,0,2,2,7,5,7,0,10,5,10,13,2,6,1,3,12
357,0,0,2,2,7,5,7,0,10,5,10,13,2,6,1,3,12
358,1,0,2,2,7,5,7,0,10,5,10,13,2,7,1,8,1
359,1,4,1,1,3,2,1,4,11,7,9,2,9,8,11,6,5
360,1,4,4,4,0,1,3,4,11,7,1,0,9,8,11,6,5
361,1,4,1,1,3,2,1,4,11,7,9,2,9,8,11,6,5
362,1,4,4,4,0,1,4,4,7,1,1,0,14,13,11,4,6
363,1,4,4,4,0,1,4,4,11,7,1,0,9,8,11,6,5
364,2,3,3,3,1,6,5,7,4,11,4,5,11,10,6,15,8
365,1,4,1,1,3,2,1,4,11,7,9,2,9,8,11,6,5
366,1,4,1,1,3,2,1,2,2,4,9,2,9,8,9,6,3
367,1,4,1,1,3,2,1,2,2,4,9,2,9,14,9,6,3
368,1,4,4,4,0,1,3,1,7,1,1,14,14,13,10,13,15
369,1,4,4,6,6,8,9,3,0,3,5,14,7,15,10,13,15
370,1,4,4,6,6,8,9,3,0,3,5,14,7,15,10,13,15
371,1,4,4,6,6,8,9,3,0,3,5,14,7,15,10,13,15
372,1,4,4,6,6,8,9,3,0,3,5,14,7,15,10,13,15
373,1,4,1,1,7,5,1,4,11,7,9,2,1,7,11,8,1
374,1,4,1,1,3,2,1,2,11,7,9,2,9,8,11,6,5
375,1,4,1,1,3,2,1,4,11,7,9,2,9,8,11,6,5
376,1,4,1,1,3,2,1,2,11,7,9,2,9,8,11,6,5
377,1,0,2,2,7,5,7,0,10,5,10,13,2,6,1,8,12
378,0,0,2,2,7,5,7,0,10,5,10,13,2,6,1,3,12
379,1,4,1,1,3,2,1,2,11,7,9,2,9,8,11,6,5
380,2,3,3,3,1,6,5,7,4,11,4,5,11,10,15,18,17
381,1,4,4,4,0,1,3,4,11,7,1,2,9,8,11,6,5
382,1,4,4,4,0,1,3,1,7,1,1,0,14,13,10,4,6
383,1,4,1,1,3,2,1,4,11,7,9,2,9,8,11,6,5
384,1,4,1,1,3,2,1,4,11,7,9,2,9,8,9,6,5
385,1,4,1,1,3,2,1,2,2,4,9,2,9,14,9,11,3
386,1,4,1,1,3,2,1,2,2,4,9,2,9,14,9,6,3
387,2,3,1,1,3,2,1,2,2,4,9,1,3,14,9,11,3
388,1,4,1,1,3,2,1,2,11,7,9,2,9,8,11,6,3
389,1,4,1,1,3,2,1,2,2,4,9,2,9,8,9,11,0
390,1,4,1,1,3,2,1,4,11,7,9,2,9,8,11,6,5
391,1,4,1,4,7,5,4,4,11,7,2,0,1,7,11,8,1
392,1,4,1,1,3,2,1,2,2,4,9,2,9,8,9,6,5
393,1,4,1,1,3,2,1,2,2,4,9,2,9,8,9,6,5
394,1,0,2,2,7,5,7,0,10,5,10,13,2,6,1,8,12
395,1,0,2,2,7,5,7,0,10,5,10,13,2,6,1,8,12
396,1,4,2,2,7,5,7,0,10,5,10,13,2,7,1,8,1
397,1,4,1,1,7,5,1,4,11,7,9,2,1,7,11,8,1
398,1,2,1,5,5,3,2,8,6,6,7,4,12,3,3,10,13
399,0,2,5,5,5,3,2,8,6,6,7,11,12,3,3,10,13
400,1,4,4,4,0,1,4,4,11,7,1,0,14,8,11,4,5
401,3,2,1,1,5,3,2,8,6,6,7,11,12,3,3,10,13
402,3,1,0,0,5,3,2,8,6,6,7,11,12,3,3,10,13
403,3,2,5,5,5,3,2,8,6,6,7,11,12,3,3,10,13
404,3,2,0,0,5,3,2,8,6,6,7,11,12,3,3,10,13
405,1,4,1,1,3,2,1,4,11,7,9,2,9,8,11,6,5
406,1,2,1,1,5,3,2,8,6,6,7,4,12,3,3,10,13
407,0,2,5,5,5,3,2,8,6,6,7,4,12,3,3,10,13
408,0,2,5,5,5,3,2,8,6,6,7,11,12,3,3,10,13
409,3,2,0,0,5,3,2,8,6,6,7,11,12,3,3,10,13
410,1,4,4,4,0,1,3,1,7,1,1,0,14,13,11,4,5
411,3,2,0,0,5,3,2,8,6,6,7,11,12,3,3,10,13
412,0,2,5,5,4,4,6,6,3,2,0,11,5,4,16,9,19
413,1,4,4,4,0,1,3,1,11,7,1,2,9,8,11,6,5
414,1,4,1,4,3,2,1,4,11,7,9,2,9,8,11,6,5
415,1,4,4,4,5,3,4,5,1,12,2,4,6,11,0,0,7
416,1,2,1,1,5,3,2,8,6,6,7,4,12,3,3,10,13
417,3,2,0,0,5,3,2,8,6,6,7,11,12,3,3,10,13
418,3,2,0,0,5,3,2,8,6,6,7,11,12,3,3,10,13
419,3,2,0,0,5,3,2,8,6,6,7,11,12,3,3,10,13
420,1,4,4,4,0,1,3,4,11,7,1,2,9,8,11,6,5
421,1,4,1,1,5,3,2,8,1,12,7,4,6,16,5,0,7
422,0,2,5,5,5,3,2,8,6,6,7,11,12,3,3,10,13
423,0,2,5,5,5,3,2,8,6,12,7,4,12,11,3,0,7
424,0,2,5,5,5,3,2,8,6,6,7,4,12,3,3,10,13
425,0,2,5,5,5,3,2,8,6,6,7,11,12,3,3,10,13
426,0,2,5,5,5,3,2,8,6,6,7,11,12,3,3,10,13
427,1,4,1,4,0,1,3,1,8,10,12,8,13,0,7,14,4
428,3,1,0,0,5,3,2,8,6,6,7,11,12,3,3,10,13
429,3,1,0,0,5,3,2,8,6,6,7,11,5,3,3,10,13
430,0,2,5,5,5,3,2,5,1,12,7,4,6,11,0,0,7
431,1,4,1,4,5,3,2,8,1,12,7,4,6,11,0,0,7
432,0,2,5,5,5,3,2,8,6,6,7,11,12,3,3,10,13
433,3,2,5,5,5,3,2,8,6,6,7,11,12,3,3,10,13
434,3,2,1,1,5,3,2,8,6,6,7,11,12,3,3,10,13
435,3,1,0,0,5,3,2,8,6,6,7,11,12,3,3,10,13
436,3,2,0,0,5,3,2,8,6,6,7,11,12,3,3,10,13
437,3,1,0,0,5,3,2,8,6,6,7,11,12,3,3,10,13
438,1,4,4,4,0,1,4,5,1,12,2,4,1,11,0,0,7
439,1,4,4,4,0,1,4,5,1,12,2,4,1,11,0,0,7
440,1,4,4,4,0,1,4,5,1,12,2,0,1,11,0,0,7
441,1,4,4,4,0,1,4,5,7,1,1,0,14,13,0,4,6
442,1,4,4,4,0,3,4,5,1,12,2,4,1,11,0,0,7
443,0,2,5,5,5,3,6,8,3,2,0,11,5,4,16,9,19
444,1,4,4,4,0,1,3,4,7,1,1,0,14,13,10,4,6
445,1,4,4,4,0,1,3,1,7,1,1,0,14,13,10,4,6
446,1,4,1,4,5,3,4,5,1,12,2,4,1,11,0,0,7
447,1,4,1,4,5,3,4,5,1,12,2,4,1,11,0,0,7
448,1,2,1,1,5,3,2,8,1,12,7,4,6,11,0,0,7
449,1,4,1,1,3,2,1,2,2,4,13,1,3,14,9,11,3
450,1,4,1,1,3,2,1,2,2,4,13,1,3,14,9,11,3
451,0,2,5,5,4,4,6,6,3,2,0,3,5,4,16,9,19
452,0,2,5,5,5,3,6,8,3,2,0,3,5,4,16,9,19
453,0,0,2,2,7,4,6,0,3,2,0,3,15,4,16,12,19
454,1,0,4,4,0,1,4,5,7,1,2,0,14,7,0,4,6
455,1,0,4,4,0,1,4,5,7,1,1,0,14,13,10,4,6
456,1,0,4,4,0,1,4,5,7,1,1,0,14,13,10,4,6
457,1,4,4,4,0,1,4,4,7,1,1,0,14,13,11,4,6
458,1,0,4,4,7,5,4,5,7,1,1,0,14,7,0,4,6
459,1,4,4,4,7,5,4,5,1,7,2,0,1,7,0,8,1
460,1,4,1,1,3,2,1,2,11,7,9,2,9,8,11,6,5
461,0,2,5,5,5,3,2,8,6,6,7,11,12,3,3,10,13
462,0,0,2,2,7,5,7,0,10,5,10,13,2,6,1,8,12
463,0,0,2,2,7,5,7,0,10,5,10,13,2,6,1,8,12
464,0,0,2,2,7,5,7,0,10,5,10,13,2,6,1,8,12
465,0,0,2,2,7,5,7,0,10,5,10,13,2,6,1,3,12
466,0,0,2,2,7,4,7,0,10,5,10,13,2,6,1,3,12
467,3,0,2,2,7,5,7,0,10,5,10,13,2,6,1,8,12
468,3,1,0,2,7,5,7,0,10,5,10,13,2,7,1,8,1
469,3,1,1,1,3,2,1,2,2,4,13,1,3,14,9,11,3
470,1,4,4,4,0,3,4,5,1,12,2,4,1,11,0,0,7
471,0,2,5,5,5,3,4,5,1,12,2,4,1,11,0,0,7
472,3,1,1,0,5,3,2,8,1,12,7,4,1,11,0,0,7
473,1,4,1,1,5,3,2,2,6,12,7,4,6,16,5,0,11
474,1,2,1,4,5,3,4,5,1,12,2,4,6,11,0,0,7
475,1,4,1,1,3,2,1,2,11,7,9,2,9,8,11,6,5
476,1,4,4,4,0,1,4,4,11,7,1,0,9,8,11,6,5
477,1,4,4,4,0,1,3,4,11,7,9,2,9,8,11,6,5
478,1,4,4,4,0,1,3,1,8,10,1,8,13,0,11,6,5
479,1,4,1,1,3,2,1,4,11,7,9,4,9,8,11,0,5
480,1,4,4,4,3,2,3,4,11,7,9,2,9,8,11,6,5
481,2,3,3,3,1,6,5,2,2,4,13,1,3,14,9,18,3
482,1,4,4,4,0,1,3,4,11,7,9,2,9,8,11,6,5
483,1,4,1,1,3,2,1,2,2,4,9,2,9,8,9,6,5
484,1,4,4,4,3,2,3,4,11,7,9,2,9,8,11,6,5
485,1,4,4,4,0,1,3,4,11,7,1,0,9,8,11,6,5
486,1,4,4,4,0,1,3,4,7,1,1,0,14,13,11,4,5
487,1,4,4,4,0,1,3,4,11,7,9,2,9,8,11,6,5
488,1,4,4,4,0,1,4,5,7,1,1,0,14,13,10,4,6
489,1,4,4,4,0,1,3,1,7,1,1,0,14,13,10,4,6
490,1,4,4,4,0,1,3,1,7,1,1,0,14,13,11,4,6
491,1,4,4,4,0,1,3,4,11,7,1,0,14,8,11,4,5
492,1,4,4,4,0,1,4,4,11,7,1,0,14,8,11,4,5
493,1,4,4,4,0,1,4,4,11,7,1,0,9,8,11,6,5
494,1,4,4,4,0,1,4,5,7,1,1,0,14,11,0,4,6
495,1,4,4,4,0,1,4,4,11,7,1,0,9,8,11,6,5
496,1,4,4,4,7,5,4,5,1,12,2,4,1,11,0,0,1
497,1,4,4,4,0,1,4,5,1,12,2,4,1,11,0,0,7
498,1,4,4,4,7,5,4,4,11,7,2,2,1,7,11,8,1
499,1,4,4,4,7,5,4,4,11,7,2,0,1,7,11,8,1
500,1,4,1,1,3,2,1,4,11,7,9,2,9,7,11,6,1
501,1,4,1,1,3,2,1,2,11,7,9,2,9,8,11,6,3
502,1,4,1,1,3,2,1,4,11,7,9,2,9,8,11,6,5
503,1,4,1,1,3,2,1,4,11,7,9,2,9,8,11,6,5
504,0,0,2,2,7,4,6,5,3,12,0,3,15,11,16,12,19
505,0,0,2,5,4,4,6,6,3,9,0,3,15,1,16,12,19
506,0,0,5,5,4,4,6,6,3,9,0,3,15,1,16,12,19
507,0,0,5,5,4,4,6,6,3,9,0,3,15,1,16,12,19
508,0,0,5,5,4,4,6,6,3,9,0,3,15,1,16,12,19
509,0,0,5,5,4,4,6,6,3,9,0,3,15,1,16,12,19
510,1,4,4,4,0,1,4,4,11,7,2,0,1,7,0,6,1
511,0,0,2,2,7,5,4,5,1,12,2,4,1,7,0,8,1
512,1,4,1,1,5,3,2,8,6,6,7,4,12,3,3,10,13
513,1,4,1,1,7,5,4,5,1,12,2,4,1,7,0,8,1
514,3,1,1,1,7,5,4,5,1,12,2,4,1,7,0,8,1
515,3,1,1,1,3,2,1,2,2,4,13,1,3,14,9,11,3
516,3,1,0,0,2,0,8,2,2,4,13,1,3,14,6,15,3
517,3,1,0,0,2,0,8,9,5,0,3,7,4,2,8,2,2
518,3,1,0,0,2,0,8,9,5,0,3,7,4,2,8,2,2
519,3,1,0,0,2,0,8,9,5,0,3,7,4,2,8,2,2
520,3,1,0,0,2,0,8,9,5,0,3,7,4,2,8,2,2
521,3,1,0,0,2,0,8,9,5,0,3,7,4,2,8,2,2
522,3,1,0,0,2,0,8,9,5,0,3,7,4,2,8,2,2
523,3,1,0,0,2,0,8,9,5,0,3,7,4,2,8,2,2
524,3,1,0,0,2,0,8,9,5,0,3,7,4,2,8,2,2
525,3,1,0,0,2,0,8,9,5,0,3,7,4,2,8,2,2
526,3,1,0,0,2,0,8,9,1,12,2,7,4,11,8,2,7
527,0,0,5,5,4,4,6,6,3,9,0,3,15,1,16,12,6
528,0,2,5,5,4,4,6,6,3,2,0,3,5,4,16,9,19
529,3,1,0,0,2,0,8,9,5,0,3,7,4,2,8,2,2
530,3,1,0,0,2,0,8,9,5,0,3,7,4,2,8,2,2
531,3,1,0,0,2,0,8,2,5,0,3,1,4,14,6,15,3
532,3,1,0,0,2,0,8,9,5,0,3,7,4,2,8,2,2
533,1,4,1,4,7,5,4,4,1,7,2,0,1,7,0,8,1
534,3,1,1,1,3,2,1,2,2,4,9,2,3,14,9,11,3
535,3,1,0,0,2,0,8,9,5,0,3,7,4,2,8,2,2
536,3,1,0,0,2,0,8,9,5,0,3,7,4,2,8,2,2
537,3,1,0,0,2,0,8,9,5,0,3,7,4,2,8,2,2
538,3,1,0,0,2,0,8,9,5,0,3,7,4,2,8,2,2
539,3,1,0,0,2,0,8,9,5,0,3,7,4,2,8,2,2
540,3,1,0,0,2,0,8,9,5,0,3,7,4,2,8,2,2
541,3,1,0,0,2,0,8,9,5,0,3,7,4,2,8,2,2
542,3,1,1,1,3,2,1,2,2,4,13,1,3,14,9,11,3
543,3,1,0,0,2,0,8,9,5,0,3,7,4,2,8,2,2
544,0,0,2,5,4,4,6,6,3,9,0,3,15,1,16,12,19
545,3,1,0,0,2,0,8,9,5,0,3,7,4,2,8,2,2
546,3,1,0,0,2,0,8,9,5,0,3,7,4,2,8,2,2
547,3,1,0,0,2,0,8,9,5,0,3,7,4,2,8,2,2
548,3,1,0,0,2,0,8,9,5,0,3,7,4,2,8,2,2
549,3,1,0,0,2,0,8,9,5,0,3,7,4,2,8,2,2
550,3,1,0,0,2,0,8,9,5,0,3,7,4,2,8,2,2
551,3,1,0,0,2,0,8,9,5,0,3,7,4,2,8,2,2
552,3,1,0,0,2,0,8,9,5,0,3,7,4,2,8,2,2
553,3,1,0,0,2,0,8,9,5,0,3,7,4,2,6,15,2
554,1,0,2,2,7,5,7,0,10,5,2,13,1,7,1,8,1
555,3,1,0,0,2,0,8,9,5,0,3,7,4,2,6,15,2
556,3,1,0,0,2,0,8,9,5,0,3,7,4,2,8,2,2
557,3,1,0,0,2,0,8,9,5,0,3,7,4,2,8,2,2
558,3,1,0,0,2,0,8,9,5,0,3,7,4,2,8,2,2
559,3,1,0,0,2,0,8,9,5,0,3,7,4,2,8,2,2
560,3,1,0,0,2,0,8,9,5,0,3,7,4,2,6,15,2
561,3,1,0,0,2,0,8,9,5,0,3,7,4,2,8,2,2
562,3,1,0,0,2,0,8,9,5,0,3,7,4,2,8,2,2
563,3,1,0,0,2,0,8,9,5,0,3,7,4,2,8,2,2
564,3,1,0,0,2,0,8,9,5,0,3,7,4,2,8,2,2
565,3,1,0,0,2,0,8,9,5,0,3,7,4,2,6,15,2
566,3,1,0,0,2,0,8,9,5,0,3,7,4,2,6,15,2
567,3,1,0,0,2,0,8,9,5,0,3,7,4,2,6,15,2
568,3,1,0,0,2,0,8,9,5,0,3,7,4,2,8,2,2
569,3,1,0,0,2,0,8,9,5,0,3,7,4,2,6,15,2
570,3,1,0,0,2,0,8,9,5,0,3,7,4,2,8,2,2
571,3,1,0,0,2,0,8,9,5,0,3,7,4,2,8,2,2
572,3,1,0,0,2,0,8,9,5,0,3,7,4,2,8,2,2
573,3,1,0,0,2,0,8,9,5,0,3,7,4,2,8,2,2
574,3,1,0,0,2,0,8,9,5,0,3,7,4,2,8,2,2
575,3,1,0,0,2,0,8,9,5,0,3,7,4,2,8,2,2
576,3,1,0,0,2,0,8,9,5,0,3,7,4,2,8,2,2
577,3,1,0,0,2,0,8,9,5,0,3,7,4,2,8,2,2
578,3,1,0,0,2,0,8,9,5,0,3,7,4,2,8,2,2
579,3,1,0,0,2,0,8,9,5,0,3,7,4,2,8,2,2
580,3,1,0,0,2,0,8,9,5,0,3,7,4,2,8,2,2
581,3,1,0,0,2,0,8,9,5,0,3,7,4,2,8,2,2
582,3,1,0,0,2,0,8,9,5,0,3,7,4,2,8,2,2
583,3,1,0,0,2,0,8,9,5,0,3,7,4,2,8,2,2
584,3,1,0,0,2,0,8,9,5,0,3,7,4,2,8,2,2
585,3,1,0,0,2,0,8,9,5,0,3,7,4,2,8,2,2
586,3,1,0,0,2,0,8,9,5,0,3,7,4,2,8,2,2
587,3,1,0,0,2,0,8,9,5,0,3,7,4,2,8,2,2
588,3,1,0,0,2,0,8,9,5,0,3,7,4,2,8,2,2
589,3,1,0,0,2,0,8,9,5,0,3,7,4,2,8,2,2
590,3,1,0,0,2,0,8,9,5,0,3,7,4,2,8,2,2
591,3,1,0,0,2,0,8,9,5,0,3,7,4,2,8,2,2
592,3,1,0,0,2,0,8,9,5,0,3,7,4,2,8,2,2
593,3,1,0,0,2,0,8,9,5,0,3,7,4,2,8,2,2
594,3,1,0,0,2,0,8,9,5,0,3,7,4,2,8,2,2
595,3,1,0,0,2,0,8,9,5,0,3,7,4,2,8,2,2
596,3,1,0,0,2,0,8,9,5,0,3,7,4,2,8,2,2
597,3,1,0,0,2,0,8,9,5,0,3,7,4,2,8,2,2
598,3,1,0,0,2,0,8,9,5,0,3,7,4,2,8,2,2
599,3,1,0,0,2,0,8,9,5,0,3,7,4,2,8,2,2
600,0,0,2,6,6,8,9,3,0,3,5,14,7,15,14,13,14
601,2,3,3,3,1,6,5,7,4,11,11,12,11,5,2,18,16
602,1,0,2,4,7,5,4,5,7,1,2,14,14,11,10,13,0
603,0,0,2,6,6,8,9,3,0,3,5,14,7,15,14,13,14
604,1,0,2,6,6,8,9,3,0,3,5,14,7,15,14,13,14
605,3,1,0,0,2,0,8,9,5,0,3,7,4,2,8,2,2
606,1,0,2,6,6,8,9,3,0,3,5,10,7,12,17,16,9
607,1,0,2,6,6,8,9,3,0,3,5,14,7,15,14,13,14
608,1,0,2,6,6,8,9,3,0,3,5,14,7,15,14,13,14
609,3,1,0,0,2,0,8,9,5,0,3,7,4,2,8,2,2
610,3,1,0,0,2,0,8,9,5,0,3,7,4,2,6,15,2
611,3,1,0,0,2,0,8,9,5,0,3,7,4,2,6,15,2
612,3,1,0,0,2,0,8,9,5,0,3,7,4,2,6,15,2
613,3,1,0,0,2,0,8,9,5,0,3,7,4,2,6,15,2
614,3,1,0,0,2,0,8,9,5,0,3,7,4,2,8,2,2
615,3,1,0,0,2,0,8,9,5,0,3,7,4,2,6,15,2
616,3,1,0,0,2,0,8,9,5,0,3,7,4,2,6,15,2
617,3,1,0,0,2,0,8,9,5,0,3,7,4,2,6,15,2
618,3,1,0,0,2,0,8,9,5,0,3,7,4,2,6,15,2
619,3,1,0,0,2,0,8,9,5,0,3,7,4,2,8,2,2
620,3,1,0,0,2,0,8,9,5,0,3,7,4,2,6,15,2
621,3,1,0,0,2,0,8,9,5,0,3,7,4,2,8,2,2
622,3,1,0,0,2,0,8,9,5,0,3,7,4,2,6,15,2
623,3,1,0,0,2,0,8,9,5,0,3,7,4,2,6,15,2
624,3,1,0,0,2,0,8,9,5,0,3,7,4,2,8,2,2
625,3,0,2,0,2,0,8,9,5,0,3,7,4,2,8,2,2
626,3,1,0,0,2,0,8,9,5,0,3,7,4,2,8,2,2
627,3,1,0,0,2,0,8,9,5,0,3,7,4,2,8,2,2
628,3,1,0,0,2,0,8,9,5,0,3,7,4,2,8,2,2
629,3,1,0,0,2,0,8,9,5,0,3,7,4,2,8,2,2
630,2,3,3,3,1,6,5,7,4,11,4,5,11,10,15,18,17
631,2,3,3,3,1,6,5,7,4,11,4,5,11,10,15,18,17
632,2,3,3,3,1,6,5,7,4,11,4,5,11,10,15,18,17
633,2,3,3,3,1,6,5,7,4,11,4,5,11,10,15,18,17
634,2,3,3,3,1,6,5,7,4,11,4,5,11,10,15,18,17
635,2,3,3,3,1,6,5,7,4,11,11,12,11,5,2,1,16
636,2,3,3,3,1,6,5,7,4,11,4,5,11,10,15,18,17
637,2,3,3,3,1,6,5,7,4,11,4,5,11,10,15,18,17
638,2,3,3,3,1,6,5,7,4,11,4,5,11,10,15,18,17
639,2,3,3,3,1,6,5,7,4,11,4,5,11,10,15,18,17
640,2,3,3,3,1,6,5,7,4,11,4,5,11,10,15,18,17
641,2,3,3,3,1,6,5,7,4,11,4,5,11,10,15,18,17
642,2,3,3,3,1,6,5,7,4,11,4,5,11,10,15,18,17
643,2,3,3,3,1,6,5,7,4,11,4,5,11,10,15,18,17
644,2,3,3,3,1,6,5,7,4,11,4,5,11,10,15,18,17
645,2,3,3,3,1,6,5,7,4,11,4,5,11,10,15,18,17
646,2,3,3,3,1,6,5,7,4,11,4,5,11,10,15,18,17
647,3,1,1,1,3,2,1,2,2,4,13,1,0,14,13,7,8
648,1,4,4,4,0,1,3,1,7,1,1,0,14,13,10,4,6
649,1,0,2,2,7,5,7,0,10,5,10,13,2,6,1,8,12
650,1,0,2,2,7,5,7,0,10,5,10,13,2,6,1,8,12
651,1,0,2,2,7,5,7,0,10,5,10,13,2,6,1,8,12
652,1,4,1,2,7,5,7,0,10,5,10,13,1,7,1,8,1
653,1,0,2,2,7,5,7,0,10,5,10,13,2,6,1,8,12
654,2,3,3,1,1,6,1,2,2,4,4,5,3,10,9,18,17
655,2,3,3,3,1,6,5,7,4,11,4,5,11,10,15,18,17
656,2,3,1,1,3,2,1,2,2,4,13,1,3,14,9,11,3
657,2,3,3,3,1,6,5,7,4,11,4,5,11,10,15,18,17
658,2,3,3,3,1,6,5,7,4,11,4,5,11,10,15,18,17
659,2,3,3,3,1,6,5,7,4,11,4,5,11,10,15,18,17
660,2,3,3,3,1,6,5,7,4,11,4,5,11,10,15,18,17
661,2,3,3,3,1,6,5,7,4,11,4,5,11,10,15,18,17
662,2,3,3,3,1,6,5,7,4,11,4,5,11,10,15,18,17
663,2,3,3,3,1,6,5,7,4,11,4,5,11,10,15,18,17
664,2,3,3,3,1,6,5,7,4,11,4,5,11,10,15,18,17
665,2,3,3,3,1,6,5,7,4,11,4,5,11,10,15,18,17
666,2,3,3,1,1,6,1,2,2,4,4,5,3,10,15,18,17
667,2,3,3,3,1,6,5,7,2,4,4,5,3,10,15,18,17
668,1,4,4,4,0,1,3,1,8,10,12,8,13,0,7,14,4
669,1,4,4,4,0,1,3,1,8,10,12,8,13,0,7,14,4
670,1,4,4,4,0,1,3,1,8,10,12,8,13,0,7,14,4
671,1,4,4,4,0,1,3,1,8,10,12,8,13,0,7,14,4
672,1,4,4,4,0,1,3,1,8,10,12,8,13,0,7,14,4
673,1,4,4,4,0,1,3,1,8,10,12,8,13,0,7,14,4
674,1,4,4,4,0,1,3,1,8,10,12,8,13,0,7,14,4
675,1,4,4,4,0,1,3,1,8,10,12,8,13,0,7,14,4
676,1,4,4,4,0,1,3,1,8,10,12,8,13,0,7,14,4
677,1,4,4,4,0,1,3,1,8,10,12,8,13,0,7,14,4
678,1,4,4,4,0,1,3,1,8,10,12,8,13,0,7,14,4
679,1,4,4,4,0,1,3,1,8,10,12,8,13,0,7,14,4
680,1,4,4,4,0,1,3,1,8,10,12,8,13,0,7,14,4
681,1,4,4,4,0,1,3,1,8,10,12,8,13,0,7,14,4
682,1,4,4,4,0,1,3,1,8,10,12,8,13,0,7,14,4
683,1,4,4,4,0,1,3,1,8,10,12,8,13,0,7,14,4
684,1,4,4,4,0,1,3,1,8,10,12,8,13,0,7,14,4
685,1,4,4,4,0,1,3,1,8,10,12,8,13,0,7,14,4
686,1,4,4,4,0,1,3,1,8,10,12,8,13,0,7,14,4
687,1,4,4,4,0,1,3,1,8,10,12,8,13,0,7,14,4
688,1,4,4,4,0,1,3,1,8,10,12,8,13,0,7,14,4
689,1,4,4,4,0,1,3,1,8,10,12,8,13,0,7,14,4
690,1,4,4,4,0,1,3,1,8,10,12,8,13,0,7,14,4
691,1,4,4,4,0,1,3,1,8,10,12,8,13,0,7,14,4
692,1,4,4,4,0,1,3,1,8,10,12,8,13,0,7,14,4
693,1,4,4,4,0,1,3,1,8,10,12,8,13,0,7,14,4
694,1,4,4,4,0,1,3,1,8,10,12,8,13,0,7,14,4
695,1,4,4,4,0,1,3,1,8,10,12,8,13,0,7,14,4
696,1,4,4,4,0,1,3,1,8,10,12,8,13,0,7,14,4
697,1,4,4,4,0,1,3,1,8,10,12,8,13,0,7,14,4
698,1,4,4,4,0,1,3,1,8,10,12,8,13,0,7,14,4
699,1,4,4,4,0,1,3,1,8,10,12,8,13,0,7,14,4
700,1,4,4,4,0,1,3,1,8,10,12,8,13,0,7,14,4
701,1,4,1,1,3,2,3,1,11,7,9,2,9,8,11,6,5
702,1,4,1,1,3,2,3,1,8,10,12,8,13,0,7,14,4
703,1,4,1,1,3,2,3,1,11,7,9,2,9,8,11,6,5
704,1,4,1,1,3,2,3,1,11,7,9,2,9,8,11,6,5
705,1,4,4,4,0,1,3,1,8,10,12,8,13,0,7,14,4
706,1,4,4,4,0,1,3,1,8,10,12,8,13,0,7,14,4
707,1,4,4,4,0,1,3,1,8,10,12,8,13,0,7,14,4
708,1,4,4,4,0,1,3,1,8,10,12,8,13,0,7,14,4
709,1,4,4,4,0,1,3,1,8,10,12,8,13,0,7,14,4
710,1,4,4,4,0,1,3,1,8,10,12,8,13,0,7,14,4
711,1,4,4,4,0,1,3,1,8,10,12,8,13,0,7,14,4
712,1,4,4,4,0,1,3,1,8,10,12,8,13,0,7,14,4
713,1,4,4,4,0,1,3,1,8,10,12,8,13,0,7,14,4
714,1,4,4,4,0,1,3,1,8,10,12,8,13,0,7,14,4
715,2,3,3,3,1,6,5,7,4,11,11,12,11,5,2,1,16
716,2,3,3,3,1,6,5,7,4,11,11,12,11,5,2,18,16
717,2,3,3,3,1,6,5,7,4,11,11,12,11,5,2,1,16
718,2,3,3,3,1,6,5,7,4,11,11,12,11,5,2,1,16
719,2,3,3,3,1,6,5,7,4,11,11,12,11,5,2,1,16
720,2,3,3,3,1,6,5,7,4,11,11,12,11,5,2,1,16
721,2,3,3,3,1,6,5,7,4,11,11,12,11,5,2,1,16
722,1,4,1,1,3,2,1,2,2,4,9,2,3,14,9,11,3
723,3,1,0,0,2,0,8,9,5,0,3,7,4,2,6,15,2
724,1,4,1,1,3,2,1,2,2,4,9,2,9,8,9,6,3
725,2,3,1,1,3,2,1,2,2,4,13,1,3,14,6,15,3
726,3,1,0,0,2,0,8,9,5,0,3,7,4,2,6,15,2
727,3,1,0,0,2,0,8,9,5,0,3,7,4,2,6,15,2
728,3,1,0,0,2,0,8,9,5,0,3,7,4,2,6,15,2
729,3,1,0,0,2,0,8,9,5,0,3,7,4,2,6,15,2
730,3,1,0,0,2,0,8,9,5,0,3,7,4,2,6,15,2
731,3,1,0,0,2,0,8,9,5,0,3,7,4,2,6,15,2
732,2,3,3,3,1,6,5,2,2,4,4,1,0,14,9,18,3
733,2,3,3,1,1,6,1,2,2,4,9,1,0,14,9,18,3
734,2,3,3,3,1,6,5,2,2,4,9,1,0,14,9,18,3
735,1,4,1,1,3,2,1,2,2,4,9,2,9,8,9,11,5
736,1,4,1,1,3,2,1,4,11,7,9,2,9,8,11,6,5
737,2,3,3,3,1,6,5,7,4,11,11,12,11,5,2,1,16
738,2,3,3,3,1,6,5,7,4,11,11,12,11,5,2,18,16
739,2,3,3,3,1,6,5,7,4,11,11,12,11,5,2,1,16
740,2,3,3,3,1,6,5,7,4,11,11,12,11,5,2,1,16
741,2,3,3,3,1,6,5,7,4,11,11,12,11,5,2,1,16
742,2,3,3,3,1,6,5,7,4,11,11,12,11,5,2,1,16
743,3,1,0,0,2,0,8,9,5,0,3,1,4,2,6,15,2
744,2,3,3,1,1,6,1,2,2,4,13,1,3,14,9,18,3
745,2,3,1,1,3,2,1,2,2,4,13,1,3,14,9,11,3
746,2,3,0,1,2,0,1,2,2,4,13,1,3,14,6,15,3
747,3,1,0,0,2,0,8,9,5,0,3,7,4,2,6,15,2
748,3,1,0,0,2,0,8,9,5,0,3,7,4,2,6,15,2
749,3,1,0,0,2,0,8,9,5,0,3,7,4,2,6,15,2
750,3,1,0,0,2,0,8,9,5,0,3,7,4,2,6,15,2
751,1,0,2,2,7,5,4,5,1,5,2,0,1,7,0,8,1
752,1,4,1,1,3,2,1,2,2,4,9,1,3,14,9,11,3
753,1,4,4,4,0,1,3,1,7,1,1,0,14,13,10,4,6
754,2,3,1,1,3,2,1,2,2,4,13,1,3,14,9,11,3
755,1,4,4,4,0,1,3,4,7,1,1,14,14,13,10,4,0
756,1,4,4,4,0,1,3,4,7,1,1,14,14,13,10,4,0
757,1,4,4,4,0,1,4,4,7,1,1,0,14,13,10,4,0
758,1,4,4,4,0,1,4,4,7,1,1,0,14,13,10,4,0
759,1,4,1,4,3,2,4,4,2,4,13,4,3,11,9,11,0
760,1,4,1,1,3,2,1,2,2,4,13,1,3,14,9,11,0
761,1,4,1,1,3,2,1,2,2,4,13,1,3,14,9,11,0
762,2,3,1,1,3,2,1,2,2,4,13,1,3,14,9,11,3
763,2,3,1,1,3,2,1,2,2,4,13,1,3,14,9,11,3
764,2,3,1,1,3,2,1,2,2,4,13,1,3,14,9,11,3
765,1,4,1,1,3,2,1,2,2,4,13,1,3,14,9,11,3
766,1,4,1,1,3,2,1,2,2,4,13,2,3,14,9,11,0
767,1,4,1,1,3,2,1,2,2,4,13,1,3,14,9,11,3
768,2,3,1,1,3,2,1,2,2,4,13,1,3,14,9,11,3
769,2,3,1,1,3,2,1,2,2,4,13,1,3,14,9,11,3
770,1,4,4,4,0,1,4,5,1,12,2,4,1,11,0,0,7
771,1,4,4,4,0,1,4,5,1,12,2,4,1,11,0,0,7
772,1,4,4,4,0,1,4,5,7,1,2,0,14,13,10,4,0
773,2,3,3,3,1,6,5,7,4,11,4,5,11,10,15,18,17
774,1,4,4,4,3,2,4,5,7,1,2,0,1,11,0,4,0
775,2,3,1,1,3,2,1,2,2,4,13,1,3,14,9,11,3
776,2,3,1,1,3,2,1,2,2,4,13,1,3,14,9,11,3
777,1,4,1,1,3,2,1,2,2,4,9,2,9,14,9,11,3
778,1,4,1,1,3,2,1,4,11,7,9,2,9,8,9,6,5
779,1,4,4,4,0,1,3,1,8,1,12,14,13,13,10,14,4
780,2,3,1,1,3,2,1,2,2,4,13,1,3,14,9,11,3
781,2,3,1,1,3,2,1,2,2,4,13,1,3,14,9,11,3
782,1,4,4,4,0,1,3,1,7,1,1,14,14,13,10,13,6
783,1,4,4,4,0,1,3,1,7,1,1,14,14,13,10,4,6
784,1,4,4,4,0,1,3,1,7,1,1,14,14,13,10,4,0
785,1,4,4,4,0,1,3,4,7,1,1,0,14,13,10,11,0
786,1,4,1,1,3,2,1,2,2,4,13,1,3,14,9,11,0
787,1,4,1,1,3,2,1,2,2,4,13,1,3,14,9,11,0
788,1,4,1,1,3,2,1,2,2,4,13,1,3,14,9,11,0
789,1,4,1,1,3,2,1,2,2,4,13,1,3,14,9,11,3
790,1,4,4,4,0,1,3,1,8,10,12,8,13,0,7,14,4
791,1,4,4,4,0,1,3,1,8,10,12,8,13,0,7,14,4
792,1,4,1,1,3,2,1,2,2,4,9,2,3,14,9,11,3
793,1,4,1,1,3,2,1,2,2,4,13,2,3,14,9,11,0
794,0,2,5,5,4,4,6,6,3,2,0,3,15,4,16,12,19
795,0,2,5,5,4,4,6,6,3,2,0,3,15,4,16,12,19
796,1,4,4,4,0,1,4,5,1,12,2,0,1,7,0,4,1
797,1,4,4,4,5,3,4,5,1,12,2,4,1,11,0,0,7
798,0,2,5,5,5,3,4,5,1,12,0,4,15,11,0,12,7
799,1,4,4,4,0,1,3,4,7,1,1,0,14,13,10,4,6
800,1,4,4,4,0,1,3,1,7,1,1,14,14,13,10,4,0
801,2,3,1,1,3,2,1,2,2,4,13,1,3,14,9,11,3
802,2,3,1,1,3,2,1,2,2,4,13,1,3,14,9,11,3
803,1,4,4,4,0,1,3,4,7,1,1,14,14,13,10,13,0
804,1,4,4,4,0,1,3,4,7,1,1,14,14,13,10,13,0
805,1,4,4,4,0,1,3,4,7,1,1,14,14,13,10,13,0
806,1,4,4,4,0,1,3,4,7,1,1,0,14,13,10,4,0
807,2,4,1,1,3,2,1,2,2,4,13,1,3,14,9,11,3
808,2,3,1,1,3,2,1,2,2,4,13,1,3,14,9,11,3
809,1,4,4,4,0,1,3,4,11,7,9,2,9,8,11,6,5
810,1,4,1,1,3,2,1,2,2,4,13,4,3,14,9,11,0
811,1,4,1,1,3,2,1,2,2,4,13,4,3,14,9,11,0
812,1,4,4,4,7,5,4,5,1,12,2,4,1,11,0,4,0
813,1,4,1,1,3,2,1,2,2,4,13,4,3,14,9,11,0
814,1,4,1,1,3,2,1,2,2,4,13,1,3,14,9,11,0
815,1,4,1,1,3,2,1,2,2,4,13,1,3,14,9,11,0
816,2,3,1,1,3,2,1,2,2,4,13,1,3,14,9,11,3
817,2,3,1,1,3,2,1,2,2,4,13,1,3,14,9,11,3
818,2,3,1,1,3,2,1,2,2,4,13,1,3,14,9,11,3
819,2,3,3,3,1,6,5,2,2,4,13,1,3,14,9,18,3
820,1,4,4,4,0,1,3,4,7,1,1,0,14,13,11,4,6
821,1,4,4,4,0,1,3,4,7,1,1,0,14,13,10,4,6
822,1,4,4,4,0,1,3,1,11,7,1,0,14,13,11,4,6
823,1,4,4,4,0,1,4,5,7,1,1,0,14,13,10,4,6
824,1,4,4,4,0,1,4,4,7,1,1,0,14,13,11,4,6
825,1,4,4,4,0,1,3,4,7,1,1,0,14,13,11,4,5
826,1,4,4,4,0,1,3,4,7,1,1,0,14,13,11,4,6
827,1,4,4,4,0,1,4,5,11,7,1,4,6,16,0,0,5
828,0,2,5,5,4,4,6,6,3,2,0,3,5,4,16,9,19
829,1,4,4,4,0,1,3,4,7,1,1,0,14,13,10,4,6
830,1,4,4,4,0,1,3,4,7,1,1,0,14,13,10,4,6
831,1,4,1,4,3,2,1,4,11,7,9,2,9,8,11,6,5
832,1,4,1,1,3,2,1,2,11,7,9,2,9,8,11,6,5
833,1,4,1,1,3,2,1,2,11,7,9,2,9,8,11,6,5
834,0,0,5,5,4,4,6,6,3,9,0,3,15,4,16,12,19
835,0,0,2,2,4,4,6,6,3,9,0,3,15,1,16,12,19
836,0,0,2,5,4,4,6,6,3,9,0,3,15,1,16,12,19
837,0,0,5,5,7,5,4,5,1,12,2,4,15,11,0,12,7
838,0,2,5,5,5,3,4,5,1,12,2,4,6,11,0,0,7
839,1,4,1,1,3,2,1,2,11,4,9,2,9,8,11,6,5
840,2,3,1,1,1,6,1,2,2,4,13,1,0,14,13,18,3
841,2,3,3,3,1,6,5,7,4,11,4,1,0,10,15,18,17
842,1,4,4,4,0,1,3,1,8,1,1,8,14,13,10,4,4
843,1,4,4,4,0,1,4,5,7,1,1,0,14,13,10,4,6
844,1,4,4,4,0,1,4,5,7,1,1,0,14,13,0,4,6
845,1,4,4,4,0,1,4,5,1,12,2,4,6,16,0,0,11
846,3,1,0,0,2,0,8,9,5,0,3,7,4,2,6,15,2
847,1,4,4,4,0,1,3,5,11,12,2,4,6,16,5,0,11
848,1,4,1,1,3,2,1,2,11,7,9,2,6,16,5,0,11
849,1,4,4,4,0,1,3,1,8,10,1,8,6,16,5,0,11
850,1,4,4,4,0,1,3,4,11,7,1,2,6,16,5,0,11
851,1,4,1,1,3,2,1,2,11,7,9,2,6,16,5,6,5
852,1,4,1,1,3,2,1,2,1,12,13,4,6,16,5,0,11
853,3,2,0,0,5,7,0,10,9,8,8,9,10,9,5,10,11
854,1,4,4,4,3,2,3,4,11,7,9,2,9,8,11,6,5
855,3,2,1,1,5,3,2,8,6,6,7,1,12,16,5,10,11
856,1,4,1,1,3,2,1,2,11,7,9,2,9,8,5,6,5
857,1,4,1,1,3,2,1,2,2,4,9,1,9,14,9,11,3
858,1,4,1,1,3,2,1,2,11,7,9,2,9,8,11,6,5
859,1,4,1,1,3,2,1,2,11,7,9,2,9,8,11,6,5
860,1,4,1,1,3,2,1,2,11,7,9,2,9,8,5,6,5
861,1,4,1,1,3,2,1,2,11,7,9,2,6,16,5,0,11
862,1,4,4,4,0,1,3,1,7,1,1,0,14,13,10,4,6
863,1,4,4,4,0,1,3,1,7,1,1,0,14,13,10,4,6
864,1,4,1,1,3,2,1,2,11,7,9,2,9,8,11,6,5
865,1,4,1,4,3,2,1,4,11,7,9,2,9,8,11,6,5
866,1,4,1,4,3,2,1,4,11,7,9,2,9,8,11,6,5
867,1,4,1,4,3,2,1,4,11,7,9,2,9,8,11,6,5
868,1,4,1,4,3,2,1,4,11,7,9,2,9,8,11,6,5
869,1,4,4,4,0,1,4,4,11,7,1,0,9,8,11,6,5
870,1,4,4,4,0,1,3,4,11,7,1,0,9,8,11,6,5
871,1,4,4,4,0,1,4,4,7,1,1,0,14,13,11,4,6
872,1,4,4,4,0,1,4,4,11,7,1,0,9,8,11,6,5
873,1,4,4,4,0,1,3,4,11,7,9,2,9,8,11,6,5
874,1,4,1,1,3,2,1,4,11,7,9,2,9,8,11,6,1
875,1,4,1,4,7,5,4,4,11,7,2,4,1,7,0,8,1
876,0,0,2,2,7,5,7,0,10,5,2,13,1,7,1,8,1
877,0,0,5,5,4,4,6,6,3,9,0,3,15,1,16,12,19
878,1,4,4,4,0,1,4,5,1,12,2,4,1,11,0,0,7
879,1,4,1,4,3,2,1,4,11,7,9,2,9,8,11,6,5
880,1,4,1,1,3,2,1,4,11,7,9,2,9,8,11,6,5
881,1,4,4,4,0,1,3,1,7,1,1,0,14,13,10,4,6
882,1,4,4,4,0,1,3,1,7,1,1,0,14,13,10,4,6
883,1,4,4,4,0,1,3,1,7,1,1,0,14,13,11,4,6
884,1,4,4,4,0,1,3,4,7,1,1,0,14,13,11,4,6
885,1,4,4,4,0,1,3,5,7,1,1,0,14,13,0,4,6
886,0,2,5,5,5,7,0,10,9,8,8,9,6,9,5,5,11
887,0,2,5,5,5,7,0,10,9,8,8,9,10,9,4,5,11
888,3,1,0,0,2,0,1,2,2,4,13,1,3,14,5,11,3
889,0,2,5,5,5,7,0,10,9,8,8,9,10,9,4,5,11
890,0,2,5,5,5,7,0,10,9,8,8,9,10,9,4,5,11
891,0,2,5,5,5,7,0,10,9,8,8,9,6,16,5,5,11
892,1,2,4,4,0,7,0,10,9,8,8,8,6,16,5,0,11
893,1,4,4,4,0,1,3,1,8,10,12,8,6,16,5,0,11
894,1,4,1,4,5,1,3,1,8,10,12,8,6,16,5,0,11
895,1,2,1,1,5,3,2,2,1,12,7,4,6,16,5,0,11
896,0,2,5,5,5,7,0,10,9,8,8,9,10,9,4,5,10
897,2,3,1,1,3,2,1,2,2,4,13,1,3,14,9,11,8
898,2,3,1,1,3,2,1,2,2,4,13,1,3,14,9,11,8
899,2,3,3,3,1,6,5,7,4,11,4,5,11,10,15,18,8
900,1,4,1,4,3,2,4,4,11,7,9,2,1,8,11,6,5
901,1,4,1,1,3,2,1,2,1,12,2,4,1,11,0,11,8
902,1,4,1,4,3,2,4,4,11,7,2,2,1,8,11,6,5
903,1,4,4,4,0,1,4,5,1,12,2,4,1,11,0,0,5
904,1,4,4,4,0,1,4,5,1,12,2,4,1,11,0,0,7
905,1,4,1,1,3,2,1,2,2,4,13,1,3,14,9,11,8
906,1,4,1,1,3,2,1,2,2,4,13,1,3,14,9,11,8
907,1,4,1,1,3,2,1,2,2,4,13,1,3,14,5,11,8
908,1,4,1,1,3,2,1,2,2,4,13,1,3,14,5,11,8
909,3,4,1,1,3,2,1,2,2,4,13,1,3,14,5,11,8
910,3,2,1,1,5,3,2,2,2,4,13,1,3,14,5,11,8
911,1,4,1,1,3,2,1,2,2,4,13,1,3,14,5,11,8
912,1,4,1,1,3,2,1,2,2,4,13,1,3,14,5,11,8
913,1,4,1,1,3,2,1,2,2,4,13,1,3,14,5,11,8
914,1,4,1,1,3,2,1,2,2,4,13,1,3,14,5,11,8
915,1,4,1,4,0,1,4,4,11,7,9,2,9,8,11,6,5
916,1,4,4,4,0,1,4,4,11,7,2,0,1,8,0,6,5
917,1,4,4,4,0,1,4,4,11,7,1,0,1,8,11,4,5
918,1,4,4,4,0,1,3,4,7,1,1,0,14,13,10,4,6
919,1,0,2,2,7,5,7,0,10,5,2,13,1,7,1,8,1
920,1,0,2,2,7,5,4,5,1,12,2,4,1,7,0,8,1
921,1,4,4,4,0,1,4,5,7,1,2,0,14,11,0,4,6
922,1,4,4,4,0,1,4,5,7,1,2,0,14,11,0,4,6
923,1,4,4,4,0,1,4,4,7,1,1,0,14,13,10,4,0
924,1,4,4,4,0,1,3,4,7,1,1,0,14,13,10,4,0
925,1,4,1,1,3,2,1,2,2,4,13,2,3,14,9,11,0
926,2,3,3,1,1,6,1,2,2,4,13,1,3,14,9,11,8
927,2,3,3,3,1,6,5,7,4,11,4,5,11,10,15,18,17
928,2,3,3,3,1,6,5,7,4,11,4,5,11,10,15,18,17
929,1,0,2,2,7,5,7,0,10,5,2,13,1,7,1,8,1
930,1,0,2,2,7,5,4,5,1,5,2,13,1,7,0,8,1
931,1,0,2,4,7,5,4,5,1,12,2,4,1,7,0,8,1
932,1,4,2,4,7,5,4,5,1,12,2,4,1,7,0,8,1
933,1,4,1,4,7,5,4,5,1,12,2,4,1,7,0,8,1
934,0,2,5,5,5,3,2,8,6,6,7,11,12,3,3,10,13
935,0,2,5,5,5,3,2,8,6,6,7,11,12,3,3,10,13
936,0,2,5,5,5,3,2,8,6,6,7,11,12,3,3,10,13
937,1,4,1,1,3,2,1,2,11,7,9,2,6,16,5,0,5
938,1,4,1,4,5,3,2,8,6,6,7,4,6,16,5,0,11
939,1,2,1,1,5,3,2,8,6,6,7,4,12,16,3,0,13
940,0,2,5,5,5,3,2,8,6,6,7,4,12,16,3,10,13
941,0,2,5,5,5,3,2,8,6,6,7,11,12,3,3,10,13
942,0,2,5,5,5,3,2,8,6,6,7,11,12,3,3,10,13
943,0,0,2,2,4,4,6,6,3,9,6,6,8,1,12,17,18
944,1,4,1,1,3,2,1,2,11,7,9,2,9,16,11,6,5
945,1,2,1,1,5,3,2,8,6,6,7,11,12,3,3,10,13
946,1,2,1,1,5,3,2,8,6,6,7,11,12,3,3,10,13
947,3,2,1,1,5,3,2,8,6,6,7,11,12,3,3,10,13
948,1,4,1,1,3,2,1,2,11,7,9,2,9,8,11,6,5
949,3,1,1,1,5,3,2,8,6,6,7,1,12,3,3,10,13
950,0,2,4,4,5,3,4,5,1,12,2,4,6,11,0,0,7
951,1,4,4,4,5,3,4,5,1,12,2,4,6,16,0,0,7
952,0,0,2,2,7,5,7,0,1,5,2,13,1,7,1,8,1
953,1,4,1,4,3,2,1,4,11,7,9,2,9,8,11,6,5
954,0,2,5,5,5,3,4,5,1,12,2,4,1,11,0,0,7
955,0,2,5,5,5,3,4,5,1,12,2,4,15,11,0,0,7
956,0,2,5,5,5,3,4,5,1,12,2,4,15,11,0,0,7
957,0,2,5,5,5,3,4,5,1,12,2,4,15,11,0,0,7
958,0,2,5,5,5,3,4,5,1,12,2,4,15,11,0,0,7
959,1,4,4,4,5,3,2,8,6,6,7,4,12,11,0,0,13
960,1,4,4,4,0,1,3,1,8,10,12,8,13,0,7,14,4
961,0,2,5,5,5,3,2,8,6,6,7,11,12,3,3,10,13
962,0,0,2,2,4,4,6,6,3,9,10,3,15,1,1,3,12
963,0,0,2,2,7,5,7,0,10,5,2,13,1,7,1,8,1
964,0,0,2,2,7,5,7,0,10,5,2,13,15,7,1,8,1
965,0,0,2,2,7,5,4,5,1,12,2,4,1,7,0,8,1
966,1,4,4,4,0,1,4,4,11,7,2,2,1,7,11,6,1
967,3,3,0,0,1,6,2,8,6,6,7,1,12,3,6,15,13
968,1,2,1,4,5,3,2,8,6,6,7,4,6,16,5,0,13
969,0,2,5,5,5,3,2,8,6,6,7,4,12,16,3,0,13
970,0,2,5,5,5,3,2,8,6,6,7,4,12,3,3,10,13
971,0,2,5,5,5,3,2,8,6,6,7,11,12,3,3,10,13
972,0,2,5,5,5,3,2,8,6,6,7,11,12,3,3,10,13
973,0,2,5,5,5,3,2,8,6,6,7,11,12,3,3,10,13
974,0,2,5,5,5,3,2,8,6,6,7,11,12,3,3,10,13
975,0,2,5,5,5,3,2,8,6,6,7,11,12,3,3,10,13
976,1,4,1,1,3,2,1,4,11,7,9,2,9,8,11,6,5
977,1,4,1,1,3,2,1,4,1,12,2,4,9,11,0,0,7
978,1,4,1,4,3,2,4,5,1,12,2,4,1,11,0,0,7
979,1,4,4,4,5,3,4,5,1,12,2,4,1,11,0,0,7
980,1,4,4,4,5,3,4,5,1,12,2,4,1,11,0,0,7
981,1,4,1,4,5,3,4,5,1,12,2,4,1,11,0,0,7
982,1,4,1,1,3,2,4,4,1,12,2,4,1,11,0,0,7
983,1,4,1,4,3,2,4,4,11,7,2,4,1,11,0,0,5
984,1,4,1,4,3,2,4,4,11,7,9,2,9,8,11,6,5
985,3,2,1,1,5,3,4,5,1,12,2,4,1,11,0,0,7
986,1,4,1,1,3,2,1,2,2,4,9,2,9,8,9,6,3
987,0,2,5,5,4,4,6,5,1,12,0,4,15,11,0,12,7
988,1,4,1,1,3,2,1,2,2,4,9,2,9,14,9,11,3
989,1,4,4,4,0,1,3,1,11,7,1,0,14,8,11,4,5
990,1,4,4,4,0,1,3,1,8,10,1,8,14,0,7,4,4
991,1,4,4,4,0,1,3,1,11,7,1,4,6,16,0,0,5
992,1,4,1,4,0,1,3,4,11,7,9,2,9,8,11,6,5
993,1,4,1,1,3,2,1,2,2,4,9,2,9,14,9,6,5
994,1,4,1,1,3,2,1,2,2,4,9,2,9,14,9,6,3
995,1,4,1,1,3,2,1,2,2,4,9,2,9,14,9,6,3
996,1,4,1,1,3,2,1,2,2,4,9,2,9,14,9,6,3
997,2,3,3,1,1,6,1,2,2,4,9,1,0,14,9,18,3
998,1,4,4,4,0,1,3,4,11,7,9,2,9,8,11,6,5
999,1,4,4,4,5,3,4,5,1,12,2,4,1,11,0,0,7
1000,0,2,5,5,4,4,6,6,3,9,6,6,8,1,12,17,18
1001,0,2,5,5,4,4,6,6,3,9,6,6,8,1,12,17,18
1002,0,2,5,5,5,3,4,5,1,12,2,4,15,11,0,12,7
1003,0,2,5,5,4,4,6,6,3,12,0,3,15,4,16,12,19
1004,0,2,5,5,5,3,4,5,1,12,2,4,15,11,0,12,7
1005,1,4,1,1,3,2,1,2,11,7,9,2,9,8,11,6,5
1006,1,4,4,4,0,1,3,4,11,7,9,2,9,8,11,6,5
1007,1,4,4,4,0,1,4,4,7,7,1,0,14,13,11,4,5
1008,1,4,1,4,3,2,3,4,11,7,9,2,9,8,11,6,5
1009,1,4,4,4,3,1,3,4,11,7,9,2,9,8,11,6,5
1010,1,4,4,4,0,1,3,4,11,7,1,2,9,8,11,6,5
1011,1,4,4,4,0,1,3,4,11,7,1,2,9,8,11,6,5
1012,1,4,4,4,0,1,3,4,11,7,1,2,9,8,11,6,5
1013,1,4,4,4,0,1,3,1,8,10,1,8,13,0,7,14,4
1014,1,4,4,4,0,1,3,1,8,10,1,8,13,0,7,14,4
1015,1,4,4,4,0,1,3,1,8,10,1,8,14,0,11,4,5
1016,1,4,4,4,0,1,4,4,11,7,2,4,1,11,0,0,5
1017,1,4,4,4,0,1,4,5,11,7,1,4,6,11,0,0,5
1018,1,4,4,4,0,1,4,4,11,7,2,4,1,11,0,0,5
1019,1,4,4,4,0,1,4,4,11,7,2,4,1,11,11,6,5
1020,1,4,4,4,3,2,4,4,11,7,2,2,1,8,11,6,5
1021,1,4,1,1,3,2,4,4,11,7,9,2,9,8,11,6,5
1022,1,4,1,4,3,2,4,4,11,7,9,2,9,8,11,6,5
1023,1,4,1,1,3,2,1,4,11,7,9,2,9,8,11,6,5
1024,1,4,1,1,3,2,4,4,11,7,2,4,1,8,11,6,5
1025,1,4,4,4,0,1,3,4,11,7,1,2,9,8,11,6,5
1026,1,4,4,4,0,1,3,4,11,7,1,2,9,8,11,6,5
1027,1,4,4,4,0,1,3,4,11,7,1,2,9,8,11,6,5
1028,1,4,4,4,0,1,3,4,11,7,1,0,14,8,11,4,5
1029,1,4,1,1,3,2,1,4,11,7,9,2,9,8,11,6,5
1030,1,4,4,4,0,1,4,4,11,7,1,2,9,8,11,6,5
1031,1,4,1,1,3,2,1,4,11,7,9,2,9,8,11,6,5
1032,1,4,1,4,3,2,1,4,11,7,9,2,9,8,11,6,5
1033,1,4,1,4,3,2,3,4,11,7,9,2,9,8,11,6,5
1034,1,4,4,4,0,1,3,4,11,7,9,2,9,8,11,6,5
1035,1,4,4,4,0,1,3,4,11,7,1,2,9,8,11,6,5
1036,1,4,4,4,0,1,3,4,11,7,1,0,9,8,11,6,5
1037,1,4,1,1,3,2,1,4,11,7,9,2,9,8,9,6,3
1038,1,4,1,1,3,2,1,4,11,7,9,2,9,8,9,6,3
1039,1,4,1,4,3,2,1,4,11,7,9,2,9,8,11,6,5
1040,1,4,1,4,3,2,4,5,1,12,2,4,1,11,0,0,7
1041,1,4,1,4,7,5,4,5,1,12,2,4,1,11,0,0,7
1042,1,4,1,4,7,5,4,5,1,12,2,4,1,11,0,0,7
1043,1,4,1,4,7,5,4,5,1,12,2,4,1,11,0,0,7
1044,1,0,2,2,7,5,4,5,1,12,2,4,1,7,0,8,1
1045,1,4,1,4,7,5,4,5,1,12,2,4,1,7,0,8,1
1046,1,4,1,1,3,2,4,5,1,12,2,4,1,11,0,0,7
1047,1,4,1,1,3,2,1,2,2,4,9,2,9,8,9,6,3
1048,1,4,1,1,3,2,1,2,2,4,9,2,9,14,9,11,3
1049,1,4,1,1,3,2,4,5,1,12,2,4,1,11,0,11,7
1050,1,4,1,1,3,2,1,2,2,4,9,2,9,14,9,11,3
1051,1,4,1,1,3,2,1,2,2,4,9,2,9,14,9,11,3
1052,1,4,1,1,3,2,1,2,2,4,9,2,9,8,9,6,3
1053,1,4,4,4,0,1,3,1,7,1,1,0,14,13,10,4,6
1054,1,4,4,4,0,1,3,1,8,10,1,8,13,0,7,14,4
1055,1,4,4,4,0,1,3,4,11,7,1,2,9,8,11,6,5
1056,1,4,1,1,3,2,1,2,11,7,9,2,9,8,11,6,5
1057,1,4,1,1,3,2,1,2,2,4,9,2,9,8,9,6,5
1058,1,4,1,1,3,2,1,2,2,4,9,2,9,14,9,6,3
1059,1,4,1,1,3,2,1,2,2,4,9,2,9,14,9,6,3
1060,1,4,1,1,3,2,1,2,2,4,9,2,9,14,9,6,3
1061,2,3,3,1,1,6,1,2,2,4,9,1,0,14,9,18,3
1062,1,4,4,4,0,1,4,4,7,1,1,0,14,13,10,4,6
1063,1,4,4,4,0,1,4,4,7,1,1,0,14,13,10,4,6
1064,1,4,4,4,0,1,4,4,7,1,1,0,14,13,10,4,6
1065,1,4,4,4,0,1,4,5,7,1,1,0,14,13,10,4,6
1066,1,4,1,4,3,2,4,5,1,12,2,4,1,11,0,0,7
1067,1,4,1,1,3,2,1,2,11,7,9,2,9,8,9,6,5
1068,1,4,4,4,0,1,4,5,1,12,2,4,1,11,0,0,7
1069,1,4,1,4,3,2,4,4,11,7,9,2,9,8,11,6,5
1070,1,4,1,4,3,2,1,4,11,7,9,2,9,8,11,6,5
1071,1,4,1,4,3,2,1,4,11,7,9,2,9,8,11,6,5
1072,1,4,4,4,0,1,3,4,11,7,9,2,9,8,11,6,5
1073,1,4,4,4,0,1,3,4,11,7,9,2,9,8,11,6,5
1074,1,4,4,4,0,1,3,4,11,7,9,2,9,8,11,6,5
1075,1,4,4,4,0,1,3,1,11,7,1,8,9,8,11,6,5
1076,1,4,1,1,3,2,1,2,11,7,9,2,9,8,11,6,5
1077,2,3,1,1,3,2,1,2,2,4,9,1,0,14,9,6,3
1078,1,4,1,1,3,2,1,2,11,7,9,2,9,8,11,6,5
1079,1,4,1,4,3,2,3,4,11,7,9,2,9,8,11,6,5
1080,1,4,1,1,3,2,1,4,11,7,9,2,9,8,11,6,5
1081,1,4,1,1,3,2,1,4,11,7,9,2,9,8,11,6,5
1082,1,4,1,1,3,2,1,4,11,7,9,2,9,8,11,6,5
1083,1,4,4,4,0,1,3,4,11,7,1,0,14,8,11,4,5
1084,1,4,1,1,3,2,1,2,11,7,9,2,9,8,11,6,5
1085,1,4,4,4,0,1,3,4,11,7,1,2,9,8,11,6,5
1086,1,4,4,4,0,1,3,4,11,7,1,0,9,8,11,4,5
1087,1,4,4,4,0,1,3,4,11,7,9,2,9,8,11,6,5
1088,1,4,4,4,0,1,3,4,11,7,1,2,9,8,11,6,5
1089,1,4,4,4,0,1,3,4,11,7,1,0,14,8,11,4,5
1090,1,4,4,4,0,1,4,4,11,7,1,2,9,8,11,6,5
1091,1,4,1,4,3,2,3,4,11,7,9,2,9,8,11,6,5
1092,1,4,1,1,3,2,1,4,11,7,9,2,9,8,11,6,5
1093,1,4,4,4,0,1,4,4,11,7,1,0,9,8,11,6,5
1094,1,4,4,4,0,1,4,4,7,1,1,0,14,13,10,4,6
1095,1,4,4,4,0,1,4,4,7,1,1,0,14,13,10,4,6
1096,1,4,4,4,0,1,4,4,11,7,1,0,9,8,11,6,5
1097,1,4,4,4,0,1,3,4,11,7,9,2,9,8,11,6,5
1098,1,4,4,4,0,1,4,5,7,1,1,0,14,13,10,4,6
1099,1,4,4,4,0,1,3,5,7,1,1,0,14,13,10,4,6
1100,0,4,4,4,0,1,4,5,7,1,1,0,14,13,10,4,6
1101,1,4,4,4,0,1,4,5,7,1,1,0,14,13,10,4,6
1102,1,4,1,1,3,2,4,5,1,12,2,4,6,11,0,0,7
1103,1,4,1,4,3,2,1,4,11,7,9,2,9,8,11,6,5
1104,1,4,4,4,0,1,4,4,11,7,1,2,9,8,11,6,5
1105,1,4,4,4,0,1,4,4,7,1,1,0,14,13,11,4,6
1106,1,4,1,4,0,1,3,4,11,7,9,2,9,8,11,6,5
1107,1,4,1,4,3,2,4,4,11,7,9,2,9,8,11,6,5
1108,1,4,1,1,3,2,1,2,11,7,9,2,9,8,11,6,5
1109,1,4,1,1,3,2,4,4,1,12,2,4,1,11,0,0,7
1110,1,4,4,4,0,1,3,4,11,7,1,2,9,8,11,6,5
1111,1,4,4,4,0,1,3,4,11,7,1,0,9,8,11,6,5
1112,1,4,4,4,0,1,3,4,11,7,1,0,9,8,11,4,5
1113,1,4,4,4,0,1,3,4,11,7,1,0,9,8,11,6,5
1114,1,4,4,4,0,1,3,4,11,7,1,0,9,8,11,6,5
1115,1,4,4,4,0,1,3,4,11,7,9,2,9,8,11,6,5
1116,1,4,4,4,3,2,3,4,11,7,9,2,9,8,11,6,5
1117,1,4,1,1,3,2,1,2,11,7,9,2,9,8,11,6,3
1118,0,2,5,5,5,3,4,5,1,12,2,4,15,11,0,0,7
1119,0,2,5,5,4,3,4,5,1,12,0,4,15,11,0,12,7
1120,0,2,5,5,4,4,6,5,1,12,0,3,15,11,0,12,7
1121,0,2,5,5,4,4,4,5,1,12,0,4,15,11,0,12,7
1122,0,2,5,5,5,3,4,5,1,12,2,4,15,11,0,0,7
1123,1,4,4,4,0,1,4,4,11,7,2,0,1,8,11,6,5
1124,1,4,4,4,0,1,4,5,1,12,2,4,1,11,0,0,7
1125,1,4,4,4,0,1,4,4,11,7,2,0,1,11,0,6,5
1126,1,4,4,4,0,1,3,1,8,10,12,8,13,0,7,14,4
1127,1,4,1,4,3,2,4,4,11,7,9,2,9,8,11,6,5
1128,1,4,1,1,3,2,1,4,11,7,9,2,9,8,11,6,5
1129,1,4,1,1,3,2,1,4,11,7,9,2,9,8,11,6,1
1130,1,4,4,4,0,1,3,1,8,10,12,8,13,0,7,14,4
1131,1,4,4,4,0,1,3,4,11,7,1,2,9,8,11,6,5
1132,1,4,4,4,0,1,3,4,11,7,9,2,9,8,11,6,5
1133,1,4,4,4,0,1,3,4,11,7,1,2,6,16,11,0,5
1134,1,4,1,4,3,2,1,4,11,7,9,2,9,8,11,6,5
1135,1,4,1,1,3,2,1,4,11,7,9,2,9,8,11,6,5
1136,1,4,1,1,3,2,1,4,11,7,9,2,9,8,11,6,5
1137,1,4,1,1,3,2,1,4,11,7,9,2,9,8,11,6,5
1138,1,4,4,4,0,1,4,5,7,1,1,0,14,11,0,4,6
1139,1,4,4,4,0,1,4,5,11,7,1,4,6,11,0,0,5
1140,1,4,1,1,3,2,1,4,11,7,9,2,9,8,11,6,5
1141,1,4,1,1,3,2,3,4,11,7,9,2,9,8,11,6,5
1142,1,4,1,1,3,2,1,2,2,4,9,2,9,14,9,11,3
1143,1,4,1,1,3,2,1,2,2,4,9,1,3,14,9,11,3
1144,2,4,1,1,3,2,1,2,2,4,13,1,3,14,9,11,3
1145,2,3,1,1,3,2,1,2,2,4,9,1,0,14,9,11,3
1146,1,4,1,1,7,5,1,4,11,7,2,2,1,7,11,8,1
1147,1,4,1,4,7,5,4,4,11,7,2,2,1,7,11,8,1
1148,1,4,1,1,7,5,1,4,11,7,2,2,1,7,11,8,1
1149,1,4,1,1,7,5,1,4,11,7,9,2,1,7,11,8,1
1150,1,4,1,1,3,2,1,4,11,7,9,2,9,7,11,6,1
1151,1,4,4,4,0,1,3,4,11,7,9,2,9,8,11,6,5
1152,1,4,1,1,3,2,1,4,11,7,9,2,9,8,11,6,5
1153,1,4,1,4,3,2,1,4,11,7,9,2,9,8,11,6,5
1154,1,4,1,1,3,2,1,4,11,7,9,2,9,8,11,6,5
1155,1,4,1,4,3,2,1,4,11,7,9,2,9,8,11,6,5
1156,1,4,1,1,3,2,1,4,11,7,9,2,9,8,11,6,5
1157,1,4,1,1,3,2,1,2,11,4,9,2,9,8,9,6,5
1158,1,4,1,1,3,2,1,4,11,7,9,2,9,8,11,6,5
1159,1,4,1,1,3,2,1,4,11,7,9,2,9,8,11,6,5
1160,1,4,1,1,3,2,1,4,11,7,9,2,9,8,11,6,5
1161,1,4,1,4,3,2,1,4,11,7,9,2,9,8,11,6,5
1162,1,4,1,1,3,2,1,4,11,7,9,2,9,8,11,6,5
