sample_idx,k_5,k_6,k_7,k_8,k_9,k_10,k_11,k_12,k_13,k_14,k_15,k_16,k_17,k_18,k_19,k_20
0,4,4,3,6,7,6,2,7,11,12,13,13,9,9,16,4
1,4,2,4,7,7,5,4,7,1,12,7,12,3,15,2,18
2,4,4,5,6,2,6,2,6,2,8,2,2,6,9,14,1
3,0,5,2,2,6,3,1,9,9,3,3,1,16,12,13,13
4,0,4,5,6,2,6,1,6,9,6,3,2,11,9,6,2
5,1,4,5,4,0,2,10,9,12,6,11,1,4,5,3,11
6,0,5,2,3,6,7,9,10,0,7,14,6,13,13,17,10
7,3,2,4,7,7,5,4,10,1,12,8,13,3,2,0,12
8,1,1,6,4,3,2,6,3,8,1,5,8,1,1,18,5
9,4,4,5,6,0,4,10,3,12,6,11,13,4,1,16,4
10,2,2,4,7,7,5,4,7,1,12,7,12,3,15,2,18
11,4,4,3,6,7,6,2,7,1,12,13,13,3,9,16,4
12,4,4,5,6,0,4,10,3,12,6,11,13,4,9,3,4
13,2,2,4,7,7,5,4,7,1,12,7,12,7,15,2,18
14,4,4,5,6,2,6,2,6,2,8,2,13,6,9,16,1
15,2,2,4,1,7,5,4,5,1,12,6,12,3,11,5,6
16,3,2,4,1,1,0,3,4,6,0,8,7,14,4,12,0
17,1,1,3,1,1,4,3,5,8,4,6,11,12,4,5,0
18,0,5,2,3,6,7,9,11,9,9,3,15,11,8,6,2
19,2,4,5,5,0,4,10,3,12,6,11,13,4,5,3,11
20,2,4,5,5,0,4,10,3,12,6,11,13,4,5,3,11
21,1,0,1,2,5,2,7,1,7,11,5,8,8,6,10,16
22,4,4,5,6,2,6,2,6,9,9,3,2,11,8,6,2
23,2,2,4,7,7,5,4,7,1,12,7,4,7,15,2,18
24,2,2,4,7,7,5,4,7,1,0,0,4,3,11,15,14
25,1,1,5,4,2,8,5,1,8,1,6,5,6,3,18,12
26,4,4,5,6,2,6,2,6,11,9,13,2,11,9,16,4
27,1,4,5,5,0,2,10,9,12,6,11,11,4,5,3,11
28,2,2,4,7,7,5,4,7,1,12,0,12,3,11,15,14
29,3,0,1,0,5,3,7,8,7,2,12,14,8,16,8,3
30,2,2,4,7,7,5,4,7,1,12,7,4,3,15,2,18
31,1,1,6,0,3,0,3,1,6,13,5,7,14,4,12,0
32,4,4,5,6,2,6,2,6,2,8,2,2,11,9,14,2
33,0,3,2,5,0,4,10,3,12,6,11,2,4,5,3,11
34,0,3,0,7,4,3,8,2,4,2,4,14,10,0,7,19
35,0,5,2,3,6,9,1,9,10,3,10,1,16,12,13,10
36,2,3,0,5,7,1,0,0,3,10,7,3,7,7,2,18
37,2,2,4,7,7,5,4,7,1,12,7,12,7,15,2,18
38,0,5,2,3,6,9,1,11,9,9,3,15,13,8,6,10
39,0,5,2,3,6,3,1,11,9,9,3,15,10,8,6,19
40,2,3,0,5,8,1,0,0,3,10,9,3,15,7,4,15
41,0,3,2,3,4,9,8,2,4,5,4,9,2,0,7,7
42,1,1,3,1,1,8,5,5,8,4,1,11,12,3,18,9
43,0,5,2,3,6,9,1,3,0,7,14,6,13,13,17,10
44,0,3,0,5,4,9,8,2,4,5,4,9,2,0,7,7
45,2,3,0,5,0,1,0,0,3,5,0,3,15,7,4,15
46,2,3,0,5,0,1,0,0,3,5,0,3,15,7,15,14
47,2,3,0,5,0,1,0,0,3,10,0,3,15,7,4,15
48,0,5,2,3,6,9,1,9,9,3,10,1,16,12,13,10
49,1,4,5,6,2,2,6,9,12,6,11,1,4,12,3,1
50,3,0,1,7,5,3,7,8,7,2,12,14,10,14,9,19
51,1,0,6,2,3,2,6,9,10,3,10,1,16,12,13,13
52,0,3,0,0,8,9,8,9,10,13,9,9,5,12,13,3
53,0,5,2,3,6,9,10,3,12,7,14,6,13,13,17,10
54,3,0,1,2,5,3,7,8,7,2,12,14,5,14,9,8
55,2,3,0,5,0,1,0,0,3,10,9,3,15,7,4,15
56,1,1,6,2,3,2,6,9,10,3,10,11,16,12,13,13
57,2,3,5,5,0,4,10,3,12,6,11,3,4,5,3,11
58,3,1,6,0,8,0,3,4,6,13,6,7,14,4,12,0
59,3,0,1,0,5,3,7,8,7,2,12,14,5,14,9,8
60,4,5,3,1,1,7,9,5,5,11,1,10,0,6,1,17
61,1,0,1,2,3,2,6,9,10,3,10,1,16,12,13,13
62,2,3,0,5,8,1,0,0,3,10,9,3,15,7,4,15
63,0,5,2,3,3,9,9,3,0,7,14,6,13,13,17,10
64,4,0,1,2,5,8,5,11,5,11,2,10,0,6,1,16
65,4,4,3,1,0,4,10,3,12,6,11,11,4,5,3,11
66,4,4,3,1,1,8,5,5,5,11,1,10,0,3,1,9
67,3,0,1,0,5,0,7,8,6,11,12,7,14,14,12,0
68,4,4,3,1,1,8,5,5,5,11,1,10,0,3,1,9
69,4,5,3,1,6,7,9,11,5,4,1,0,0,10,1,17
70,2,2,4,7,7,5,4,7,1,12,7,12,7,15,2,18
71,0,3,2,3,4,9,8,2,4,5,4,9,2,0,7,7
72,4,4,3,1,1,4,10,5,8,4,11,11,12,5,18,9
73,4,4,5,6,2,8,5,6,2,8,2,5,6,17,14,9
74,2,3,0,5,8,1,3,4,3,10,0,9,14,4,12,0
75,4,5,3,1,1,7,9,5,11,4,1,0,9,10,1,17
76,1,1,6,2,3,2,6,9,10,3,10,1,16,12,13,13
77,1,1,6,4,1,8,5,1,8,1,6,11,12,1,18,9
78,3,0,1,2,5,7,9,11,5,11,1,10,0,6,1,16
79,4,4,5,6,2,8,5,6,2,8,2,5,6,17,14,9
80,1,4,5,4,2,8,5,6,8,1,2,5,6,1,18,1
81,0,5,2,3,4,9,8,3,0,7,14,6,13,13,17,10
82,4,4,3,1,1,4,10,5,11,4,13,13,9,10,16,4
83,1,1,6,4,3,2,6,9,10,3,10,1,16,12,13,13
84,0,5,2,3,6,9,1,3,0,7,14,6,13,13,17,10
85,0,5,2,3,6,7,1,11,9,9,3,15,11,8,6,2
86,4,4,5,1,2,8,5,6,2,8,2,5,6,17,14,9
87,1,4,5,5,2,8,5,0,12,6,11,11,12,5,3,11
88,1,1,6,2,3,2,6,9,10,3,10,1,16,12,13,13
89,3,3,0,0,8,1,0,8,3,13,9,9,5,14,9,15
90,4,5,2,2,6,7,1,11,9,9,3,15,11,8,6,2
91,0,5,2,6,6,6,1,11,9,9,3,15,11,8,6,2
92,0,0,1,7,6,3,7,8,7,2,12,14,10,2,9,19
93,2,3,4,7,7,3,0,7,4,2,7,12,7,15,2,18
94,2,2,4,7,7,5,4,7,1,12,7,12,7,15,2,18
95,2,3,2,5,0,9,8,2,12,6,11,2,4,0,3,18
96,4,4,5,6,2,6,2,6,2,9,3,2,11,9,6,2
97,0,3,2,3,4,9,8,2,4,5,4,9,2,0,7,7
98,2,2,4,7,7,5,4,7,1,12,0,4,3,11,15,14
99,1,0,5,2,2,3,0,8,7,8,2,14,6,17,14,1
100,4,4,5,6,2,6,1,6,9,9,3,15,11,8,6,2
101,2,3,0,5,7,1,0,0,3,2,7,3,7,15,2,18
102,0,5,2,3,6,9,1,11,9,9,3,15,11,8,6,2
103,2,3,0,5,4,1,8,2,4,5,4,9,2,0,7,7
104,2,2,4,7,7,5,4,7,1,12,7,12,3,11,0,12
105,0,5,2,3,6,2,1,11,9,9,3,15,11,8,6,2
106,2,2,5,5,7,1,0,7,1,12,7,3,7,15,2,18
107,4,4,5,6,2,6,2,6,2,8,2,2,6,9,14,1
108,4,4,5,6,2,6,2,6,2,8,2,5,6,9,14,1
109,4,4,5,6,2,6,2,6,2,8,2,5,6,9,14,1
110,0,5,2,3,4,9,8,3,0,7,14,6,2,13,17,10
111,2,3,0,5,8,1,0,0,3,10,9,3,15,7,4,15
112,1,4,5,2,2,2,6,9,10,3,2,1,16,17,13,1
113,0,5,2,6,6,7,1,11,9,9,3,15,11,8,6,2
114,1,4,5,4,0,4,10,6,12,6,11,11,4,1,3,11
115,1,0,0,2,8,1,0,8,3,10,9,14,5,17,4,15
116,4,4,5,6,2,8,5,6,5,8,2,5,6,17,14,1
117,3,2,4,7,7,3,7,8,7,2,7,14,8,15,0,12
118,0,3,2,3,4,9,8,2,0,5,4,6,2,0,7,7
119,4,4,5,6,2,6,2,6,9,9,3,2,11,9,6,2
120,0,5,2,3,6,9,1,3,0,7,14,6,13,13,17,10
121,1,0,1,2,3,2,6,9,10,3,10,1,16,12,13,13
122,2,2,4,7,7,5,4,7,1,12,7,4,7,15,2,18
123,2,3,0,5,8,1,0,0,3,10,9,3,15,7,4,15
124,0,5,2,3,4,9,8,2,4,5,4,9,2,0,7,7
125,1,1,6,4,8,0,3,4,8,1,6,8,12,4,18,5
126,3,0,1,0,5,3,7,8,7,2,12,14,5,14,9,8
127,0,5,2,3,6,7,9,11,5,9,3,15,13,8,1,17
128,0,5,2,3,0,9,10,3,0,7,14,6,13,13,17,10
129,2,2,4,7,7,5,0,7,1,12,7,12,7,15,2,18
130,1,1,3,1,1,4,5,5,8,1,1,11,12,3,18,9
131,1,1,6,2,3,2,6,9,10,3,10,1,16,12,13,13
132,4,2,3,1,1,5,4,5,11,4,13,0,3,11,5,6
133,3,0,1,2,5,7,9,11,5,11,1,10,0,6,1,16
134,2,4,5,5,0,4,10,3,12,6,11,3,4,5,3,11
135,2,3,4,7,4,9,8,2,4,5,4,4,2,0,7,7
136,0,5,1,2,6,7,1,11,9,9,3,15,11,8,6,16
137,3,0,1,2,5,3,7,8,7,2,12,14,10,14,9,8
138,4,5,5,6,6,6,1,11,9,9,3,2,11,8,6,2
139,3,0,1,2,5,3,7,8,7,2,12,14,5,14,9,8
140,2,3,0,5,8,1,0,0,3,10,9,3,15,7,4,15
141,2,3,0,5,0,1,0,0,12,6,0,3,15,7,15,14
142,3,0,1,2,5,3,7,8,7,2,12,14,5,14,9,8
143,2,2,4,7,7,5,0,7,1,12,7,12,7,15,0,12
144,0,3,2,3,4,9,8,2,0,5,4,6,2,0,7,10
145,0,2,4,7,4,3,8,2,4,0,8,4,10,2,11,19
146,3,2,4,0,8,0,3,4,6,13,8,7,14,4,12,0
147,2,3,0,5,8,1,3,4,3,10,9,3,12,4,4,15
148,3,3,0,0,8,0,3,4,6,13,9,7,8,16,8,3
149,3,0,1,2,5,8,7,8,7,11,12,14,8,17,0,12
150,4,4,5,6,2,6,2,6,2,4,13,2,9,9,16,4
151,2,3,0,0,8,1,0,4,3,10,9,3,15,16,4,12
152,3,3,0,0,8,3,7,8,7,2,9,14,5,14,9,3
153,1,0,1,2,3,2,6,9,10,3,10,1,16,12,13,13
154,2,3,0,5,0,1,8,0,3,5,0,9,15,7,15,7
155,4,4,3,1,1,8,5,5,11,4,13,0,9,3,5,4
156,2,2,0,0,8,0,3,4,3,10,6,7,12,16,0,12
157,3,2,4,0,7,0,3,10,6,0,8,7,14,4,12,0
158,4,2,3,1,1,5,4,5,11,4,6,0,12,3,5,6
159,3,2,4,7,7,5,4,10,4,0,8,4,10,2,11,6
160,2,2,4,7,7,5,4,7,1,12,0,12,3,11,15,6
161,4,4,3,1,1,4,10,5,11,4,13,0,9,10,5,6
162,4,4,3,1,1,5,4,5,11,4,13,0,9,10,5,6
163,2,2,4,1,7,5,4,7,1,12,7,12,3,11,5,6
164,3,2,4,7,7,5,4,10,4,0,8,4,10,2,11,6
165,1,1,6,1,1,4,10,3,0,7,14,11,13,13,17,17
166,1,4,5,2,2,2,5,9,10,3,10,11,16,17,13,13
167,4,4,5,6,2,8,5,6,2,8,2,5,6,17,14,9
168,4,4,3,1,1,8,5,5,11,4,13,0,9,10,5,9
169,1,4,5,2,2,8,5,9,2,8,2,5,6,17,14,1
170,4,4,3,1,1,8,5,5,2,8,1,5,6,3,14,9
171,4,4,5,6,2,6,2,6,2,9,13,2,11,9,14,2
172,4,5,2,2,6,7,1,11,9,9,3,15,11,8,6,2
173,4,4,3,1,1,6,2,5,11,4,13,0,9,10,5,4
174,4,4,5,2,2,8,5,6,2,8,2,5,6,17,14,1
175,4,4,3,1,1,8,5,5,8,8,1,5,12,3,18,9
176,4,4,3,1,1,8,5,5,2,8,1,5,6,3,14,9
177,4,4,3,1,1,8,5,5,11,4,1,5,9,3,5,9
178,1,1,3,1,1,8,5,5,8,4,1,11,12,3,18,9
179,4,0,1,2,5,8,5,11,5,11,1,10,0,6,1,9
180,1,1,6,2,3,2,6,9,10,3,10,1,16,12,13,13
181,4,5,3,1,1,7,9,5,11,4,1,0,9,10,1,17
182,4,4,3,1,1,7,9,5,11,4,13,0,9,10,5,17
183,3,0,1,2,5,0,9,1,5,11,1,10,0,6,1,16
184,4,4,5,6,2,6,2,6,11,4,13,2,9,9,16,2
185,4,4,3,1,1,8,5,5,11,4,1,0,9,3,5,9
186,4,4,3,1,1,8,5,5,11,4,1,0,9,3,5,9
187,4,4,3,1,1,7,9,5,11,4,13,0,9,10,5,17
188,4,4,5,1,2,8,5,6,2,8,2,5,6,3,14,9
189,1,1,6,4,3,2,6,9,10,3,10,11,16,12,13,13
190,0,0,2,2,6,3,1,8,7,2,3,15,5,8,9,8
191,3,0,1,0,5,0,7,8,6,13,12,7,5,14,9,8
192,1,1,6,4,3,2,6,9,10,3,10,1,16,12,13,13
193,3,2,1,1,5,8,5,1,8,11,6,5,8,3,0,12
194,1,1,6,4,3,2,6,1,0,1,5,8,1,1,10,5
195,3,0,1,7,5,7,9,10,5,11,8,10,8,2,11,16
196,4,4,5,2,2,8,5,6,2,8,2,5,6,17,14,1
197,1,1,6,1,5,0,3,1,8,11,1,10,12,6,12,0
198,0,5,2,3,3,9,10,3,0,7,14,6,13,13,17,10
199,3,0,1,1,5,8,5,1,5,11,1,10,0,6,10,16
200,1,1,5,4,3,2,6,9,10,1,11,1,16,1,13,1
201,0,5,2,3,6,9,1,2,4,0,8,4,10,2,11,19
202,1,1,6,1,3,4,10,9,10,3,10,11,12,4,12,0
203,3,0,1,2,2,3,7,8,7,2,12,14,7,15,9,8
204,4,2,4,7,7,5,4,5,11,4,8,0,3,10,5,6
205,0,5,2,3,4,9,10,3,0,7,14,6,13,13,17,10
206,3,1,6,0,4,0,3,4,6,0,8,7,14,4,12,0
207,2,2,4,5,7,5,4,7,1,10,0,12,3,11,15,6
208,2,3,0,5,0,1,10,0,12,6,0,3,7,5,15,6
209,2,3,0,5,0,1,0,0,3,10,0,3,15,7,4,15
210,3,2,4,0,8,0,3,4,6,13,6,7,14,4,12,0
211,4,4,3,1,1,8,5,5,8,4,1,11,12,3,18,9
212,4,4,5,6,2,6,2,6,2,8,2,2,11,17,14,2
213,0,5,2,3,6,7,1,11,4,0,3,15,10,8,11,19
214,4,5,3,1,1,4,10,3,11,4,14,0,9,10,5,17
215,3,0,1,2,5,3,7,8,7,11,12,10,0,14,9,8
216,0,5,2,3,6,9,10,3,0,7,14,6,13,13,17,10
217,3,0,1,2,5,8,5,8,7,8,12,5,5,17,9,8
218,1,0,5,2,2,8,5,9,2,8,10,5,16,17,14,13
219,1,1,6,4,3,0,6,1,8,1,5,8,1,6,10,5
220,4,2,3,7,1,5,4,5,11,4,13,13,9,10,16,4
221,2,2,4,7,7,5,4,7,1,12,13,12,3,11,15,6
222,3,0,1,0,5,0,3,4,6,13,12,7,8,16,8,3
223,0,1,6,3,3,2,6,9,10,3,10,1,16,12,13,13
224,3,1,6,4,3,0,3,1,6,0,5,8,8,16,10,5
225,2,2,4,7,7,5,4,7,1,12,7,12,7,15,2,18
226,0,5,2,3,6,7,9,10,5,0,8,4,13,2,11,19
227,1,1,6,4,3,0,3,1,0,1,5,8,1,16,8,5
228,2,4,5,5,0,4,0,7,1,12,0,3,3,11,18,14
229,0,3,2,3,4,9,8,2,4,5,4,9,2,0,7,7
230,1,1,6,4,3,2,6,9,10,3,10,1,16,12,13,13
231,2,3,0,5,0,1,0,0,3,10,0,3,15,7,4,15
232,1,1,6,4,3,2,9,1,5,1,5,8,1,6,10,5
233,2,2,4,7,7,5,4,7,1,12,13,13,3,11,16,4
234,3,0,1,2,5,2,7,1,5,11,12,10,0,6,10,16
235,3,1,6,0,8,0,3,4,6,13,5,7,8,16,8,0
236,1,0,1,4,8,2,7,1,7,1,5,8,8,16,8,3
237,3,0,1,0,5,3,7,8,7,2,12,14,5,14,9,3
238,4,0,1,2,6,7,9,11,5,9,3,10,0,8,1,16
239,0,3,2,3,0,9,10,3,0,5,14,6,2,13,17,7
240,2,2,4,7,7,5,4,7,1,12,7,12,3,11,15,14
241,3,2,4,0,8,0,3,10,6,0,8,7,8,16,8,0
242,4,4,5,1,2,8,5,7,1,12,2,5,6,3,0,12
243,4,4,3,1,1,4,5,5,8,4,13,13,12,3,18,4
244,0,5,1,2,6,7,9,11,5,11,3,10,0,6,1,16
245,3,0,1,0,5,3,7,8,7,2,12,14,5,14,9,8
246,2,3,0,0,8,1,3,4,3,13,9,3,15,16,8,3
247,3,3,0,0,8,0,3,4,6,13,9,7,8,16,8,3
248,1,1,6,0,8,0,3,4,10,13,9,8,8,16,8,3
249,0,3,6,3,4,9,8,2,0,13,4,6,2,0,8,3
250,3,0,1,0,8,0,7,4,6,13,12,14,8,16,8,3
251,3,2,4,0,8,0,3,4,6,0,6,7,14,4,12,0
252,3,0,1,0,5,0,7,8,6,13,12,14,8,16,8,3
253,0,2,4,7,4,9,8,2,4,0,8,4,10,2,11,19
254,2,2,4,7,8,0,3,4,6,12,6,8,8,16,8,14
255,1,1,6,4,3,2,6,1,10,3,5,8,1,12,10,3
256,3,0,1,2,5,7,9,11,5,11,1,10,0,6,1,16
257,1,1,5,4,3,2,6,1,8,1,11,8,1,1,18,5
258,1,1,6,4,3,0,3,1,6,1,5,8,8,16,10,5
259,3,2,1,0,8,0,3,4,6,13,6,7,8,16,8,12
260,1,5,6,2,3,2,6,9,10,3,10,1,16,12,13,13
261,3,0,1,0,8,0,7,4,6,13,9,7,8,16,8,3
262,3,0,1,0,8,0,3,4,6,13,9,7,8,16,12,0
263,1,1,6,4,3,2,6,1,10,3,5,8,1,6,10,5
264,3,2,4,7,4,0,3,10,6,0,8,4,14,2,11,0
265,3,3,0,0,8,0,3,4,6,13,9,7,14,4,12,0
266,3,3,0,0,8,1,0,8,7,13,9,14,5,14,9,3
267,0,3,0,3,4,3,8,2,4,5,4,9,2,0,7,7
268,4,4,3,6,1,6,2,5,11,4,13,13,9,10,16,4
269,4,4,3,1,2,8,5,5,2,8,2,5,6,3,14,9
270,4,4,4,6,7,5,4,7,1,12,7,0,7,15,2,6
271,0,5,2,3,3,2,6,9,10,3,10,1,16,12,13,13
272,3,2,1,1,5,8,5,5,8,11,6,12,8,3,0,12
273,4,4,3,1,1,8,5,5,8,4,1,5,6,3,18,9
274,4,5,3,6,6,7,9,11,9,9,3,15,11,8,16,2
275,3,2,4,7,7,5,4,7,1,12,6,12,3,11,0,12
276,2,3,0,5,8,1,0,0,3,10,9,3,15,7,4,15
277,3,0,1,2,5,3,7,8,7,2,12,14,5,14,9,8
278,4,4,3,1,1,8,5,5,11,4,1,0,9,10,5,9
279,0,5,2,3,6,7,1,11,9,9,3,15,10,8,6,19
280,0,3,2,3,4,9,8,2,4,5,4,9,2,0,7,7
281,4,4,3,1,1,6,5,5,11,4,13,0,9,10,5,9
282,0,5,2,2,6,7,1,11,9,9,3,15,11,8,6,2
283,0,5,2,6,6,6,1,11,9,9,3,15,11,8,6,2
284,3,2,4,0,8,0,3,4,6,13,9,7,8,16,8,3
285,0,5,2,3,6,7,9,11,0,7,14,6,13,13,17,17
286,2,3,0,5,0,1,0,0,3,10,0,3,15,7,4,15
287,4,5,2,6,6,6,1,11,9,9,3,15,11,8,6,2
288,4,4,5,6,2,6,2,6,2,4,13,13,9,9,16,4
289,1,1,6,4,3,2,6,1,10,3,5,8,16,12,10,3
290,4,4,5,6,2,6,2,6,2,9,13,2,11,9,16,2
291,1,0,1,2,6,2,1,11,9,3,3,15,11,17,6,1
292,2,3,0,0,8,0,3,4,6,13,9,8,15,16,8,14
293,1,1,6,4,3,2,3,1,0,7,5,8,1,13,10,5
294,0,5,2,3,3,9,6,9,0,7,14,6,13,13,17,10
295,1,1,6,4,3,0,6,1,10,1,5,8,1,6,10,5
296,4,4,5,6,2,8,5,6,2,8,2,5,6,17,14,1
297,4,5,2,6,6,7,9,3,9,9,3,13,13,9,16,4
298,0,5,2,2,6,7,1,11,9,9,3,15,11,8,6,2
299,3,2,1,7,5,7,9,10,5,11,8,10,8,2,11,16
300,1,1,6,4,8,0,3,1,8,1,5,8,1,16,18,5
301,1,1,6,4,3,0,3,1,0,1,5,8,1,16,10,5
302,3,2,4,7,7,5,4,10,1,0,8,4,10,2,11,19
303,0,5,6,4,3,7,9,1,5,7,5,10,13,6,10,16
304,1,1,6,4,3,2,6,1,0,1,5,8,1,1,10,5
305,3,2,4,7,7,5,4,10,4,0,8,4,10,2,11,19
306,4,4,3,1,1,4,10,3,11,4,13,13,9,11,16,4
307,1,4,3,1,1,4,10,5,8,6,11,11,12,5,18,9
308,3,0,1,1,5,8,5,5,5,11,1,0,0,3,5,6
309,3,3,0,0,8,0,3,4,6,13,9,7,14,4,12,0
310,2,4,3,1,1,8,5,5,8,4,6,11,12,3,5,9
311,4,4,5,6,2,6,1,6,9,9,3,2,11,9,6,2
312,1,1,6,4,3,2,6,9,8,1,11,11,1,1,18,5
313,0,5,4,7,4,7,9,10,4,0,8,4,10,2,11,19
314,2,3,0,0,8,1,0,4,3,10,9,3,15,7,4,15
315,4,4,5,6,2,8,5,6,2,8,2,5,6,17,14,1
316,0,5,2,3,3,9,6,3,0,7,14,6,13,13,17,10
317,2,2,4,7,7,5,4,7,1,12,6,12,3,11,0,12
318,0,5,2,3,4,9,8,2,4,0,8,4,10,2,11,19
319,4,4,3,1,1,8,5,5,11,4,1,0,9,3,5,9
320,1,1,6,0,8,0,3,4,6,13,9,7,14,4,12,0
321,0,3,0,3,4,9,8,2,4,5,4,9,2,0,7,7
322,2,3,0,5,8,1,0,8,3,10,9,14,7,15,4,15
323,3,1,6,0,8,0,3,4,6,13,9,7,8,16,8,3
324,3,2,1,7,5,0,7,10,6,0,8,4,8,2,11,19
325,4,4,3,6,1,6,2,5,11,4,13,13,9,10,16,4
326,1,1,6,0,8,0,3,4,6,13,9,8,8,16,8,3
327,4,4,5,6,2,6,2,6,2,8,2,2,6,9,14,1
328,0,3,2,3,4,9,8,2,4,5,4,4,2,0,7,7
329,0,4,5,6,0,4,10,3,12,6,11,2,4,5,3,11
330,1,1,6,4,3,2,6,9,10,3,10,1,16,12,13,13
331,2,3,0,5,0,1,0,0,3,10,0,3,15,7,15,14
332,2,3,0,5,0,1,0,0,3,10,0,3,12,7,4,15
333,0,5,2,3,6,2,1,11,9,3,3,15,11,8,6,2
334,3,0,1,2,5,7,7,8,5,11,12,10,0,6,1,16
335,3,2,1,1,5,0,7,10,5,11,6,10,8,6,0,16
336,1,1,6,5,0,4,10,3,12,6,11,11,4,5,3,11
337,0,5,2,3,6,7,1,11,9,9,3,15,10,8,6,19
338,2,3,0,5,0,1,0,0,12,6,11,3,15,7,4,15
339,3,2,4,0,4,0,3,10,6,0,8,7,14,4,12,0
340,4,4,3,1,1,4,9,5,11,4,13,13,9,10,16,4
341,1,1,6,4,3,2,6,1,8,1,5,8,1,1,10,5
342,3,1,1,4,5,0,9,1,5,11,5,10,8,6,10,16
343,2,2,4,7,7,5,4,7,1,12,7,12,3,11,2,18
344,3,2,1,7,5,3,7,8,7,2,12,14,8,15,0,12
345,2,2,4,7,7,5,4,7,1,12,6,12,3,11,0,12
346,4,0,1,2,5,7,5,11,5,11,1,10,0,6,1,16
347,1,1,6,4,3,2,6,1,10,7,5,1,1,13,10,5
348,2,3,0,5,0,1,0,0,3,10,0,3,15,11,15,14
349,4,4,3,6,1,6,2,5,11,4,13,13,9,9,16,4
350,2,2,4,5,0,5,4,7,1,12,0,13,3,11,15,14
351,2,2,4,7,7,5,4,7,1,12,0,12,3,11,15,14
352,4,5,3,2,6,7,1,11,9,9,3,15,0,8,1,17
353,4,4,5,6,2,8,5,6,2,8,2,5,6,17,14,9
354,4,4,3,1,1,8,5,5,11,4,1,0,9,3,5,9
355,2,3,0,5,0,1,0,0,3,10,0,3,15,7,4,15
356,0,5,2,3,6,9,1,11,9,7,3,15,13,8,6,10
357,4,2,3,1,1,8,5,5,11,4,6,13,12,3,5,12
358,1,1,6,4,8,2,6,1,8,1,5,8,8,16,10,5
359,1,1,6,4,0,4,10,0,8,1,11,3,1,1,18,5
360,4,4,5,6,2,6,2,6,2,9,13,2,11,9,16,2
361,4,4,5,6,2,6,2,6,9,9,3,2,11,9,6,2
362,3,3,0,0,4,0,8,4,6,5,4,9,14,4,12,0
363,4,4,5,2,2,8,5,6,2,8,2,5,6,17,14,9
364,2,0,0,5,2,3,0,8,7,2,7,14,7,17,9,8
365,3,2,4,7,7,5,4,10,6,0,8,4,3,2,11,19
366,1,1,6,4,3,2,9,1,5,1,5,8,1,6,10,5
367,0,5,2,3,6,9,1,3,0,7,14,6,13,13,17,10
368,0,5,2,3,0,4,10,3,12,6,11,6,4,5,3,11
369,0,3,0,3,4,9,8,2,4,5,4,9,2,0,7,7
370,3,2,4,7,7,5,4,10,4,0,8,4,10,2,11,19
371,0,5,2,3,6,9,9,3,0,7,14,6,13,13,17,17
372,1,1,6,1,3,8,5,1,8,1,1,11,12,1,18,9
373,1,3,0,0,8,2,0,9,3,13,9,1,15,16,8,3
374,2,2,4,7,7,5,4,7,1,12,7,12,3,11,0,12
375,1,1,6,4,3,2,6,1,8,1,5,8,1,6,10,5
376,1,3,0,0,8,2,0,9,10,3,9,14,5,12,13,3
377,3,2,4,7,7,5,4,10,1,0,8,4,3,2,11,19
378,3,0,1,2,5,3,7,8,7,2,12,14,5,14,9,8
379,3,2,4,7,7,3,4,10,4,0,8,4,10,2,11,19
380,1,1,6,2,3,2,6,9,10,3,10,1,16,12,13,13
381,2,2,4,7,7,4,4,7,1,12,0,13,3,11,15,14
382,3,0,0,0,8,3,0,8,7,13,9,14,5,14,9,8
383,3,3,0,0,4,0,8,2,4,5,4,9,14,4,12,0
384,2,3,0,5,8,1,0,0,3,10,9,3,15,7,4,15
385,1,1,6,0,8,0,3,4,6,13,6,7,14,4,12,0
386,4,4,5,1,2,8,5,5,2,8,1,5,6,3,14,9
387,2,1,0,5,8,1,3,4,8,10,6,11,12,4,18,0
388,3,0,1,1,5,8,5,8,7,11,6,10,0,3,0,8
389,3,2,1,0,8,0,3,4,6,0,8,7,8,16,8,3
390,1,1,6,4,3,2,6,1,10,1,5,8,1,6,10,5
391,2,4,3,5,0,4,10,0,12,6,0,11,4,5,15,6
392,0,0,1,3,5,3,7,2,7,2,12,14,10,14,8,3
393,0,5,2,3,4,4,10,3,0,7,14,6,13,13,17,17
394,3,2,4,4,7,0,3,1,6,1,5,8,8,16,10,5
395,0,3,0,3,4,9,8,2,4,5,4,9,2,0,7,7
396,2,2,4,5,7,5,4,7,1,10,0,12,3,11,15,14
397,1,1,6,0,3,2,6,9,10,3,10,1,16,12,13,13
398,1,1,6,4,3,2,6,1,10,1,5,8,1,1,10,5
399,1,1,6,4,3,2,6,1,0,1,5,8,1,1,8,5
400,1,1,6,4,3,2,6,1,0,1,5,8,1,1,8,5
401,3,3,0,0,8,0,3,4,6,13,9,7,8,16,8,3
402,3,0,1,0,5,3,7,8,7,2,12,14,5,14,9,8
403,1,1,6,4,3,2,6,1,8,1,5,8,1,1,10,5
404,2,3,0,5,0,1,0,0,3,10,9,3,15,7,4,15
405,3,2,4,7,7,5,4,10,1,0,8,4,3,2,11,19
406,2,2,4,1,7,5,3,4,6,10,6,7,12,4,15,6
407,1,0,5,2,2,2,6,9,10,3,10,1,16,17,13,1
408,0,3,0,0,4,1,8,2,3,5,9,9,2,0,7,3
409,3,2,4,7,7,5,7,7,1,12,6,12,8,15,0,12
410,0,5,2,3,3,9,6,3,0,7,14,6,13,13,17,10
411,1,1,6,4,3,2,9,1,5,11,5,10,1,6,10,16
412,3,0,1,7,5,3,7,8,7,2,12,14,5,14,9,8
413,4,5,3,1,1,7,9,5,11,4,1,0,9,10,5,17
414,1,1,6,0,8,0,3,4,8,10,6,8,12,16,18,12
415,3,0,0,2,8,3,7,8,7,2,12,14,5,14,9,3
416,3,0,1,0,5,0,7,10,6,11,8,7,14,6,12,0
417,2,2,4,1,7,5,4,7,1,12,6,12,12,3,0,6
418,1,1,6,4,8,4,3,4,8,1,6,11,12,4,18,0
419,0,3,0,5,4,9,8,2,4,5,4,9,2,0,7,7
420,1,1,1,1,5,7,9,1,5,11,1,10,0,6,1,16
421,2,3,4,5,0,4,10,3,0,6,0,3,3,11,15,14
422,2,2,4,7,7,5,4,7,1,12,6,12,8,16,0,12
423,3,1,6,0,8,0,3,4,6,13,9,8,8,16,8,3
424,0,3,0,3,4,9,8,2,4,5,4,9,2,0,7,7
425,1,4,5,5,0,4,10,3,12,6,11,11,4,5,3,11
426,3,0,0,0,8,0,7,4,6,13,9,7,5,14,12,0
427,2,3,0,5,0,1,10,0,3,5,0,3,15,7,15,14
428,3,2,4,7,7,5,4,10,4,0,8,4,10,2,11,19
429,2,2,4,7,7,5,4,7,1,12,7,12,7,15,2,6
430,4,4,5,6,2,6,10,6,12,6,11,11,4,5,3,11
431,4,5,2,3,6,7,1,11,9,9,3,15,11,8,6,2
432,2,2,4,7,7,5,4,7,1,12,7,12,7,11,15,6
433,3,0,1,2,5,7,9,11,5,11,1,10,0,6,1,16
434,0,5,2,3,6,7,1,11,9,9,3,15,11,8,6,2
435,4,4,3,6,2,6,2,6,11,4,13,2,9,9,16,4
436,1,4,5,5,0,4,10,3,12,6,11,11,4,5,3,11
437,1,3,5,5,0,4,10,0,12,6,11,11,4,5,3,11
438,4,4,5,6,2,6,2,6,2,8,2,2,11,9,14,2
439,4,0,5,2,2,8,5,6,2,8,2,5,6,17,14,1
440,3,3,0,0,8,0,3,4,6,13,9,7,8,16,8,3
441,4,2,4,7,7,5,4,7,1,12,7,0,7,15,2,6
442,2,3,5,5,0,1,10,0,12,6,11,3,4,5,3,11
443,1,1,6,2,3,2,6,9,10,3,10,1,16,12,13,13
444,0,5,2,3,6,9,1,11,9,9,3,15,11,8,6,2
445,0,5,2,3,6,7,1,11,9,9,3,15,11,8,6,10
446,3,0,1,2,5,3,7,8,7,2,12,14,5,14,9,8
447,4,2,4,1,7,5,4,5,11,4,7,0,7,10,5,6
448,4,5,2,6,6,7,1,11,9,9,3,15,11,8,6,2
449,2,4,5,5,8,1,0,0,3,10,11,3,15,7,4,15
450,0,3,2,3,4,9,8,2,4,5,4,9,2,0,7,7
451,2,3,0,5,0,1,0,0,3,10,9,3,15,7,4,15
452,2,4,5,5,0,4,10,0,12,6,11,3,4,5,3,11
453,3,0,1,7,6,3,7,10,4,2,8,4,10,2,11,19
454,2,2,0,5,8,1,0,7,3,10,6,12,7,15,0,12
455,4,4,3,6,2,8,5,5,2,8,2,5,6,3,14,9
456,0,5,2,3,6,7,1,11,9,9,3,15,10,8,6,19
457,2,3,0,5,0,1,0,0,3,10,11,3,15,7,4,15
458,4,5,3,1,1,4,9,5,11,4,13,13,9,10,16,4
459,3,5,4,7,6,7,9,10,5,0,8,4,10,2,11,19
460,0,5,2,2,6,7,1,11,9,9,3,15,11,8,6,2
461,2,4,5,5,0,1,0,0,12,6,11,3,4,7,4,15
462,2,2,4,7,7,5,4,10,1,0,8,4,3,2,11,6
463,2,4,5,6,7,6,2,7,1,12,7,2,7,9,2,18
464,4,4,3,6,0,4,10,3,12,6,11,13,4,5,3,11
465,1,1,6,4,3,2,6,9,8,1,11,11,1,1,18,5
466,4,2,4,7,7,5,4,7,1,12,7,12,7,15,2,18
467,2,4,5,5,7,5,0,7,1,12,7,12,7,15,2,18
468,3,2,4,7,7,5,4,10,4,0,8,4,3,2,11,19
469,3,0,0,0,8,0,7,8,7,13,9,14,5,14,9,3
470,3,1,0,0,8,0,3,4,6,13,9,7,14,4,12,0
471,1,1,6,4,1,4,10,1,8,1,11,11,12,1,18,5
472,3,2,1,1,5,8,5,5,6,11,6,7,12,3,0,12
473,3,2,4,7,7,5,4,7,1,12,6,12,3,11,0,12
474,2,3,0,5,0,1,3,0,3,10,0,3,15,11,15,14
475,0,5,2,3,3,4,10,3,0,7,14,6,13,13,17,10
476,1,4,5,2,2,8,5,6,2,8,2,5,6,17,14,1
477,3,0,1,7,5,3,7,8,7,2,12,14,5,14,9,8
478,3,0,1,7,5,3,7,8,7,2,12,14,5,14,9,8
479,4,4,3,5,0,4,10,3,12,6,11,11,4,5,3,11
480,4,4,3,1,1,4,10,3,12,6,11,11,4,5,3,11
481,3,0,1,1,5,8,5,8,5,11,1,10,0,6,1,16
482,3,3,0,0,8,0,3,4,6,13,9,7,14,4,12,0
483,3,0,1,1,5,8,7,8,7,11,6,7,0,3,0,8
484,3,0,1,0,5,0,3,4,6,13,12,7,14,4,12,0
485,3,1,0,0,8,0,3,4,6,13,6,7,14,4,12,0
486,0,5,4,7,6,3,1,2,4,9,7,15,7,8,2,18
487,2,3,0,5,8,1,0,8,3,10,9,14,7,15,4,15
488,4,4,3,1,1,8,5,5,11,4,13,13,9,3,16,4
489,0,5,2,3,6,9,1,11,9,9,3,15,11,8,6,2
490,4,5,3,1,1,7,9,11,5,4,1,10,0,10,1,17
491,0,5,2,3,6,9,1,2,9,7,14,6,2,0,7,10
492,4,4,3,6,1,6,2,3,11,6,13,13,9,9,16,4
493,4,4,5,6,0,6,2,6,12,6,11,2,4,9,3,11
494,3,5,1,7,5,3,9,10,5,0,8,4,10,2,11,19
495,0,5,6,4,3,4,9,3,0,7,14,6,13,13,17,10
496,0,5,2,3,0,9,10,3,0,7,14,6,13,13,17,10
497,0,0,2,2,3,2,6,9,10,3,10,1,16,12,13,13
498,0,5,2,2,6,7,9,11,5,11,1,10,0,8,1,17
499,3,2,4,0,7,5,4,7,1,10,6,12,12,15,0,12
500,1,1,6,4,3,2,6,9,10,3,10,1,1,1,13,5
501,0,5,2,3,3,4,10,3,0,7,14,6,13,13,17,10
502,0,0,2,2,4,9,8,2,10,3,4,9,5,12,13,13
503,1,1,6,1,3,8,5,1,8,11,1,10,0,6,1,9
504,4,5,3,1,1,4,9,3,11,7,13,13,9,10,16,4
505,3,2,4,7,7,5,4,10,6,0,8,4,10,2,11,19
506,2,2,4,7,7,5,4,7,1,12,7,12,3,11,15,18
507,3,3,0,0,8,1,0,4,3,13,9,7,15,16,8,3
508,4,4,5,6,7,6,2,7,1,12,13,13,3,9,16,4
509,1,1,6,4,3,4,10,3,8,1,5,11,1,1,18,5
510,3,0,1,2,5,3,7,8,7,13,12,14,5,14,9,8
511,4,5,3,1,1,4,9,5,11,4,13,0,9,10,5,17
512,4,4,5,6,2,6,2,6,2,8,2,5,6,9,14,1
513,4,4,5,6,2,6,2,6,2,8,2,5,6,17,14,1
514,0,5,2,3,3,2,6,9,10,3,10,1,16,12,13,13
515,4,4,5,6,2,6,2,6,2,9,13,2,11,9,16,2
516,4,4,5,6,2,8,0,6,2,8,2,5,6,17,14,1
517,4,5,2,6,6,6,1,11,9,9,3,15,11,9,6,2
518,1,0,1,2,5,8,7,1,5,11,12,10,0,6,10,16
519,4,4,5,6,2,6,2,6,2,8,2,2,6,17,14,1
520,4,4,5,6,2,6,2,6,2,8,2,5,6,17,14,1
521,4,4,5,6,2,6,2,6,9,9,3,2,11,9,6,2
522,4,4,3,6,7,6,2,7,1,12,13,13,3,9,16,4
523,1,1,6,4,3,2,6,1,8,1,5,8,1,1,18,5
524,1,1,6,4,3,2,6,1,8,1,5,8,1,1,18,5
525,2,3,0,5,8,1,0,0,3,10,9,3,15,7,4,15
526,4,4,5,6,2,6,2,6,2,6,2,2,4,9,14,1
527,4,4,5,6,2,6,2,6,2,8,2,2,6,9,14,1
528,4,0,5,2,2,3,2,6,2,8,2,5,6,17,14,1
529,1,0,1,2,5,8,7,8,7,8,2,5,6,17,14,1
530,2,4,5,6,7,5,2,7,1,12,13,13,3,11,16,4
531,4,4,3,6,1,4,10,3,11,4,13,13,9,9,16,4
532,2,4,5,5,0,4,10,0,12,6,11,11,4,5,3,11
533,0,5,2,3,0,9,8,2,4,5,4,2,2,0,7,18
534,0,5,2,6,6,6,1,3,12,6,11,2,4,9,3,2
535,1,1,6,4,3,2,6,9,12,6,11,11,4,1,3,11
536,4,4,5,6,0,6,2,6,12,6,11,2,4,5,3,11
537,4,4,5,6,6,6,2,6,9,9,3,2,11,9,6,2
538,3,0,1,2,5,3,7,8,7,2,12,14,5,14,9,8
539,4,4,5,6,2,6,2,6,2,8,2,2,6,9,14,1
540,4,4,3,1,1,8,5,5,11,4,13,0,9,10,5,9
541,1,1,6,4,3,2,6,9,10,3,10,1,16,12,13,13
542,0,3,2,3,0,9,10,3,12,5,14,6,2,5,3,7
543,2,3,0,5,0,1,10,0,12,6,11,3,4,5,3,11
544,0,5,2,3,0,9,10,3,12,6,11,6,4,13,3,10
545,2,4,4,6,7,6,2,7,1,12,7,2,7,15,2,18
546,0,3,2,3,4,9,8,2,10,3,10,1,16,12,13,13
547,0,5,2,3,6,7,1,11,9,9,3,15,11,8,6,2
548,0,5,2,3,6,9,1,11,9,9,3,15,10,8,6,19
549,4,4,5,6,2,6,2,6,2,6,2,2,4,9,3,2
550,4,0,5,2,2,8,5,8,2,8,2,5,6,17,14,1
551,4,5,3,1,1,7,9,5,11,4,13,0,9,10,5,17
552,0,5,2,3,0,9,10,3,12,6,11,11,4,5,3,11
553,0,5,2,3,4,9,8,2,4,5,4,9,2,0,7,7
554,4,0,5,2,2,8,5,8,2,8,2,5,6,17,14,8
555,2,2,4,7,7,5,4,7,1,12,7,12,7,11,2,6
556,4,4,5,6,2,6,2,6,2,8,2,2,6,9,14,1
557,0,5,2,3,6,7,9,11,9,9,3,15,13,8,6,17
558,4,4,5,6,2,6,2,6,2,6,11,11,4,5,3,11
559,2,3,0,5,4,9,8,2,4,5,4,9,2,0,7,7
560,2,2,4,7,7,3,4,8,4,2,7,9,7,15,2,18
561,2,2,4,7,7,5,4,10,4,0,8,4,3,11,15,6
562,2,3,0,5,4,1,8,2,4,5,4,9,2,0,7,7
563,2,2,4,7,7,5,4,7,1,12,0,12,3,11,15,14
564,4,5,3,6,6,7,9,11,11,9,13,13,9,10,16,4
565,4,4,5,6,2,6,2,6,2,8,2,2,6,9,14,1
566,0,5,2,2,6,7,1,11,9,9,3,15,11,8,6,2
567,0,5,2,3,6,9,1,11,9,9,3,15,11,8,6,2
568,4,0,5,2,2,8,5,8,7,8,2,5,7,17,14,8
569,0,3,0,5,4,9,8,2,4,5,4,9,2,0,7,7
570,4,5,2,6,6,3,1,11,9,9,3,15,11,8,6,2
571,4,2,3,1,7,5,4,5,11,4,13,0,9,10,5,6
572,4,4,5,6,2,6,2,6,2,9,13,2,11,9,16,2
573,2,4,5,6,0,6,2,6,12,6,7,2,4,9,2,18
574,3,0,1,7,7,3,7,8,7,2,7,14,7,15,2,18
575,1,1,6,4,3,2,6,1,8,1,5,8,1,1,10,5
576,3,2,4,0,8,0,0,4,6,13,9,14,8,16,8,3
577,3,0,1,0,5,0,7,1,6,11,6,7,8,16,0,12
578,4,0,5,2,2,3,7,8,7,8,2,5,6,17,14,1
579,1,0,1,2,8,2,7,8,7,3,12,14,5,14,9,3
580,1,1,6,2,3,2,6,9,10,3,10,1,16,12,13,13
581,2,3,0,5,8,1,0,0,3,10,9,3,15,7,4,15
582,0,5,2,3,4,9,1,9,10,3,10,1,16,12,13,13
583,2,2,4,7,7,5,4,7,1,12,7,13,3,11,15,14
584,2,3,4,5,7,1,0,7,1,12,7,3,7,15,2,18
585,1,1,6,4,3,2,6,9,10,3,10,1,16,12,13,13
586,1,1,5,4,2,2,6,9,8,1,2,5,6,1,18,1
587,2,3,0,5,8,1,0,0,3,10,9,3,15,7,4,15
588,2,2,4,7,7,3,0,7,7,2,7,14,7,15,2,18
589,1,0,5,2,2,2,6,9,7,3,2,14,16,17,13,1
590,1,1,5,4,2,2,6,9,2,8,2,5,6,17,14,1
591,3,0,1,0,5,0,7,1,6,11,5,10,8,6,10,16
592,4,4,3,6,1,6,2,5,11,4,13,13,9,10,16,4
593,3,0,1,2,5,3,7,8,7,2,12,14,5,14,9,8
594,3,0,1,2,5,3,7,8,7,2,12,14,5,14,9,8
595,2,3,0,5,0,1,10,0,3,10,0,3,15,11,15,14
596,2,2,4,7,7,5,4,7,1,12,7,12,3,11,15,6
597,2,4,5,5,0,6,10,0,12,6,11,2,4,5,3,11
598,4,4,3,1,1,8,5,5,8,4,1,11,12,3,18,9
599,2,2,3,1,0,4,10,5,11,4,0,0,3,11,15,6
600,4,4,5,6,2,8,2,6,2,8,2,5,6,15,14,1
601,4,4,5,6,2,6,2,6,12,6,11,2,4,9,3,11
602,0,5,2,6,6,6,1,11,9,9,3,2,11,8,6,2
603,2,2,4,7,7,6,2,7,1,12,7,2,7,15,2,18
604,0,2,4,7,4,3,1,2,4,2,8,4,10,2,11,19
605,4,4,3,1,1,8,5,5,11,4,13,0,9,10,5,9
606,1,1,6,4,3,2,6,9,10,3,10,1,16,12,13,13
607,3,1,0,0,8,0,3,4,6,13,9,7,14,4,12,0
608,0,3,2,3,4,9,8,2,4,5,4,9,2,0,7,7
609,4,4,5,6,2,6,2,6,2,8,2,2,6,9,14,1
610,3,0,1,2,5,3,7,8,7,2,12,14,5,14,9,8
611,2,3,0,5,0,1,10,0,12,6,11,3,4,5,3,11
612,3,0,1,2,5,3,7,8,7,13,12,14,5,14,9,8
613,2,3,5,5,0,6,2,0,12,6,7,2,4,9,2,18
614,1,0,1,2,3,2,6,9,10,3,10,1,16,12,13,13
615,3,2,4,7,7,5,4,7,1,12,6,12,7,15,0,6
616,0,3,4,7,4,3,8,2,4,2,4,4,10,0,7,19
617,4,4,3,6,1,6,2,5,11,4,13,13,9,9,16,4
618,0,5,2,6,6,6,1,11,9,9,3,15,11,8,6,2
619,4,4,5,6,2,6,2,6,2,12,7,2,7,9,2,18
620,2,2,4,7,7,5,4,7,1,12,7,12,7,15,2,6
621,4,4,5,6,2,6,2,6,2,4,7,0,7,15,2,6
622,0,5,2,2,3,2,1,9,10,3,10,1,16,12,13,13
623,0,5,2,3,6,9,1,11,9,9,3,15,13,8,6,10
624,2,3,0,5,0,1,0,0,12,6,0,3,15,7,4,15
625,3,0,1,2,5,3,7,8,7,2,12,14,5,14,9,8
626,4,2,4,7,7,5,4,7,1,12,13,12,3,11,0,4
627,1,1,6,4,1,8,5,1,8,1,5,5,1,1,18,5
628,1,1,6,4,3,2,6,9,10,3,10,1,16,12,13,13
629,4,5,2,6,6,7,9,11,9,9,3,15,11,8,6,2
630,2,3,4,5,0,4,10,3,12,6,0,3,4,11,15,14
631,2,2,4,7,7,5,4,7,1,12,0,13,3,11,15,14
632,0,5,2,3,6,9,1,3,9,7,14,6,13,13,6,10
633,0,3,0,3,4,9,8,2,4,5,4,9,2,0,7,7
634,4,5,3,6,6,7,9,11,11,9,13,13,9,10,16,4
635,4,4,5,6,2,6,2,6,2,9,2,2,11,9,14,2
636,2,3,0,5,8,1,0,0,3,10,9,3,15,7,4,15
637,1,4,5,6,2,6,2,6,12,6,11,2,4,9,3,1
638,4,4,5,6,6,6,2,11,9,9,3,2,11,9,6,2
639,0,3,0,5,4,9,8,9,10,3,10,9,16,12,13,13
640,0,5,4,7,6,3,1,2,4,2,7,4,10,15,2,19
641,2,2,4,7,7,6,2,7,1,12,7,2,7,15,2,18
642,2,4,5,6,0,6,2,6,12,6,11,2,4,9,3,11
643,4,4,5,6,2,6,2,6,9,9,3,2,11,9,6,2
644,1,4,5,4,2,4,2,1,8,1,5,13,1,1,16,4
645,0,5,2,3,6,7,9,3,0,7,14,6,13,13,17,10
646,0,5,2,3,3,9,9,3,0,7,14,6,13,13,17,10
647,4,4,5,6,2,6,2,6,2,8,2,5,6,17,14,1
648,1,1,6,4,2,8,5,1,8,1,5,5,6,1,18,1
649,3,2,1,1,5,7,9,10,5,11,8,10,8,6,10,16
650,4,1,3,4,1,4,10,3,0,7,13,13,1,13,16,4
651,4,4,5,6,2,6,2,6,2,9,3,2,11,9,16,2
652,0,5,2,7,4,3,1,2,4,2,4,4,10,0,11,19
653,4,5,2,6,6,7,1,11,9,9,3,15,11,8,6,2
654,2,3,0,5,7,1,0,0,3,2,7,3,7,15,2,18
655,1,1,5,4,0,2,6,9,12,6,11,1,4,12,3,11
656,2,2,4,7,7,5,4,7,1,12,7,12,7,15,2,18
657,0,5,2,3,6,7,1,11,9,9,3,15,11,8,6,2
658,1,1,6,4,0,4,10,3,8,1,11,8,1,1,18,5
659,1,1,6,4,3,2,6,9,8,1,5,8,1,1,18,5
660,2,2,4,7,7,5,4,7,1,12,7,12,7,15,0,18
661,4,4,3,6,1,6,2,6,11,4,13,13,9,9,16,4
662,4,4,5,6,2,6,2,6,2,9,3,2,11,9,6,2
663,0,0,2,2,6,3,1,8,7,2,12,14,5,14,9,8
664,3,2,0,0,8,0,3,4,6,10,6,7,12,4,0,12
665,4,5,3,1,1,7,9,11,5,11,1,10,0,10,1,17
666,2,3,5,5,0,4,10,3,12,6,11,3,4,5,3,11
667,4,4,5,6,2,6,2,6,2,6,13,2,11,9,3,2
668,2,4,5,6,0,6,2,7,12,6,7,2,7,9,2,18
669,0,5,2,3,0,9,1,3,12,6,11,6,4,0,3,10
670,2,2,4,7,7,3,1,7,4,2,7,4,7,15,2,18
671,0,5,5,2,6,3,1,11,9,9,3,15,11,8,6,2
672,3,0,1,0,5,0,7,10,6,0,8,7,14,2,12,0
673,2,2,4,1,7,5,4,7,1,10,6,12,12,4,15,6
674,4,4,3,1,1,8,5,5,11,4,1,0,9,3,5,9
675,0,5,2,3,0,9,10,3,12,6,11,2,4,0,3,11
676,2,0,0,7,7,3,0,8,7,2,7,14,5,15,2,18
677,2,3,0,5,4,1,8,2,3,5,9,9,2,0,7,7
678,0,5,2,2,6,9,1,9,10,3,10,1,16,12,13,13
679,4,0,1,2,2,3,7,8,7,8,2,14,6,17,14,1
680,4,4,5,6,2,6,2,6,12,6,11,2,4,9,3,11
681,0,5,2,3,0,9,10,3,0,7,14,6,13,13,17,10
682,3,0,0,0,4,3,8,8,4,2,4,9,5,14,9,8
683,3,2,1,7,5,5,7,10,5,11,12,10,8,2,0,12
684,4,5,2,6,6,7,9,11,9,9,3,15,11,8,16,2
685,0,2,4,3,4,4,8,3,0,7,0,4,3,11,15,14
686,4,4,3,6,1,6,2,5,11,4,13,13,9,10,16,4
687,4,0,5,2,6,3,1,11,9,9,3,15,11,8,6,2
688,4,4,3,6,1,6,2,3,11,4,13,13,9,10,16,4
689,4,4,3,1,1,5,4,5,11,4,13,0,9,10,5,6
690,4,2,3,1,1,5,4,5,11,4,13,0,9,10,5,6
691,4,4,3,1,1,4,10,5,11,4,13,0,9,10,5,6
692,2,3,0,5,0,1,10,0,12,6,11,3,4,5,3,11
693,0,5,2,3,6,9,10,3,12,6,11,11,4,5,3,11
694,0,0,5,2,2,3,1,8,7,2,3,14,11,17,6,1
695,4,0,5,2,2,3,2,6,2,8,2,14,6,17,14,1
696,2,4,5,6,2,6,2,6,2,8,2,5,6,17,14,1
697,1,4,5,6,2,2,6,6,2,8,2,5,6,17,14,1
698,2,2,4,7,7,5,4,10,1,0,8,4,3,2,11,19
699,2,2,4,7,7,5,4,7,1,12,8,12,3,11,11,19
700,0,5,2,3,0,4,10,3,0,7,14,6,13,13,15,17
701,3,0,1,2,5,7,9,1,5,11,1,10,0,6,1,16
702,1,1,6,4,3,2,9,1,5,11,5,10,0,6,10,16
703,2,2,4,7,7,5,4,10,4,0,8,4,3,2,11,19
704,4,4,3,6,1,6,2,5,11,4,13,0,9,10,5,4
705,3,1,6,0,8,0,3,4,6,13,5,7,14,4,12,0
706,3,2,1,0,5,0,3,10,6,0,8,7,14,4,12,0
707,1,3,0,5,0,1,10,0,12,6,11,3,4,5,3,11
708,1,3,0,5,0,1,0,0,3,10,11,11,15,7,4,15
709,4,4,5,5,2,8,5,6,2,8,2,5,6,17,14,1
710,1,1,6,2,3,2,6,1,10,1,5,10,1,17,10,1
711,3,0,1,0,5,3,7,8,7,2,12,14,5,14,9,3
712,1,1,6,4,0,4,10,3,0,7,14,6,13,13,17,11
713,4,5,2,3,6,7,1,11,9,9,3,15,11,8,6,17
714,2,3,0,5,0,1,0,0,3,10,0,3,15,7,4,15
715,0,3,2,3,4,9,8,2,4,5,4,9,2,0,7,7
716,0,3,0,0,4,9,8,2,10,3,4,9,5,12,13,3
717,2,2,4,7,7,5,4,10,1,0,8,4,3,11,11,14
718,1,0,1,2,5,8,5,1,5,11,1,10,0,6,1,16
719,2,3,0,5,0,1,0,0,3,5,0,3,15,7,4,7
720,4,4,3,6,1,6,2,5,11,4,13,13,9,9,16,4
721,4,5,3,1,1,7,9,11,11,4,13,13,9,10,16,4
722,4,4,5,6,2,8,5,6,2,8,2,5,6,17,14,1
723,3,3,0,0,8,1,0,4,3,13,9,9,5,4,4,15
724,3,2,4,1,7,0,3,10,6,11,6,7,8,16,0,12
725,2,2,4,7,7,5,4,10,1,0,8,4,3,11,15,14
726,1,1,6,4,3,2,6,9,10,3,10,1,16,1,13,1
727,1,1,6,4,8,0,3,1,8,1,5,8,8,16,10,5
728,1,0,0,2,8,2,6,9,10,3,10,1,5,12,13,3
729,3,0,1,0,5,0,7,10,6,11,6,7,8,6,0,16
730,1,1,5,5,8,8,0,0,8,10,2,5,12,17,18,15
731,3,0,1,0,5,3,7,8,7,2,12,14,5,14,9,3
732,1,1,6,4,3,2,6,9,10,3,10,1,16,1,13,13
733,1,1,6,4,3,2,6,9,10,1,5,8,1,1,10,5
734,3,1,1,0,5,0,3,4,6,13,6,7,14,4,12,0
735,3,0,1,0,8,0,3,4,6,13,9,7,8,16,8,3
736,2,3,0,5,0,1,10,0,3,10,0,3,15,7,15,14
737,4,5,3,1,1,7,9,5,11,4,13,0,9,10,5,17
738,3,0,1,0,5,0,7,8,6,13,6,7,8,16,0,12
739,3,2,4,7,4,3,4,10,4,0,8,4,10,2,11,19
740,3,0,1,0,5,0,7,10,6,11,12,10,8,2,11,16
741,0,5,1,7,6,7,9,11,5,9,3,15,10,2,11,19
742,3,0,1,2,5,3,7,8,7,2,12,14,5,14,9,3
743,1,4,5,6,2,2,6,6,12,6,11,2,4,9,3,1
744,3,0,1,0,5,0,7,10,5,11,12,10,8,6,10,16
745,1,1,6,4,3,2,10,3,12,1,11,8,1,1,3,5
746,0,3,2,3,4,9,8,2,4,5,4,9,2,0,7,7
747,1,1,6,2,3,2,6,9,10,3,10,1,16,12,13,13
748,3,2,4,1,7,5,4,10,11,0,8,0,10,2,11,17
749,4,4,3,1,1,4,10,3,11,4,13,13,9,10,5,4
750,3,0,1,0,5,0,7,10,6,11,8,7,8,2,8,16
751,3,2,1,0,5,0,7,10,6,11,6,7,8,16,0,12
752,0,1,6,4,3,0,3,1,0,7,14,6,13,13,17,10
753,0,5,2,3,6,2,1,9,9,3,3,1,16,12,13,10
754,1,1,6,4,3,2,6,9,10,3,5,1,1,12,13,5
755,2,2,4,7,7,5,4,10,1,0,8,12,3,11,15,6
756,1,1,6,4,8,1,0,0,3,10,9,3,15,7,4,15
757,0,1,6,3,3,9,3,1,0,7,14,6,13,13,17,10
758,4,4,5,2,2,2,2,6,2,8,2,5,6,17,14,1
759,1,1,6,4,3,2,6,9,10,1,5,8,1,1,13,5
760,3,2,1,7,5,0,7,10,6,0,8,4,8,2,11,19
761,1,1,6,0,8,0,3,4,6,13,6,7,14,4,12,0
762,3,2,4,7,7,5,4,7,1,12,6,12,8,16,0,12
763,3,0,1,0,5,0,7,10,6,13,12,7,14,14,12,0
764,4,4,3,6,1,6,2,5,11,4,13,13,9,10,16,4
765,1,1,6,4,3,4,10,3,0,6,11,6,4,1,3,10
766,2,2,4,7,7,5,4,7,1,12,6,12,3,11,0,12
767,0,2,4,7,7,7,9,10,1,0,8,4,10,2,11,19
768,0,3,0,3,4,9,8,2,4,5,4,9,2,0,7,7
769,1,5,6,3,3,2,6,9,10,3,10,1,16,12,13,13
770,1,4,5,2,2,8,5,9,2,8,2,5,6,17,14,9
771,0,0,2,3,4,3,8,2,4,2,4,9,5,0,7,3
772,3,0,1,0,5,3,7,8,7,2,12,7,5,14,9,8
773,0,5,2,3,6,9,9,11,0,7,14,6,13,13,17,10
774,2,2,4,7,7,5,4,7,1,0,8,4,3,11,15,14
775,4,4,5,6,2,6,2,6,2,8,2,2,6,9,14,1
776,0,5,2,2,3,2,6,9,10,3,10,1,16,12,13,13
777,2,3,4,5,4,5,8,2,4,5,0,3,3,11,15,14
778,3,0,1,2,5,3,7,8,7,2,12,14,5,14,9,8
779,3,1,6,0,8,0,3,4,6,13,9,7,8,16,8,3
780,3,3,0,0,8,3,0,8,7,2,9,14,5,14,9,3
781,0,2,4,7,7,3,4,10,4,0,8,4,10,2,11,19
782,3,0,1,0,5,3,7,10,7,2,12,14,8,14,9,8
783,2,2,4,7,7,5,4,7,1,12,7,12,7,15,2,18
784,3,3,0,0,8,1,0,4,3,13,9,14,5,14,4,3
785,4,4,5,6,2,3,2,6,7,2,7,2,7,15,2,18
786,3,0,1,0,5,0,7,1,5,11,5,10,0,6,10,16
787,1,4,5,6,2,8,5,6,2,8,2,5,6,17,14,1
788,4,2,3,1,1,5,9,10,11,0,8,13,3,2,16,4
789,0,3,2,7,4,3,8,2,4,2,4,4,10,0,7,19
790,0,5,2,3,6,9,1,11,9,9,3,15,11,8,6,2
791,0,3,0,3,4,9,8,2,4,5,4,9,2,0,7,7
792,4,0,5,2,2,8,5,6,2,8,2,5,6,17,14,1
793,2,2,4,7,7,5,4,7,1,12,7,12,3,15,0,12
794,4,4,5,6,2,6,2,6,2,9,13,2,11,9,16,2
795,2,3,0,5,8,1,0,0,3,10,9,3,15,7,4,15
796,4,4,3,6,2,6,2,6,11,4,13,2,9,9,16,4
797,4,4,5,6,2,8,5,6,2,8,2,5,6,17,14,1
798,1,4,5,6,2,2,2,6,2,8,2,5,6,17,14,1
799,4,4,3,1,1,8,5,5,11,4,1,0,9,3,5,9
800,4,4,3,2,2,7,5,11,5,8,1,10,0,17,1,2
801,4,4,5,6,2,6,2,6,2,9,13,2,11,9,14,2
802,0,5,2,3,6,9,1,11,9,9,3,15,11,8,6,10
803,2,2,4,7,7,3,4,7,4,2,7,4,7,15,2,18
804,4,4,5,6,2,8,2,6,2,8,2,5,6,17,14,1
805,1,4,5,6,2,8,0,6,2,8,2,5,6,17,14,1
806,2,4,5,6,2,8,0,6,2,8,2,5,6,17,14,1
807,4,4,5,6,2,8,2,6,2,8,2,5,6,17,14,1
808,3,0,1,2,5,2,7,8,7,11,10,10,0,14,1,8
809,4,5,2,6,6,6,1,11,9,9,3,15,11,8,6,2
810,1,1,6,4,3,2,6,9,10,3,5,1,16,12,13,5
811,0,5,2,3,6,7,1,11,9,9,3,15,11,8,6,2
812,4,4,5,6,2,6,2,6,2,8,2,2,11,9,14,2
813,2,2,4,7,7,5,4,7,1,12,7,12,7,15,2,18
814,2,3,0,5,0,1,3,0,3,10,0,3,15,11,15,14
815,4,4,5,6,6,6,2,6,9,9,3,2,11,9,6,2
816,4,4,3,6,1,7,9,11,11,4,13,13,9,10,16,4
817,4,4,5,6,2,6,2,6,12,6,11,2,4,9,16,1
818,2,2,4,7,7,5,4,7,1,12,7,4,7,15,2,18
819,4,0,5,6,2,3,1,8,7,2,3,14,11,15,2,18
820,1,1,6,4,3,2,6,9,10,3,10,1,16,12,13,13
821,2,4,5,5,0,4,10,3,12,6,11,13,4,5,3,11
822,0,5,2,3,6,7,9,11,5,7,3,15,13,8,1,17
823,0,5,2,3,3,9,10,3,0,7,14,6,13,13,17,10
824,2,2,4,7,7,5,4,7,1,12,7,12,7,15,0,18
825,3,2,1,7,5,0,7,10,6,0,8,4,8,2,11,19
826,1,1,6,4,3,2,6,1,8,1,5,8,1,1,18,5
827,2,2,4,7,7,5,4,7,4,12,7,4,10,15,2,18
828,0,5,2,3,4,9,8,2,4,5,4,4,10,0,7,19
829,3,0,1,2,5,3,7,10,5,11,12,10,0,6,11,16
830,2,3,0,5,0,1,8,0,3,5,0,3,15,7,7,7
831,2,3,0,5,0,1,0,0,3,10,0,3,15,7,15,14
832,2,3,5,5,0,1,10,0,12,6,11,3,4,7,3,11
833,2,1,6,4,0,4,10,3,8,1,0,8,1,1,18,14
834,2,4,5,6,0,6,2,6,12,6,11,2,4,9,3,18
835,2,3,0,5,0,1,8,0,3,5,0,3,15,7,7,14
836,0,5,2,3,6,7,1,11,9,9,3,15,11,8,6,2
837,3,0,1,0,5,0,7,10,6,11,12,7,8,6,9,16
838,1,3,0,5,0,1,0,9,3,3,11,1,15,7,13,15
839,3,0,1,2,5,7,7,11,5,11,12,10,0,6,1,16
840,1,1,6,4,3,4,6,1,8,1,5,8,1,1,18,5
841,4,4,5,6,2,6,2,6,12,6,11,2,4,9,3,11
842,2,4,5,6,0,6,2,6,12,6,11,2,4,9,3,11
843,4,4,5,6,2,6,2,6,2,12,13,13,6,9,16,4
844,0,5,2,6,6,7,1,11,9,9,3,15,11,8,6,2
845,0,5,2,3,6,9,9,11,0,7,14,4,13,13,17,19
846,0,5,2,3,4,9,8,2,0,7,14,6,2,13,17,10
847,0,5,2,3,6,9,1,11,9,9,3,15,11,8,6,2
848,4,4,5,6,2,8,2,6,2,8,2,5,6,15,14,1
849,0,5,2,3,4,9,8,2,4,5,4,6,2,0,7,10
850,2,3,0,5,8,1,0,0,3,10,9,3,15,7,4,15
851,3,2,1,7,5,0,7,10,5,11,6,10,8,16,0,12
852,1,1,6,4,3,2,6,1,8,1,5,8,1,1,18,5
853,2,2,4,7,7,5,4,7,1,12,7,12,3,11,2,18
854,0,3,2,7,4,3,8,2,4,2,4,4,10,0,7,18
855,3,2,4,7,7,5,4,7,1,12,6,12,8,16,0,12
856,3,2,0,0,8,0,0,4,6,10,6,8,8,16,0,12
857,3,0,0,0,8,3,7,8,7,13,9,14,5,14,9,3
858,1,1,6,0,8,0,3,4,6,13,9,8,8,16,8,3
859,0,3,0,3,4,9,8,2,4,5,4,9,2,0,7,7
860,0,5,2,6,6,6,1,11,9,9,3,15,11,8,6,2
861,2,3,4,7,4,3,8,2,4,2,4,4,10,0,7,19
862,0,3,2,3,4,3,8,2,4,2,4,4,10,0,7,19
863,4,4,3,6,1,6,2,6,11,4,13,13,9,9,16,4
864,2,3,0,5,0,1,0,0,3,10,0,3,15,7,4,15
865,1,1,6,4,3,2,6,9,12,6,11,1,4,1,3,11
866,2,4,5,6,7,6,2,7,1,12,7,2,7,9,2,18
867,1,1,6,4,8,0,3,4,8,10,9,8,8,16,8,5
868,2,3,0,5,4,1,8,2,4,5,4,9,2,0,7,7
869,4,4,3,6,2,8,5,6,8,8,2,5,6,3,16,4
870,3,0,1,2,5,3,7,8,7,2,12,14,10,14,9,8
871,2,2,4,7,7,5,4,7,1,12,13,13,3,11,16,4
872,2,2,0,5,7,1,0,7,1,12,7,12,7,15,2,18
873,0,3,0,0,4,9,8,2,10,13,9,1,2,12,8,3
874,0,5,2,3,6,7,1,11,9,9,3,15,11,8,6,10
875,1,1,6,4,3,4,10,3,0,7,14,6,1,13,17,5
876,4,5,2,6,6,7,9,11,9,9,3,15,11,8,6,2
877,3,0,1,0,5,0,7,10,6,13,12,7,8,16,8,3
878,3,1,1,0,8,0,3,4,6,13,6,7,8,16,8,12
879,1,1,6,4,3,2,6,1,8,1,5,8,1,1,10,5
880,1,1,6,4,3,2,6,1,10,1,5,10,1,6,10,16
881,0,5,2,3,4,9,8,2,4,5,4,6,2,0,7,10
882,0,5,2,3,6,7,9,11,0,7,14,6,13,13,17,10
883,4,4,5,6,2,6,2,6,2,6,13,2,4,9,16,4
884,3,3,4,0,4,0,3,4,6,13,8,7,8,16,8,3
885,4,4,5,6,2,6,2,6,2,8,2,5,6,9,14,1
886,1,1,3,4,1,4,10,3,8,1,13,13,1,1,18,5
887,0,5,2,3,0,4,10,3,12,6,11,6,4,5,3,11
888,0,5,2,3,6,9,1,2,4,2,4,4,10,0,7,19
889,1,1,6,4,3,0,3,1,0,7,5,8,1,16,10,5
890,0,5,2,3,4,9,8,2,0,7,14,6,2,0,17,10
891,0,5,2,3,6,9,9,11,0,7,14,6,13,13,17,10
892,0,3,2,3,4,9,8,2,4,5,4,9,2,0,7,7
893,2,2,0,5,8,1,0,8,7,10,7,14,7,15,4,18
894,0,5,2,3,3,2,6,9,10,3,10,1,16,12,13,13
895,2,3,0,5,8,1,3,4,3,10,9,3,15,16,8,3
896,3,0,1,0,4,0,7,10,6,13,8,4,10,2,8,3
897,2,3,0,7,7,3,0,8,7,2,7,14,7,15,2,18
898,2,3,0,5,0,1,8,0,3,5,0,3,15,7,15,14
899,2,2,4,7,7,5,4,7,1,12,7,12,3,11,15,14
900,0,5,2,6,6,7,1,11,9,9,3,15,11,8,6,2
901,2,3,0,5,0,1,0,0,3,5,0,3,15,7,15,14
902,0,3,0,5,0,1,8,2,12,5,4,9,2,0,7,7
903,3,2,4,7,4,0,8,2,4,0,8,4,10,2,11,19
904,3,2,4,3,4,9,8,10,4,0,8,4,14,2,11,19
905,0,5,2,3,3,7,9,3,0,7,14,6,13,13,17,10
906,2,2,4,7,7,5,4,7,1,12,0,13,3,11,15,14
907,0,5,2,7,6,3,1,2,4,2,3,15,10,8,2,19
908,0,5,2,3,6,9,1,2,9,9,3,15,11,8,6,2
909,0,5,2,6,6,6,1,3,9,9,3,2,11,9,6,2
910,3,1,6,0,8,0,3,4,6,13,6,7,14,4,12,0
911,4,5,3,1,1,4,9,5,11,4,13,0,9,10,5,17
912,0,4,5,5,0,4,10,3,12,6,11,2,4,5,3,11
913,2,2,4,7,7,5,4,7,1,12,0,12,3,11,15,14
914,4,2,4,7,7,5,4,7,1,12,13,13,3,2,16,4
915,3,0,1,7,5,3,7,10,5,0,8,4,10,2,11,19
916,3,0,1,2,5,3,7,8,7,2,12,14,5,14,9,8
917,1,1,6,4,3,2,6,9,10,3,5,1,1,12,13,5
918,4,4,5,6,2,6,2,6,2,8,2,2,6,17,14,1
919,0,5,2,3,4,3,8,2,4,2,4,4,10,0,7,19
920,0,5,2,3,3,2,6,9,10,3,10,1,16,12,13,13
921,3,0,1,0,4,3,7,2,7,2,12,14,5,14,9,3
922,4,4,5,6,2,6,2,6,2,8,2,5,6,17,14,1
923,2,3,0,5,8,1,0,0,3,10,9,3,15,7,4,15
924,1,4,5,6,2,6,2,6,2,8,2,5,6,17,14,1
925,3,0,1,2,5,3,7,8,7,2,12,14,7,15,9,8
926,2,2,5,7,7,6,2,7,1,12,7,12,7,15,2,18
927,1,1,6,2,3,2,6,9,10,3,2,1,16,17,13,1
928,1,4,5,6,2,6,2,6,2,8,2,5,6,17,14,1
929,0,4,5,6,2,6,2,6,12,6,2,2,4,17,3,1
930,2,2,4,7,7,5,4,7,1,12,0,12,3,11,15,14
931,1,3,0,4,3,2,6,9,10,3,10,1,16,12,13,13
932,3,2,4,7,7,5,4,7,1,12,8,12,3,2,0,12
933,2,2,4,7,7,5,4,7,1,12,7,12,7,15,2,18
934,2,3,4,3,4,9,8,2,0,5,0,4,2,0,8,14
935,3,0,1,2,5,3,7,8,7,2,12,14,5,14,9,3
936,1,1,6,4,3,2,6,9,10,3,10,1,16,12,13,3
937,3,0,1,0,5,0,7,1,8,11,6,14,8,16,0,12
938,1,1,5,4,3,2,6,9,10,1,11,1,16,1,13,1
939,2,4,5,5,0,6,2,0,12,6,11,2,4,9,2,18
940,2,4,5,6,7,6,2,7,1,12,7,2,7,9,2,18
941,0,5,2,3,6,7,9,3,0,7,14,6,13,13,17,10
942,1,3,0,0,8,1,0,8,3,10,9,14,15,7,4,15
943,3,0,1,7,5,0,9,10,5,11,8,10,8,2,10,16
944,2,2,4,5,0,5,4,7,1,5,0,0,3,11,15,6
945,1,1,6,4,3,2,6,9,10,3,10,1,16,12,13,13
946,3,3,0,0,8,1,0,4,3,13,9,14,8,16,8,3
947,2,2,4,7,7,0,3,10,6,0,8,4,3,11,8,14
948,2,2,4,7,7,5,4,7,1,12,7,12,7,15,0,12
949,4,4,5,6,2,6,2,6,2,8,2,5,6,9,14,1
950,2,2,0,0,8,0,3,4,6,10,0,3,8,16,8,14
951,2,2,4,7,7,5,4,7,1,0,8,4,3,2,11,19
952,4,2,4,7,7,5,4,7,1,12,13,13,3,11,16,4
953,2,4,5,5,0,6,2,0,12,6,11,3,4,7,3,11
954,1,1,6,4,3,2,6,1,10,1,5,8,1,1,10,5
955,1,4,5,6,2,2,6,6,2,8,2,5,6,17,14,1
956,0,5,2,3,6,7,9,10,4,0,8,4,10,2,11,19
957,0,5,2,3,6,7,9,11,5,7,3,15,13,8,17,17
958,4,5,3,6,6,7,9,11,9,9,13,13,9,10,16,4
959,4,5,3,4,1,4,10,3,0,7,13,13,1,1,16,4
960,3,0,1,0,5,3,7,8,7,2,12,14,5,14,9,8
961,2,2,4,7,7,5,4,7,1,12,8,4,3,11,11,14
962,3,2,4,7,7,5,4,10,1,0,8,4,10,2,11,19
963,0,5,2,3,3,4,10,3,0,7,14,6,13,13,17,10
964,2,2,4,7,7,5,4,7,1,12,6,12,3,15,0,12
965,2,2,4,5,0,4,10,7,1,12,0,13,3,11,15,14
966,0,3,2,3,4,9,8,2,4,5,4,9,2,0,7,7
967,4,2,3,7,7,5,4,7,1,12,13,13,3,3,16,4
968,3,2,4,1,1,5,4,10,11,0,8,0,3,11,5,17
969,1,0,1,2,5,2,6,1,5,11,5,10,0,6,10,16
970,0,5,2,6,6,6,10,3,12,6,11,2,4,9,3,11
971,0,5,2,3,6,7,9,10,5,0,8,4,10,2,11,19
972,2,2,4,7,7,5,4,7,1,12,7,12,3,11,15,14
973,0,5,2,7,6,7,9,10,4,0,8,4,10,2,11,19
974,0,5,2,3,3,4,10,3,0,7,14,6,13,13,17,10
975,4,4,5,6,2,6,2,6,9,9,3,2,11,9,6,2
976,4,4,5,6,2,6,2,6,2,8,2,2,11,9,14,1
977,1,1,6,2,3,2,6,9,10,3,10,1,16,12,13,13
978,0,5,2,3,3,9,9,3,0,7,14,6,13,13,17,10
979,2,2,4,7,7,5,4,7,1,12,0,13,3,11,15,14
980,3,2,4,7,7,0,4,7,6,12,6,12,8,16,0,12
981,0,2,4,7,7,7,9,10,4,0,8,4,10,2,11,19
982,3,2,4,7,4,0,3,10,6,0,8,4,3,2,8,19
983,4,4,3,4,1,4,2,3,8,1,13,13,1,1,16,4
984,2,3,4,5,7,1,0,7,1,12,7,3,7,15,2,18
985,4,4,3,6,1,4,10,3,11,6,13,13,3,1,16,4
986,2,2,4,7,7,5,4,7,1,12,0,12,3,11,15,14
987,0,5,2,4,3,4,10,3,0,7,14,6,13,13,17,10
988,0,5,2,3,4,9,8,2,0,7,14,6,2,13,17,10
989,2,3,0,5,8,1,3,4,3,10,0,3,15,16,8,14
990,1,1,5,4,0,2,6,9,12,6,11,1,4,1,3,11
991,1,1,6,4,3,4,10,3,8,1,5,8,1,1,18,5
992,2,2,4,7,4,5,8,2,4,0,0,4,3,11,15,14
993,4,5,1,7,6,7,9,11,5,9,3,10,0,2,16,16
994,3,0,1,7,5,0,7,10,6,0,8,4,10,2,11,19
995,1,1,6,4,5,8,5,1,8,11,5,10,1,6,10,16
996,4,2,4,7,7,5,4,7,1,12,13,13,3,11,16,4
997,3,1,6,0,8,0,3,4,6,13,5,8,8,16,8,3
998,4,5,3,4,6,4,9,3,0,7,13,13,13,13,16,4
999,3,2,4,7,4,0,8,10,4,0,8,4,10,2,11,19
1000,3,2,4,7,7,5,4,7,1,12,6,12,8,15,0,12
1001,4,4,3,4,1,4,2,1,8,1,13,13,1,1,16,4
1002,3,5,1,7,6,7,9,10,5,0,8,4,10,2,11,19
1003,1,1,6,4,3,4,6,1,8,1,5,8,1,1,18,5
1004,1,1,6,4,3,2,6,1,8,1,5,8,1,1,18,5
1005,1,1,5,2,3,2,6,9,10,3,2,1,16,17,13,1
1006,1,1,5,4,2,8,5,1,8,1,6,8,8,1,18,12
1007,0,5,2,3,6,9,9,2,0,7,14,4,10,2,11,19
1008,4,5,2,6,6,7,9,11,9,9,3,15,11,8,6,2
1009,0,3,4,7,4,9,8,2,4,5,4,4,2,0,8,19
1010,1,1,6,4,3,2,6,1,10,1,5,8,1,1,10,5
1011,1,1,6,4,3,2,6,1,8,1,5,8,1,1,18,5
1012,3,0,1,0,8,0,3,4,6,13,6,7,8,16,8,12
1013,4,4,3,6,2,6,2,6,2,8,13,13,6,9,16,4
1014,3,0,1,0,5,0,7,8,7,11,12,14,8,16,0,16
1015,1,1,6,0,8,0,3,4,6,13,9,8,8,16,8,3
1016,3,2,1,7,5,0,7,10,6,0,8,4,10,2,11,19
1017,2,2,4,7,7,4,4,7,1,12,13,13,3,11,16,4
1018,2,3,4,5,7,1,4,0,1,12,0,3,3,11,15,14
1019,2,3,3,5,0,4,10,0,12,10,0,11,12,5,15,6
1020,0,5,2,3,4,9,8,2,4,0,8,4,2,0,7,7
1021,3,0,0,0,4,3,8,8,7,2,4,9,5,14,9,8
1022,1,1,2,2,3,2,6,9,10,3,10,1,16,12,13,13
1023,0,5,2,3,4,4,10,3,0,7,14,6,13,13,17,17
1024,0,5,2,3,6,9,1,3,0,7,14,6,13,13,17,10
1025,4,4,3,1,1,8,5,5,11,4,1,0,9,3,5,9
1026,4,4,5,5,0,4,10,3,12,6,11,11,4,5,3,11
1027,3,3,0,0,8,3,8,8,7,13,9,9,5,14,9,8
1028,0,5,2,3,6,9,1,3,0,7,14,6,13,13,17,10
1029,2,3,0,5,8,1,3,4,3,10,0,3,15,16,8,14
1030,1,1,6,4,3,2,6,1,5,11,5,8,1,6,10,16
1031,2,1,6,4,0,4,3,3,0,7,0,8,1,16,8,14
1032,0,3,6,4,0,4,10,3,0,7,14,6,1,13,17,14
1033,4,4,5,6,2,6,2,6,12,6,11,2,4,9,3,1
1034,4,4,3,6,2,6,2,6,11,4,13,13,9,9,16,4
1035,2,3,0,5,8,1,0,0,3,10,9,3,15,7,4,15
1036,3,1,1,4,8,8,5,1,8,1,6,8,8,16,0,12
1037,2,2,4,7,7,5,4,7,1,12,7,12,3,11,15,14
1038,4,4,3,6,1,6,2,5,11,4,13,13,9,10,16,4
1039,0,5,2,3,6,4,9,3,0,7,14,13,13,13,16,4
1040,0,5,2,3,6,7,9,11,5,11,3,10,13,6,10,16
1041,4,4,3,6,6,6,2,11,9,9,13,13,11,9,16,4
1042,3,0,1,2,5,3,7,8,7,2,12,14,5,14,9,8
1043,4,4,3,1,1,8,5,5,11,4,1,0,9,3,5,9
1044,3,2,4,7,7,5,4,10,4,0,8,4,10,2,11,19
1045,1,1,6,4,3,2,6,9,10,3,10,1,16,12,13,13
1046,1,1,6,4,3,0,3,1,0,7,5,8,1,13,10,5
1047,0,5,2,3,6,9,1,11,9,9,3,15,11,8,6,2
1048,3,0,1,2,5,8,7,1,5,11,1,10,0,6,1,16
1049,4,4,3,1,1,8,5,5,11,4,1,11,0,3,5,9
1050,0,3,2,3,4,9,8,2,4,5,4,4,2,0,7,7
1051,3,0,1,2,5,3,7,8,7,2,12,14,5,14,9,3
1052,0,3,2,3,4,9,8,2,4,5,4,9,2,0,7,7
1053,2,2,4,5,0,4,10,3,0,7,0,13,3,11,15,14
1054,0,3,2,3,6,3,1,2,4,2,4,2,11,0,2,18
1055,3,0,1,0,5,0,3,4,6,11,6,7,14,4,12,0
1056,2,2,4,7,7,5,4,7,1,12,6,12,3,11,0,12
1057,4,4,3,1,1,8,5,5,11,4,1,0,9,10,5,9
1058,3,0,1,0,5,0,7,8,7,11,12,7,14,14,9,8
1059,3,3,0,0,8,0,3,4,6,13,9,7,14,4,12,0
1060,4,5,5,6,6,6,2,6,9,9,3,2,11,9,6,2
1061,0,2,4,7,7,3,1,2,4,2,7,4,10,15,2,19
1062,4,4,5,6,2,6,2,6,9,9,3,2,11,9,16,2
1063,4,1,3,4,1,4,10,3,8,1,13,13,1,1,18,4
1064,4,5,3,1,1,7,9,5,5,4,1,0,0,10,1,17
1065,4,2,4,1,7,5,4,10,11,0,8,0,3,10,5,6
1066,0,5,5,6,2,6,2,6,9,9,3,2,11,9,6,2
1067,3,0,1,0,5,0,7,10,6,11,12,14,8,16,8,16
1068,4,4,5,6,2,6,2,6,2,6,13,13,4,9,16,4
1069,3,0,1,2,5,7,7,11,5,11,12,10,0,8,1,8
1070,2,4,5,6,2,6,2,6,2,8,2,2,7,9,2,18
1071,4,4,5,6,2,6,2,6,2,8,2,2,6,9,14,1
1072,3,2,4,7,7,5,4,10,6,0,8,4,3,2,11,17
1073,0,5,2,3,3,2,6,9,10,3,10,1,16,12,13,13
1074,2,2,4,5,0,4,10,0,12,6,0,11,4,11,15,6
1075,1,1,6,4,3,0,3,1,0,1,5,8,14,4,12,0
1076,2,2,4,5,8,5,3,4,8,10,6,12,12,4,15,12
1077,1,1,3,1,1,4,5,5,8,1,1,11,12,1,18,9
1078,4,5,3,1,1,4,10,3,11,4,14,0,9,10,5,17
1079,2,3,0,5,8,1,3,0,3,10,0,3,12,4,15,14
1080,4,4,3,1,1,8,5,5,8,4,6,0,12,3,5,9
1081,3,2,4,7,4,3,4,10,4,0,8,4,10,2,11,19
1082,3,2,4,7,7,5,4,10,4,0,8,4,10,2,11,19
1083,4,0,5,2,2,3,7,8,7,8,2,5,6,17,14,8
1084,3,2,1,0,4,0,3,10,6,0,8,7,14,4,12,0
1085,1,1,6,4,3,4,10,3,0,7,14,11,13,13,17,0
1086,2,2,4,0,8,0,3,4,6,10,6,7,12,4,15,0
1087,0,5,2,2,6,3,1,11,9,2,3,15,11,8,6,2
1088,1,0,1,2,8,3,7,8,7,3,12,14,5,14,13,3
1089,4,4,3,1,1,6,2,5,11,4,13,0,9,10,5,4
1090,4,4,3,6,1,6,2,5,11,4,13,13,9,10,16,4
1091,1,1,6,4,3,2,6,1,10,1,5,8,1,6,10,5
1092,1,1,1,4,3,7,9,1,5,11,5,10,0,6,10,16
1093,2,2,0,0,8,0,3,4,6,10,6,8,8,16,8,12
1094,0,5,6,4,3,4,10,3,0,7,14,6,13,13,17,10
1095,3,5,4,1,6,7,9,10,5,0,8,0,10,2,11,17
1096,4,4,3,1,1,4,10,3,11,4,11,11,9,5,5,11
1097,1,1,6,4,3,2,6,1,8,1,5,8,1,1,10,5
1098,1,1,6,4,8,0,3,4,6,13,9,8,8,16,8,3
1099,4,4,5,6,2,6,2,6,2,8,2,5,6,9,14,1
1100,3,0,1,0,5,3,7,8,7,2,12,14,8,15,0,12
1101,4,2,4,7,7,7,9,10,1,0,13,13,3,2,16,4
1102,4,2,4,7,7,5,4,7,1,12,13,13,3,11,16,4
1103,2,3,0,5,0,1,0,0,3,5,11,9,15,5,4,7
1104,4,4,5,6,2,3,2,8,7,2,7,2,7,15,2,18
1105,4,5,3,6,6,6,1,11,9,9,3,15,11,8,6,2
1106,4,4,5,2,2,8,5,6,2,8,2,5,6,17,14,9
1107,0,5,2,3,6,7,1,11,4,9,3,15,10,8,11,19
1108,4,4,3,1,1,4,10,5,11,4,13,11,9,5,5,9
1109,1,1,6,0,3,0,3,4,10,13,10,7,14,12,12,0
1110,0,5,2,3,6,7,1,11,9,7,3,15,13,8,1,17
1111,2,2,4,7,7,5,4,7,1,12,7,12,7,15,0,6
1112,3,1,1,0,5,0,3,1,6,11,6,7,8,6,12,0
1113,3,0,1,1,5,0,7,10,5,11,1,10,0,6,1,16
1114,0,5,2,3,6,9,1,2,0,7,14,6,13,13,17,10
1115,1,1,6,4,3,2,6,1,10,3,5,8,1,6,10,13
1116,3,0,1,0,8,0,3,4,6,13,9,7,14,4,12,0
1117,4,5,3,4,1,4,9,3,0,7,13,13,1,1,16,4
1118,1,1,6,4,8,0,3,4,6,1,5,8,1,16,8,5
1119,0,2,4,7,7,5,4,10,4,0,8,4,10,2,11,19
1120,3,2,1,0,8,0,3,4,6,13,9,8,8,16,8,3
1121,4,2,3,7,7,5,2,7,1,12,13,13,3,11,16,4
1122,1,1,6,4,3,4,6,1,0,1,5,8,1,1,10,5
1123,3,3,0,0,8,0,3,4,6,13,9,7,14,4,12,0
1124,1,1,6,4,8,0,3,4,6,1,5,8,8,16,8,5
1125,3,5,1,7,6,7,9,10,5,0,8,4,10,2,11,19
1126,0,5,2,6,6,6,1,11,9,9,3,15,11,8,6,2
1127,2,3,0,5,8,1,0,0,3,10,9,3,15,7,4,15
1128,4,4,3,1,1,6,2,5,11,4,13,0,9,10,5,6
1129,4,5,3,7,6,7,9,11,11,9,3,0,10,10,11,17
1130,3,0,1,2,5,0,7,1,5,11,12,10,0,6,1,16
1131,3,0,1,2,5,3,7,8,7,11,12,10,0,14,9,8
1132,1,1,1,4,5,8,9,1,5,11,5,10,1,6,10,16
1133,2,3,0,5,8,1,0,0,3,10,7,3,15,7,4,15
1134,3,2,4,0,8,0,3,4,6,10,6,7,12,4,0,12
1135,4,1,3,1,1,8,5,5,8,11,1,10,0,3,1,9
1136,1,1,6,4,8,2,6,1,8,1,5,8,8,16,10,1
1137,3,2,4,7,7,3,7,10,4,2,7,4,10,2,11,19
1138,3,2,1,7,5,7,9,10,5,11,8,10,0,2,11,16
1139,4,4,5,1,2,8,5,6,2,8,2,5,6,3,14,1
1140,0,5,2,4,3,2,6,9,10,3,10,1,16,12,13,10
1141,2,3,0,5,8,1,0,0,3,10,9,3,15,7,4,15
1142,2,2,5,7,7,3,2,7,7,2,7,14,7,15,2,18
1143,3,0,1,1,5,0,9,1,5,11,1,10,0,6,1,16
1144,2,3,0,5,8,1,0,0,3,10,9,3,15,7,4,15
1145,3,0,1,2,5,3,7,8,7,2,12,14,5,14,9,8
1146,3,2,4,7,5,7,9,10,4,0,8,4,10,2,11,19
1147,1,1,6,4,3,4,6,1,8,1,5,8,1,1,18,5
1148,2,2,4,7,7,5,4,7,1,12,7,12,7,15,2,18
1149,2,3,0,5,0,1,0,0,3,10,0,3,15,7,4,15
1150,1,0,1,2,3,2,6,9,10,3,10,1,16,12,13,13
1151,4,5,1,1,5,7,9,11,5,11,1,10,0,6,1,17
1152,2,2,3,1,1,5,4,5,11,4,6,0,12,3,5,6
1153,4,4,3,1,1,8,5,5,12,6,11,11,12,5,5,9
1154,1,1,6,4,0,4,10,3,8,1,11,11,12,1,18,5
1155,2,2,4,7,7,5,4,7,1,12,13,13,3,11,16,4
1156,4,4,5,2,2,8,2,6,2,8,2,5,6,17,14,1
1157,4,2,3,1,1,7,5,5,11,4,1,0,0,10,5,17
1158,0,5,2,3,4,9,8,3,0,7,14,6,13,13,17,10
1159,2,3,0,5,7,1,0,0,3,2,7,3,7,15,2,18
1160,2,3,0,5,0,1,8,0,3,5,0,9,15,4,15,7
1161,0,2,4,7,4,3,8,2,4,0,8,4,10,2,11,19
1162,2,4,5,5,0,4,10,3,12,6,11,3,4,5,3,11
1163,1,1,6,4,3,2,6,9,10,3,10,1,16,12,13,13
1164,0,5,2,3,0,9,10,3,0,7,14,6,13,13,17,10
1165,2,3,0,5,8,1,0,0,3,10,0,3,15,7,4,15
1166,1,1,6,4,0,4,10,3,8,1,5,8,1,1,18,5
1167,1,4,5,6,2,2,6,6,2,8,2,5,6,17,14,1
1168,3,0,1,2,5,0,7,8,7,11,12,14,5,14,9,8
1169,4,4,5,6,2,8,5,6,2,8,2,5,6,3,14,1
1170,4,4,3,1,1,4,5,5,11,4,13,13,9,3,5,4
1171,0,4,2,5,0,4,10,3,12,6,11,11,4,5,3,11
1172,1,1,6,4,3,2,6,1,8,1,5,8,1,1,10,5
1173,4,4,3,1,1,7,5,5,11,4,1,0,9,10,5,17
1174,4,4,5,6,6,6,1,11,9,9,3,2,11,8,6,2
1175,4,4,5,6,6,6,2,6,9,9,3,2,11,9,6,2
1176,1,1,6,4,3,2,6,1,5,1,5,8,1,6,10,5
1177,2,1,3,4,0,4,10,3,12,6,11,13,4,1,16,14
1178,4,5,3,6,6,7,1,11,9,9,3,15,11,8,6,2
1179,4,4,5,1,2,8,5,6,2,8,2,5,6,3,14,9
1180,4,4,5,1,2,8,5,6,2,8,2,11,6,17,14,9
1181,2,3,4,7,7,3,8,8,4,2,7,9,7,15,2,18
1182,2,3,0,5,4,1,8,2,4,5,4,9,2,0,7,7
1183,2,2,4,7,7,5,4,7,1,12,7,12,7,15,2,6
1184,2,2,4,7,7,5,4,7,1,12,7,12,7,15,2,6
1185,2,3,0,5,0,1,10,0,12,6,0,3,4,5,15,6
1186,2,3,0,5,4,9,8,2,4,5,4,9,2,0,7,7
1187,2,3,4,5,7,5,4,7,1,5,0,12,7,11,15,6
1188,2,2,4,7,7,5,4,7,1,12,7,12,3,11,15,14
1189,1,0,5,2,2,8,0,6,2,8,2,5,6,17,14,1
1190,3,2,4,7,7,5,4,7,1,12,6,12,3,15,0,12
1191,4,4,3,6,1,6,2,6,11,4,13,13,9,9,16,4
1192,2,2,4,7,7,5,4,7,1,12,0,12,3,11,15,14
1193,4,4,3,1,1,7,5,5,11,4,1,0,9,10,5,17
1194,4,4,3,1,1,4,10,3,12,6,11,11,4,5,3,11
1195,2,2,4,7,7,5,4,7,1,12,8,12,3,11,15,6
1196,3,5,1,1,5,7,9,11,5,11,1,10,0,6,1,17
1197,4,4,5,6,2,8,5,6,2,8,2,11,6,17,14,1
1198,4,5,2,2,6,7,1,11,9,9,3,15,11,8,6,2
1199,3,2,4,7,7,5,4,10,4,0,8,4,10,2,11,19
1200,4,4,3,6,1,6,2,5,11,4,13,0,9,10,5,2
1201,0,5,2,3,6,9,1,11,9,7,3,6,13,8,6,10
1202,2,4,5,6,0,6,2,6,12,6,11,2,4,9,3,11
1203,2,3,0,5,4,3,8,2,4,5,4,9,7,0,7,7
1204,0,5,2,3,3,9,6,9,10,3,10,1,16,12,13,13
1205,4,4,3,6,1,6,2,5,11,4,13,0,9,10,5,4
1206,4,4,5,6,2,8,5,6,2,8,2,5,6,17,14,9
1207,0,3,2,3,4,9,8,2,4,5,4,9,2,0,7,7
1208,0,0,1,2,5,3,7,8,7,2,12,14,5,14,9,3
1209,2,3,0,5,7,1,0,0,3,10,6,12,7,7,4,6
1210,1,1,6,4,3,2,6,9,10,3,10,1,16,12,13,13
1211,3,0,1,0,5,3,7,8,7,2,12,14,5,14,9,3
1212,2,3,0,5,8,1,0,0,3,10,9,3,15,7,4,15
1213,2,3,0,5,4,1,8,2,3,5,4,9,2,0,7,3
1214,1,1,6,4,3,2,6,9,10,1,10,1,16,1,13,13
1215,0,5,2,2,6,7,1,11,9,9,3,15,11,8,6,2
1216,3,0,1,2,5,7,9,11,5,11,1,10,0,6,1,16
1217,2,3,0,5,8,1,0,0,3,10,9,3,15,7,4,15
1218,2,3,5,5,0,1,0,0,12,6,11,2,4,7,2,18
1219,4,0,1,2,2,8,5,11,5,11,1,10,0,17,1,9
1220,3,0,0,0,8,3,7,8,7,13,9,14,5,14,9,8
1221,4,4,5,6,2,8,5,6,2,8,2,5,6,17,14,9
1222,0,5,2,3,3,9,1,9,10,3,10,1,16,12,13,13
1223,1,4,5,6,2,2,10,9,12,6,11,11,4,5,3,11
1224,1,1,6,1,1,8,5,1,8,1,6,11,12,3,18,9
1225,3,3,0,0,8,1,8,4,3,13,9,9,14,4,12,0
1226,1,3,0,5,8,1,0,0,3,10,9,9,15,7,4,15
1227,4,4,3,1,1,8,5,5,2,8,1,11,0,17,1,9
1228,2,3,0,5,8,1,0,0,3,10,9,9,5,7,4,15
1229,3,0,1,2,5,3,7,8,7,2,12,14,5,14,9,8
1230,3,2,4,1,7,5,4,4,6,12,6,7,12,4,0,6
1231,4,4,5,6,2,6,2,6,2,8,7,2,7,15,2,18
1232,1,3,0,5,0,1,0,0,3,10,11,11,15,7,4,15
1233,3,0,1,2,5,3,7,8,7,2,12,14,5,14,9,8
1234,3,0,1,0,5,3,7,8,7,2,12,14,5,14,9,8
1235,4,0,5,2,2,3,1,8,7,8,2,14,5,17,9,8
1236,4,4,3,1,1,8,5,5,2,8,1,11,0,17,1,9
1237,2,3,4,5,0,1,4,0,1,10,0,3,3,11,15,14
1238,0,3,2,3,4,9,8,2,4,5,4,9,2,0,7,7
1239,0,3,2,3,4,9,8,2,0,5,4,9,2,0,7,7
1240,0,5,2,3,4,9,8,2,4,5,4,9,2,0,7,7
1241,2,3,0,5,8,1,0,0,3,10,9,3,15,7,4,15
1242,2,3,0,5,7,3,0,8,7,2,7,9,7,15,2,18
1243,1,3,0,0,8,1,0,9,10,3,10,9,5,12,13,13
1244,0,5,2,3,3,9,10,3,0,7,14,6,13,13,17,10
1245,0,3,0,3,4,9,8,9,10,3,10,9,16,12,13,13
1246,3,0,4,7,6,3,1,10,4,2,8,4,10,2,11,19
1247,2,2,4,7,7,5,4,7,1,12,7,0,7,11,2,6
1248,0,5,2,3,4,9,10,3,0,7,14,6,13,13,17,10
1249,0,1,6,3,4,4,3,3,0,7,14,6,14,13,17,0
1250,0,3,2,3,4,9,8,2,4,5,4,9,2,0,7,7
1251,3,2,4,7,7,5,4,10,6,0,8,7,14,4,12,0
1252,3,0,0,0,8,3,7,8,7,13,9,7,5,4,12,0
1253,3,2,1,7,5,7,9,10,5,11,8,10,0,2,11,16
1254,1,1,6,4,8,0,3,4,8,1,6,8,12,1,18,5
1255,0,3,2,3,4,9,8,2,4,3,4,9,2,0,7,7
1256,4,4,5,6,2,6,2,6,2,6,11,2,4,9,3,1
1257,1,1,3,4,1,4,10,3,8,1,13,13,1,1,18,5
1258,4,4,5,6,0,4,2,6,12,6,13,13,4,9,16,4
1259,0,3,0,3,4,9,8,2,4,5,4,9,2,0,7,7
1260,3,3,0,0,8,3,8,8,7,13,9,9,5,14,9,3
1261,3,3,0,0,8,1,0,8,3,13,9,9,5,14,4,15
1262,1,1,6,2,3,2,6,9,10,3,10,1,16,12,13,13
1263,3,0,1,0,5,3,7,8,7,2,12,14,5,14,9,8
1264,2,2,4,5,0,5,4,3,1,5,0,4,3,11,15,14
1265,0,3,2,3,4,9,8,2,4,5,4,6,2,0,7,7
1266,2,2,4,5,7,5,4,7,1,12,0,12,3,11,15,6
1267,3,2,4,7,7,5,4,10,6,0,8,4,14,2,11,0
1268,3,3,0,0,8,0,3,4,6,13,9,7,8,16,8,3
1269,1,1,6,4,3,2,6,1,8,1,11,8,1,1,18,5
1270,3,0,1,1,5,8,5,5,5,11,1,10,0,6,1,16
1271,3,0,1,0,5,3,7,8,7,13,12,14,5,14,9,8
1272,1,1,6,1,8,0,3,4,8,1,6,11,12,4,18,0
1273,1,3,0,5,8,1,0,0,3,10,9,3,15,7,4,15
1274,3,3,0,0,8,1,0,8,3,13,9,9,5,14,4,15
1275,1,4,5,2,2,8,5,6,2,8,2,5,6,17,14,1
1276,0,5,2,3,4,9,8,2,4,0,8,4,10,2,11,19
1277,2,2,4,7,7,5,4,7,1,12,7,12,3,15,0,12
1278,0,5,2,3,6,4,10,3,0,7,14,6,13,13,17,10
1279,1,1,6,0,3,0,3,1,10,13,10,7,14,6,12,0
1280,4,4,3,1,1,8,5,5,11,4,1,0,9,3,5,9
1281,3,0,1,2,5,0,7,9,10,11,10,10,0,6,12,13
1282,3,0,1,0,5,0,7,4,6,13,12,7,14,14,12,0
1283,0,3,0,3,4,9,8,2,4,5,4,9,2,0,7,7
1284,2,2,4,7,4,5,8,2,4,5,0,4,2,11,15,14
1285,2,3,0,5,0,1,0,0,3,10,9,3,15,7,4,15
1286,1,1,6,4,3,2,6,3,0,7,14,6,1,13,17,5
1287,3,3,0,0,8,0,3,4,6,13,8,7,8,16,8,3
1288,1,1,6,1,1,8,5,5,8,1,6,11,12,3,18,9
1289,4,5,3,1,1,4,9,3,11,4,13,13,9,10,16,4
1290,3,0,1,7,5,3,7,10,5,0,8,4,10,2,11,19
1291,3,2,0,0,8,0,0,4,6,10,6,7,12,4,0,12
1292,3,2,4,0,4,0,3,4,6,0,8,7,14,4,12,0
1293,0,2,4,3,4,9,8,10,4,0,8,4,14,4,12,0
1294,2,3,4,5,4,5,8,2,4,5,4,9,2,0,7,7
1295,3,0,5,1,2,8,5,8,7,8,6,5,7,3,0,8
1296,1,1,6,4,3,2,6,9,8,6,11,11,12,5,18,11
1297,2,3,0,5,0,1,0,0,3,10,0,3,15,7,4,15
1298,4,4,5,6,2,8,2,6,2,8,2,5,6,17,0,1
1299,4,4,3,5,0,4,10,3,12,6,11,11,4,5,3,11
1300,2,2,4,5,7,5,4,7,1,12,7,12,7,11,15,6
1301,3,2,4,7,4,3,8,10,4,0,8,4,10,2,11,19
1302,0,5,2,3,4,9,8,2,4,5,4,9,2,0,7,7
1303,2,3,0,5,4,1,8,2,4,5,4,9,2,0,7,7
1304,1,4,5,1,2,8,5,6,2,8,2,5,6,17,14,9
1305,2,3,5,5,0,1,0,0,3,6,11,3,4,7,4,15
1306,0,5,2,3,6,9,1,3,0,7,14,6,13,13,17,10
1307,0,5,2,3,6,7,1,11,9,9,3,15,11,8,6,2
1308,0,5,2,3,0,9,10,3,12,6,11,11,4,5,3,11
1309,1,3,0,5,8,1,0,0,3,10,9,9,15,7,4,15
1310,3,1,0,0,8,0,3,4,6,10,6,7,12,4,12,0
1311,4,4,3,1,1,8,5,5,11,4,1,0,9,10,5,9
1312,4,0,1,2,6,7,1,11,9,9,3,15,0,8,1,8
1313,2,4,5,5,2,8,0,0,3,10,11,11,12,17,4,15
1314,0,3,2,3,4,9,8,2,4,5,4,9,2,0,7,7
1315,0,1,6,3,3,9,8,9,0,7,14,6,13,13,17,13
1316,4,4,5,6,2,8,5,6,2,6,11,11,4,5,3,11
1317,1,1,6,5,0,4,10,3,12,6,11,11,12,5,3,11
1318,4,4,5,6,2,6,10,6,12,6,11,11,4,5,3,11
1319,0,5,2,6,6,7,1,11,9,9,3,15,11,8,6,2
1320,4,5,4,7,6,7,9,11,9,9,13,13,10,2,16,4
1321,2,2,4,7,7,5,4,7,1,12,7,12,7,15,0,12
1322,1,1,6,4,3,2,6,1,10,1,5,8,1,1,10,5
1323,4,4,5,2,2,8,5,11,2,8,1,5,0,17,1,9
1324,4,5,3,1,6,7,9,11,5,9,3,15,0,8,1,17
1325,1,3,0,0,8,1,3,4,3,13,9,9,14,4,12,0
1326,0,3,2,3,4,9,8,2,4,5,4,9,2,0,7,7
1327,2,3,0,5,8,1,0,0,3,10,9,3,15,7,4,15
1328,1,4,3,4,0,4,10,3,12,6,11,11,4,5,3,11
1329,0,5,2,7,6,7,9,11,9,9,3,15,10,8,11,19
1330,1,1,6,4,8,2,6,1,8,1,5,8,12,1,18,5
1331,3,0,1,2,5,8,5,8,5,11,1,10,0,6,1,8
1332,1,1,6,4,3,2,5,9,8,1,10,11,12,1,18,9
1333,4,4,3,1,1,8,5,5,8,8,1,5,0,3,1,9
1334,1,1,6,1,8,8,5,1,8,1,6,11,12,3,18,9
1335,1,1,6,4,0,4,10,3,12,6,11,11,4,5,3,11
1336,2,2,4,7,7,5,2,7,1,12,7,12,7,15,2,18
1337,3,2,4,7,7,3,7,10,7,0,8,4,10,2,11,19
1338,0,5,2,3,6,7,9,11,9,7,14,15,13,8,17,17
1339,2,3,0,5,4,1,8,2,3,5,4,9,2,4,7,7
1340,3,0,1,0,5,3,7,8,7,2,12,14,8,14,9,8
1341,2,2,4,7,7,5,4,7,1,12,8,12,3,11,15,6
1342,1,1,6,2,2,2,6,9,10,3,10,11,16,17,13,13
1343,2,2,4,5,7,1,0,7,1,12,7,12,7,15,2,18
1344,3,0,1,7,5,3,7,8,7,2,12,14,10,2,9,8
1345,1,1,6,2,3,2,6,1,10,11,10,10,0,6,1,16
1346,2,2,4,7,7,5,4,7,1,12,7,12,3,11,15,6
1347,1,0,1,2,5,2,6,9,10,3,10,1,16,12,13,13
1348,4,5,3,1,1,7,9,5,5,11,1,10,0,6,1,17
1349,3,0,0,0,8,3,7,8,7,13,9,14,5,14,9,8
1350,4,4,3,1,1,4,10,5,11,4,13,0,9,10,5,6
1351,1,1,6,2,3,2,6,9,10,3,10,1,16,12,13,13
1352,3,0,1,0,5,0,7,4,6,13,12,7,14,6,12,0
1353,1,1,6,5,8,4,5,0,8,10,6,11,12,4,18,9
1354,0,2,4,7,7,3,1,2,4,2,7,4,10,15,2,19
1355,3,2,3,1,1,7,9,5,5,11,1,0,0,10,1,17
1356,2,3,0,5,0,1,0,0,3,5,9,9,15,7,4,15
1357,1,1,3,1,1,8,5,5,8,1,6,11,12,3,18,9
1358,4,4,3,1,1,8,5,5,8,4,1,0,12,3,5,9
1359,4,5,3,1,1,4,9,5,11,4,1,0,9,10,5,17
1360,1,0,5,2,2,3,7,8,7,8,2,14,6,17,14,1
1361,1,3,0,5,0,2,6,9,10,3,10,1,16,12,13,13
1362,3,0,1,2,5,3,7,8,7,2,12,14,5,14,9,8
1363,2,3,4,5,4,5,8,2,4,5,0,9,2,11,15,7
1364,1,3,0,5,8,1,0,0,3,10,6,11,12,7,4,15
1365,0,3,0,3,4,9,8,2,4,5,4,9,2,0,7,7
1366,2,3,0,5,0,1,0,0,3,10,0,3,15,7,15,14
1367,2,3,0,5,0,1,0,0,3,10,9,3,15,7,4,15
1368,3,0,1,1,5,7,9,10,5,11,8,10,0,6,1,17
1369,3,0,1,2,5,8,5,8,5,11,1,10,0,6,1,8
1370,4,4,5,1,2,8,5,6,2,8,2,5,6,3,14,9
1371,0,3,0,5,4,9,8,2,3,5,4,9,2,0,7,7
1372,2,3,0,5,4,1,8,2,4,5,4,9,2,0,7,7
1373,2,3,0,5,7,1,0,0,3,10,7,3,7,7,4,6
1374,1,1,1,4,5,7,9,1,5,11,5,10,0,6,10,16
1375,3,2,4,0,4,0,3,10,6,0,8,7,14,4,12,0
1376,3,1,3,1,1,0,3,10,6,11,1,7,14,4,12,0
1377,4,4,5,6,2,8,5,6,2,8,2,5,6,17,14,9
1378,4,0,1,2,6,7,1,11,5,9,1,10,0,8,1,8
1379,2,3,0,5,4,1,8,0,3,5,0,9,15,7,4,7
1380,3,0,1,2,5,3,7,8,7,2,12,14,5,14,9,8
1381,3,0,1,0,5,0,3,4,6,13,8,7,14,4,12,0
1382,3,0,1,2,5,3,7,8,5,11,12,10,0,6,1,8
1383,3,2,1,0,8,0,3,4,6,13,6,7,14,4,12,0
1384,3,2,1,1,5,7,9,10,5,0,8,4,0,2,11,17
1385,3,0,1,0,5,8,7,8,7,8,6,12,7,15,0,8
1386,2,3,2,5,0,4,10,3,12,6,11,11,4,5,3,11
1387,4,4,3,5,0,4,10,3,12,6,11,11,4,5,3,11
1388,0,5,2,3,6,7,9,3,0,7,14,6,13,13,17,17
1389,1,1,6,4,8,2,6,9,10,3,10,1,16,12,13,13
1390,1,1,6,4,3,2,6,1,8,1,5,11,12,1,18,5
1391,2,3,0,5,8,1,0,0,3,10,9,3,15,7,4,15
1392,0,5,2,6,6,6,1,11,9,9,3,15,11,8,6,2
1393,4,4,5,6,2,6,2,6,12,6,11,2,4,9,3,11
1394,3,0,1,2,5,3,7,8,5,11,12,10,0,6,1,16
1395,4,0,1,2,5,8,7,8,5,8,2,10,0,17,14,8
1396,3,2,1,7,5,3,7,10,7,2,12,14,8,2,8,19
1397,4,0,5,2,2,8,2,6,2,8,2,5,6,17,14,1
1398,3,0,0,2,8,3,7,8,7,2,12,14,5,14,9,8
1399,1,0,1,2,5,2,6,9,10,3,10,1,16,12,13,13
1400,3,0,1,2,5,3,7,8,7,2,12,14,5,14,9,8
1401,0,5,2,3,1,4,10,3,0,7,14,6,13,13,17,17
1402,0,5,2,6,6,6,1,11,9,9,3,15,11,8,6,2
1403,0,5,2,3,6,3,1,2,4,2,3,15,10,8,6,19
1404,0,3,2,3,0,4,10,3,0,7,14,6,4,13,17,14
1405,1,1,6,0,8,0,3,4,8,10,6,7,12,4,18,12
1406,4,4,3,4,1,4,10,3,8,1,13,13,1,1,16,4
1407,1,4,5,6,2,2,10,6,12,6,11,11,4,5,3,11
1408,0,5,2,3,6,7,9,11,5,9,3,15,13,8,1,17
1409,0,3,0,5,4,9,8,2,4,5,4,9,2,0,7,7
1410,1,1,6,4,8,8,0,4,8,10,6,8,12,16,0,12
1411,0,3,2,3,4,9,8,3,0,7,14,6,2,13,17,10
1412,1,1,6,3,3,2,6,9,10,3,10,1,16,12,13,13
1413,1,1,6,4,3,2,6,1,0,1,5,8,1,1,10,5
1414,4,4,3,6,1,4,10,3,12,6,13,13,4,1,16,4
1415,3,0,1,1,5,7,9,5,5,11,1,10,0,6,1,16
1416,4,4,3,1,1,8,5,5,11,4,1,0,12,3,5,9
1417,4,5,2,6,6,6,1,11,9,9,3,15,11,8,6,2
1418,2,2,4,7,7,5,4,7,1,12,7,12,7,15,2,18
1419,4,4,5,6,2,6,2,6,2,9,13,2,11,9,16,2
1420,0,3,0,0,4,9,8,9,10,13,10,9,5,12,13,13
1421,1,1,6,2,3,2,6,9,10,3,10,1,16,6,10,16
1422,4,2,3,1,1,5,4,5,11,4,1,0,9,10,5,6
1423,2,2,4,7,7,5,4,7,1,12,7,12,3,11,15,14
1424,3,1,1,4,5,0,9,1,5,11,5,8,8,16,10,16
1425,4,4,3,6,1,6,2,5,11,4,13,13,9,9,16,4
1426,3,0,1,0,5,0,7,1,6,11,12,10,8,6,10,16
1427,0,5,2,3,0,4,10,3,0,7,14,6,13,13,17,10
1428,1,1,6,4,3,0,6,1,5,11,5,10,0,6,10,16
1429,1,0,5,2,5,3,7,8,7,3,12,14,5,17,13,1
1430,4,4,5,6,2,6,2,6,2,9,13,2,11,9,16,2
1431,4,4,3,1,1,4,9,5,11,4,13,0,9,10,5,17
1432,1,1,6,2,3,2,6,9,10,3,10,1,16,12,13,13
1433,4,2,3,1,1,5,4,5,11,4,1,0,9,10,5,6
1434,0,5,2,3,6,7,9,11,0,7,14,6,13,13,17,17
1435,4,2,3,1,1,5,4,5,11,4,13,0,9,10,5,6
1436,4,4,5,2,2,8,5,6,2,8,2,5,6,17,14,1
1437,2,3,0,5,0,1,0,0,3,10,0,3,15,7,4,15
1438,1,1,6,4,3,4,6,1,8,1,5,8,1,1,10,5
1439,0,5,2,3,3,7,9,3,0,7,14,6,13,13,17,10
1440,3,0,1,0,5,0,7,10,6,0,8,7,14,2,11,0
1441,3,1,6,0,8,0,3,4,6,13,9,7,14,4,12,0
1442,3,0,1,2,5,3,7,8,7,2,12,14,5,14,9,8
1443,0,5,2,3,4,9,8,2,0,7,14,6,2,13,17,10
1444,0,5,2,3,4,9,8,3,0,7,14,6,13,13,17,10
1445,1,1,6,4,8,0,3,1,8,1,5,8,1,1,18,5
1446,1,1,6,4,8,0,3,1,8,1,6,8,12,1,18,5
1447,3,0,1,0,8,0,7,4,6,13,12,14,8,16,8,3
1448,3,0,1,0,5,0,3,1,6,13,5,7,8,16,8,3
1449,1,1,6,4,3,2,6,1,0,1,5,8,1,6,10,5
1450,1,1,6,4,8,2,6,9,10,3,9,1,16,12,13,3
1451,2,3,4,0,4,0,3,4,6,0,8,7,14,16,8,14
1452,2,2,4,5,7,5,4,7,1,12,6,12,7,11,15,6
1453,2,2,4,5,0,4,10,3,0,7,0,13,3,11,15,14
1454,0,5,2,3,4,3,8,2,4,2,4,4,10,0,7,19
1455,0,3,2,3,4,9,8,2,4,5,4,9,2,0,7,7
1456,0,5,2,3,4,9,8,2,0,7,14,6,2,13,17,10
1457,1,1,6,4,8,0,3,4,6,1,5,8,8,16,8,5
1458,1,1,6,4,3,2,6,1,8,1,5,8,1,1,18,5
1459,0,5,2,6,0,4,10,3,12,6,11,2,4,9,3,11
1460,1,1,6,4,3,0,3,1,0,7,5,8,1,16,8,5
1461,3,0,1,1,5,7,9,10,5,11,8,10,0,2,1,17
1462,0,5,2,3,6,7,9,3,0,7,14,6,13,13,17,17
1463,2,3,0,5,8,1,0,0,3,10,9,3,15,7,4,15
1464,2,2,4,0,8,0,3,4,6,10,6,12,8,16,0,12
1465,3,0,1,4,5,7,9,1,5,11,5,10,0,6,10,16
1466,1,1,6,4,3,2,6,1,10,1,5,8,1,6,10,5
1467,0,5,2,3,6,7,9,11,5,9,3,15,0,8,1,17
1468,4,4,3,5,0,4,10,3,12,6,11,11,4,5,3,11
1469,1,1,6,4,3,2,6,9,10,3,10,1,16,12,13,13
1470,4,4,3,1,1,4,10,5,11,4,13,0,9,10,5,6
1471,4,0,1,2,5,7,9,11,5,11,3,10,0,6,1,16
1472,1,0,5,2,2,8,6,6,2,8,2,5,6,17,14,1
1473,3,0,1,2,5,0,7,1,5,11,5,10,0,6,10,16
1474,4,4,3,6,1,6,2,5,11,4,13,13,9,9,16,4
1475,1,1,6,2,3,2,6,9,10,3,10,1,16,12,13,13
1476,2,2,4,5,7,1,0,7,1,12,7,12,7,15,2,18
1477,3,0,1,2,5,3,7,8,7,2,12,14,11,8,9,8
1478,1,3,0,0,8,2,0,9,10,13,9,1,5,12,13,3
1479,2,0,4,7,7,3,0,8,7,2,7,14,7,15,2,18
1480,1,1,6,4,1,8,5,9,8,1,11,11,12,1,18,9
1481,0,5,5,6,6,6,1,11,9,9,3,2,11,8,6,2
1482,1,3,0,5,8,1,0,0,3,10,9,3,15,7,4,15
1483,0,5,2,3,6,7,9,11,0,7,14,6,13,13,17,10
1484,2,3,0,5,0,1,0,0,12,6,0,3,15,7,3,14
1485,2,3,0,5,8,1,0,0,3,10,9,3,15,7,4,15
1486,3,0,4,7,7,3,7,8,7,2,7,14,7,15,2,18
1487,1,1,6,2,3,2,6,9,10,3,10,1,16,12,13,13
1488,1,0,6,2,3,2,6,9,10,3,10,1,16,12,13,13
1489,4,4,3,6,1,4,2,3,11,6,13,13,9,9,16,4
1490,0,5,2,3,4,9,8,2,4,2,4,15,2,0,7,19
1491,0,5,1,2,6,7,9,11,5,11,3,10,0,6,1,16
1492,0,5,2,3,6,9,1,2,9,9,3,15,11,8,6,2
1493,4,4,5,6,2,6,2,6,2,9,3,2,11,9,6,2
1494,0,3,0,7,4,3,8,2,4,2,4,14,5,0,7,3
1495,2,3,0,5,8,1,0,0,3,10,9,3,15,7,4,15
1496,2,3,5,5,0,1,0,0,12,6,11,3,4,7,3,15
1497,2,4,5,6,7,6,2,7,1,12,7,2,7,15,2,18
1498,4,5,3,3,6,7,9,11,5,7,13,13,13,10,16,17
1499,3,0,1,2,5,7,9,11,5,11,12,10,0,6,1,16
1500,3,2,4,1,7,5,4,10,1,0,8,0,3,2,5,6
1501,2,0,0,7,7,3,0,8,7,2,7,14,7,15,2,18
1502,4,4,5,6,2,8,2,6,2,8,2,5,6,3,14,1
1503,4,4,5,6,2,8,2,6,2,8,2,5,6,17,14,1
1504,3,0,1,2,5,3,7,8,7,2,12,14,5,14,9,8
1505,0,5,2,3,4,9,8,3,0,7,14,6,13,13,17,10
1506,1,3,0,0,8,1,3,4,3,10,9,7,12,4,12,0
1507,3,0,1,1,5,8,5,8,5,11,1,10,0,3,1,8
1508,0,5,2,3,6,9,1,11,9,9,3,15,11,8,6,2
1509,0,5,2,3,0,9,10,3,12,6,11,6,4,5,3,11
1510,2,3,0,0,4,3,8,2,4,5,4,9,2,0,7,7
1511,0,1,6,4,3,4,3,3,0,7,14,6,1,13,17,10
1512,4,5,3,1,1,7,9,5,11,4,1,0,9,10,5,17
1513,1,1,6,5,0,4,10,0,8,10,11,11,12,5,18,15
1514,2,3,0,5,0,1,0,0,3,5,0,3,15,7,4,15
1515,2,3,0,5,4,1,8,2,3,5,4,9,2,0,7,7
1516,0,5,2,2,6,7,1,11,9,9,3,15,11,8,6,8
1517,0,3,2,3,4,9,8,2,4,5,4,4,2,0,7,7
1518,4,0,1,2,5,8,5,1,5,11,1,10,0,6,1,16
1519,2,3,0,0,8,1,0,4,3,13,9,9,15,7,4,3
1520,4,4,3,1,1,7,9,5,11,4,13,0,9,10,5,17
1521,0,5,2,2,6,7,1,11,9,9,3,15,11,8,6,2
1522,0,3,0,2,4,3,8,8,7,5,4,9,5,14,7,7
1523,0,3,0,5,4,1,8,2,3,5,4,9,2,0,7,7
1524,0,5,2,3,4,9,8,2,4,5,4,9,2,0,7,7
1525,3,3,0,0,8,0,3,4,6,13,6,7,14,4,12,0
1526,3,0,1,0,5,0,3,4,6,13,8,7,14,4,12,0
1527,0,2,4,3,4,9,8,2,4,0,8,4,2,0,7,7
1528,1,1,6,0,8,0,3,4,8,13,9,7,12,4,12,0
1529,1,0,5,2,2,8,5,8,7,8,10,11,5,17,14,8
1530,1,0,6,2,3,2,6,9,10,3,10,1,16,12,13,13
1531,3,1,6,0,8,0,3,4,6,13,9,7,14,4,12,0
1532,3,0,1,1,5,8,7,8,7,11,6,7,0,3,0,8
1533,3,3,0,0,4,0,8,2,4,5,4,9,14,4,12,0
1534,0,3,2,5,4,9,8,2,12,5,4,9,2,0,7,7
1535,0,5,2,3,6,9,1,11,9,9,3,15,13,8,6,2
1536,1,1,6,2,3,2,6,9,10,3,10,1,16,12,13,13
1537,1,1,6,4,3,4,3,1,8,1,5,11,1,1,18,5
